715,0,881,256,147,92,1,0,-1,-1
715,2,1081,550,85,169,1,0,-1,-1
716,0,881,256,147,92,1,0,-1,-1
716,2,1082,551,85,169,1,0,-1,-1
717,0,881,257,147,92,1,0,-1,-1
717,2,1082,553,85,169,1,0,-1,-1
718,0,880,258,147,92,1,0,-1,-1
718,2,1080,552,89,177,1,0,-1,-1
719,0,880,259,147,92,1,0,-1,-1
719,2,1080,552,89,177,1,0,-1,-1
720,0,884,263,140,88,1,0,-1,-1
720,2,1080,553,89,177,1,0,-1,-1
721,0,882,264,140,88,1,0,-1,-1
721,2,1079,555,89,177,1,0,-1,-1
722,0,883,263,140,88,1,0,-1,-1
722,2,1080,555,89,177,1,0,-1,-1
723,0,882,263,140,88,1,0,-1,-1
723,2,1079,557,89,177,1,0,-1,-1
724,0,882,263,140,88,1,0,-1,-1
724,2,1079,556,89,177,1,0,-1,-1
725,0,883,263,140,88,1,0,-1,-1
725,2,1079,559,89,177,1,0,-1,-1
726,0,883,264,140,88,1,0,-1,-1
726,2,1080,560,89,177,1,0,-1,-1
727,0,882,264,140,88,1,0,-1,-1
727,2,1080,560,89,177,1,0,-1,-1
728,0,882,265,140,88,1,0,-1,-1
728,2,1081,561,89,177,1,0,-1,-1
729,0,882,265,140,88,1,0,-1,-1
729,2,1080,562,89,177,1,0,-1,-1
730,0,882,264,140,88,1,0,-1,-1
730,2,1080,563,89,177,1,0,-1,-1
731,0,883,264,140,88,1,0,-1,-1
731,2,1080,564,89,177,1,0,-1,-1
732,0,883,265,140,88,1,0,-1,-1
732,2,1080,566,89,177,1,0,-1,-1
733,0,882,265,140,88,1,0,-1,-1
733,2,1079,566,89,177,1,0,-1,-1
734,0,882,265,140,88,1,0,-1,-1
734,2,1079,567,89,177,1,0,-1,-1
735,0,882,265,140,88,1,0,-1,-1
735,2,1079,569,89,177,1,0,-1,-1
736,0,883,266,140,88,1,0,-1,-1
736,2,1080,569,89,177,1,0,-1,-1
737,0,883,266,140,88,1,0,-1,-1
737,2,1080,571,89,177,1,0,-1,-1
738,0,882,266,140,88,1,0,-1,-1
738,2,1080,572,89,177,1,0,-1,-1
739,0,882,265,140,88,1,0,-1,-1
739,2,1079,573,89,177,1,0,-1,-1
740,0,882,266,140,88,1,0,-1,-1
740,2,1079,572,89,177,1,0,-1,-1
741,0,880,262,147,92,1,0,-1,-1
741,2,1079,575,89,177,1,0,-1,-1
742,0,880,263,147,92,1,0,-1,-1
742,2,1080,574,89,177,1,0,-1,-1
743,0,879,264,147,92,1,0,-1,-1
743,2,1081,575,89,177,1,0,-1,-1
744,0,880,263,147,92,1,0,-1,-1
744,2,1081,575,89,177,1,0,-1,-1
745,0,879,264,147,92,1,0,-1,-1
745,2,1080,578,89,177,1,0,-1,-1
746,0,880,263,147,92,1,0,-1,-1
746,2,1080,577,89,177,1,0,-1,-1
747,0,880,264,147,92,1,0,-1,-1
747,2,1079,580,89,177,1,0,-1,-1
748,0,879,265,147,92,1,0,-1,-1
748,2,1080,581,89,177,1,0,-1,-1
749,0,880,265,147,92,1,0,-1,-1
749,2,1080,581,89,177,1,0,-1,-1
750,0,879,264,147,92,1,0,-1,-1
750,2,1080,582,89,177,1,0,-1,-1
751,0,879,265,147,92,1,0,-1,-1
751,2,1080,583,89,177,1,0,-1,-1
752,0,879,265,147,92,1,0,-1,-1
752,2,1080,582,89,177,1,0,-1,-1
753,0,880,265,147,92,1,0,-1,-1
753,2,1080,585,89,177,1,0,-1,-1
754,0,880,264,147,92,1,0,-1,-1
754,2,1080,586,89,177,1,0,-1,-1
755,0,876,261,154,97,1,0,-1,-1
755,2,1080,585,89,177,1,0,-1,-1
756,0,875,261,154,97,1,0,-1,-1
756,2,1081,585,89,177,1,0,-1,-1
757,0,877,260,154,97,1,0,-1,-1
757,2,1081,585,89,177,1,0,-1,-1
758,0,879,264,147,92,1,0,-1,-1
758,2,1080,586,89,177,1,0,-1,-1
759,0,878,265,147,92,1,0,-1,-1
759,2,1079,585,89,177,1,0,-1,-1
760,0,878,265,147,92,1,0,-1,-1
760,2,1080,587,89,177,1,0,-1,-1
761,0,881,267,140,88,1,0,-1,-1
761,2,1080,587,89,177,1,0,-1,-1
762,0,882,267,140,88,1,0,-1,-1
762,2,1080,587,89,177,1,0,-1,-1
763,0,881,268,140,88,1,0,-1,-1
763,2,1080,588,89,177,1,0,-1,-1
764,0,881,267,140,88,1,0,-1,-1
764,2,1079,588,89,177,1,0,-1,-1
765,0,882,266,140,88,1,0,-1,-1
765,2,1079,588,89,177,1,0,-1,-1
766,0,882,267,140,88,1,0,-1,-1
766,2,1078,588,89,177,1,0,-1,-1
767,0,881,266,140,88,1,0,-1,-1
767,2,1079,588,89,177,1,0,-1,-1
768,0,882,266,140,88,1,0,-1,-1
768,2,1077,588,89,177,1,0,-1,-1
769,0,881,265,140,88,1,0,-1,-1
769,2,1078,587,89,177,1,0,-1,-1
770,0,881,265,140,88,1,0,-1,-1
770,2,1078,587,89,177,1,0,-1,-1
771,0,881,266,140,88,1,0,-1,-1
771,2,1076,587,89,177,1,0,-1,-1
772,0,878,262,147,92,1,0,-1,-1
772,2,1077,588,89,177,1,0,-1,-1
773,0,878,262,147,92,1,0,-1,-1
773,2,1076,588,89,177,1,0,-1,-1
774,0,877,262,147,92,1,0,-1,-1
774,2,1076,586,89,177,1,0,-1,-1
775,0,878,261,147,92,1,0,-1,-1
775,2,1075,586,89,177,1,0,-1,-1
776,0,877,261,147,92,1,0,-1,-1
776,2,1074,586,89,177,1,0,-1,-1
777,0,877,260,147,92,1,0,-1,-1
777,2,1074,586,89,177,1,0,-1,-1
778,0,877,261,147,92,1,0,-1,-1
778,2,1073,584,89,177,1,0,-1,-1
779,0,878,261,147,92,1,0,-1,-1
779,2,1074,584,89,177,1,0,-1,-1
780,0,878,259,147,92,1,0,-1,-1
780,2,1072,584,89,177,1,0,-1,-1
781,0,877,259,147,92,1,0,-1,-1
781,2,1071,582,89,177,1,0,-1,-1
782,0,877,259,147,92,1,0,-1,-1
782,2,1071,583,89,177,1,0,-1,-1
783,0,878,258,147,92,1,0,-1,-1
783,2,1072,582,89,177,1,0,-1,-1
784,0,878,259,147,92,1,0,-1,-1
784,2,1070,581,89,177,1,0,-1,-1
785,0,877,258,147,92,1,0,-1,-1
785,2,1070,580,89,177,1,0,-1,-1
786,0,877,256,147,92,1,0,-1,-1
786,2,1070,579,89,177,1,0,-1,-1
787,0,877,256,147,92,1,0,-1,-1
787,2,1070,579,89,177,1,0,-1,-1
788,0,877,256,147,92,1,0,-1,-1
788,2,1068,577,89,177,1,0,-1,-1
789,0,876,256,147,92,1,0,-1,-1
789,2,1067,575,89,177,1,0,-1,-1
790,0,876,255,147,92,1,0,-1,-1
790,2,1067,574,89,177,1,0,-1,-1
791,0,876,254,147,92,1,0,-1,-1
791,2,1067,574,89,177,1,0,-1,-1
792,0,877,254,147,92,1,0,-1,-1
792,2,1066,572,89,177,1,0,-1,-1
793,0,876,253,147,92,1,0,-1,-1
793,2,1066,570,89,177,1,0,-1,-1
794,0,876,254,147,92,1,0,-1,-1
794,2,1064,569,89,177,1,0,-1,-1
795,0,875,252,147,92,1,0,-1,-1
795,2,1064,568,89,177,1,0,-1,-1
796,0,876,251,147,92,1,0,-1,-1
796,2,1062,565,89,177,1,0,-1,-1
797,0,876,251,147,92,1,0,-1,-1
797,2,1062,565,89,177,1,0,-1,-1
798,0,875,250,147,92,1,0,-1,-1
798,2,1061,563,89,177,1,0,-1,-1
799,0,875,250,147,92,1,0,-1,-1
799,2,1061,561,89,177,1,0,-1,-1
800,0,875,249,147,92,1,0,-1,-1
800,2,1060,560,89,177,1,0,-1,-1
801,0,875,248,147,92,1,0,-1,-1
801,2,1059,559,89,177,1,0,-1,-1
802,0,876,248,147,92,1,0,-1,-1
802,2,1058,559,89,177,1,0,-1,-1
803,0,874,248,147,92,1,0,-1,-1
803,2,1058,559,89,177,1,0,-1,-1
804,0,875,248,147,92,1,0,-1,-1
804,2,1058,556,89,177,1,0,-1,-1
805,0,874,247,147,92,1,0,-1,-1
805,2,1056,554,89,177,1,0,-1,-1
806,0,875,246,147,92,1,0,-1,-1
806,2,1058,557,85,169,1,0,-1,-1
807,0,875,244,147,92,1,0,-1,-1
807,2,1058,555,85,169,1,0,-1,-1
808,0,875,245,147,92,1,0,-1,-1
808,2,1056,554,85,169,1,0,-1,-1
809,0,875,245,147,92,1,0,-1,-1
809,2,1057,552,85,169,1,0,-1,-1
810,0,875,244,147,92,1,0,-1,-1
810,2,1055,550,85,169,1,0,-1,-1
811,0,875,242,147,92,1,0,-1,-1
811,2,1054,551,85,169,1,0,-1,-1
812,0,879,245,140,88,1,0,-1,-1
812,2,1055,549,85,169,1,0,-1,-1
813,0,878,243,140,88,1,0,-1,-1
813,2,1054,547,85,169,1,0,-1,-1
814,0,877,244,140,88,1,0,-1,-1
814,2,1053,546,85,169,1,0,-1,-1
815,0,874,240,147,92,1,0,-1,-1
815,2,1053,545,85,169,1,0,-1,-1
816,0,873,239,147,92,1,0,-1,-1
816,2,1051,543,85,169,1,0,-1,-1
817,0,873,240,147,92,1,0,-1,-1
817,2,1050,541,85,169,1,0,-1,-1
818,0,874,238,147,92,1,0,-1,-1
818,2,1051,540,85,169,1,0,-1,-1
819,0,873,239,147,92,1,0,-1,-1
819,2,1051,539,85,169,1,0,-1,-1
820,0,876,241,140,88,1,0,-1,-1
820,2,1050,536,85,169,1,0,-1,-1
821,0,877,240,140,88,1,0,-1,-1
821,2,1051,541,81,161,1,0,-1,-1
822,0,877,239,140,88,1,0,-1,-1
822,2,1050,538,81,161,1,0,-1,-1
823,0,877,238,140,88,1,0,-1,-1
823,2,1049,538,81,161,1,0,-1,-1
824,0,876,239,140,88,1,0,-1,-1
824,2,1050,537,81,161,1,0,-1,-1
825,0,876,237,140,88,1,0,-1,-1
825,2,1048,536,81,161,1,0,-1,-1
826,0,876,236,140,88,1,0,-1,-1
826,2,1048,534,81,161,1,0,-1,-1
827,0,876,236,140,88,1,0,-1,-1
827,2,1048,534,81,161,1,0,-1,-1
828,0,877,236,140,88,1,0,-1,-1
828,2,1047,532,81,161,1,0,-1,-1
829,0,876,235,140,88,1,0,-1,-1
829,2,1047,532,81,161,1,0,-1,-1
830,0,875,235,140,88,1,0,-1,-1
830,2,1047,532,81,161,1,0,-1,-1
831,0,876,234,140,88,1,0,-1,-1
831,2,1049,534,77,153,1,0,-1,-1
832,0,875,235,140,88,1,0,-1,-1
832,2,1047,535,77,153,1,0,-1,-1
833,0,876,234,140,88,1,0,-1,-1
833,2,1048,533,77,153,1,0,-1,-1
834,0,878,236,133,83,1,0,-1,-1
834,2,1047,532,77,153,1,0,-1,-1
835,0,879,236,133,83,1,0,-1,-1
835,2,1047,531,77,153,1,0,-1,-1
836,0,879,237,133,83,1,0,-1,-1
836,2,1049,535,73,146,1,0,-1,-1
837,0,880,236,133,83,1,0,-1,-1
837,2,1048,534,73,146,1,0,-1,-1
838,0,878,235,133,83,1,0,-1,-1
838,2,1046,534,73,146,1,0,-1,-1
839,0,879,235,133,83,1,0,-1,-1
839,2,1046,532,73,146,1,0,-1,-1
840,0,879,235,133,83,1,0,-1,-1
840,2,1045,532,73,146,1,0,-1,-1
841,0,879,235,133,83,1,0,-1,-1
841,2,1045,532,73,146,1,0,-1,-1
842,0,878,234,133,83,1,0,-1,-1
842,2,1045,530,73,146,1,0,-1,-1
843,0,879,233,133,83,1,0,-1,-1
843,2,1045,531,73,146,1,0,-1,-1
844,0,879,234,133,83,1,0,-1,-1
844,2,1044,530,73,146,1,0,-1,-1
845,0,879,233,133,83,1,0,-1,-1
845,2,1044,529,73,146,1,0,-1,-1
846,0,879,233,133,83,1,0,-1,-1
846,2,1044,528,73,146,1,0,-1,-1
847,0,879,233,133,83,1,0,-1,-1
847,2,1044,529,73,146,1,0,-1,-1
848,0,878,232,133,83,1,0,-1,-1
848,2,1044,527,73,146,1,0,-1,-1
849,0,878,232,133,83,1,0,-1,-1
849,2,1043,526,73,146,1,0,-1,-1
850,0,879,232,133,83,1,0,-1,-1
850,2,1043,526,73,146,1,0,-1,-1
851,0,879,232,133,83,1,0,-1,-1
851,2,1043,526,73,146,1,0,-1,-1
852,0,879,231,133,83,1,0,-1,-1
852,2,1042,524,73,146,1,0,-1,-1
853,0,879,231,133,83,1,0,-1,-1
853,2,1042,525,73,146,1,0,-1,-1
854,0,879,231,133,83,1,0,-1,-1
854,2,1042,523,73,146,1,0,-1,-1
855,0,878,230,133,83,1,0,-1,-1
855,2,1042,522,73,146,1,0,-1,-1
856,0,877,231,133,83,1,0,-1,-1
856,2,1042,522,73,146,1,0,-1,-1
857,0,878,229,133,83,1,0,-1,-1
857,2,1042,521,73,146,1,0,-1,-1
858,0,878,230,133,83,1,0,-1,-1
858,2,1040,521,73,146,1,0,-1,-1
859,0,878,228,133,83,1,0,-1,-1
859,2,1041,520,73,146,1,0,-1,-1
860,0,878,229,133,83,1,0,-1,-1
860,2,1041,519,73,146,1,0,-1,-1
861,0,878,228,133,83,1,0,-1,-1
861,2,1039,518,73,146,1,0,-1,-1
862,0,878,228,133,83,1,0,-1,-1
862,2,1040,517,73,146,1,0,-1,-1
863,0,879,227,133,83,1,0,-1,-1
863,2,1039,517,73,146,1,0,-1,-1
864,0,879,226,133,83,1,0,-1,-1
864,2,1040,518,73,146,1,0,-1,-1
865,0,879,226,133,83,1,0,-1,-1
865,2,1039,518,73,146,1,0,-1,-1
866,0,879,226,133,83,1,0,-1,-1
866,2,1039,516,73,146,1,0,-1,-1
867,0,878,227,133,83,1,0,-1,-1
867,2,1038,516,73,146,1,0,-1,-1
868,0,878,225,133,83,1,0,-1,-1
868,2,1038,516,73,146,1,0,-1,-1
869,0,878,225,133,83,1,0,-1,-1
869,2,1038,515,73,146,1,0,-1,-1
870,0,878,226,133,83,1,0,-1,-1
870,2,1037,514,73,146,1,0,-1,-1
871,0,878,225,133,83,1,0,-1,-1
871,2,1038,513,73,146,1,0,-1,-1
872,0,878,225,133,83,1,0,-1,-1
872,2,1037,512,73,146,1,0,-1,-1
873,0,879,225,133,83,1,0,-1,-1
873,2,1038,516,70,139,1,0,-1,-1
874,0,879,225,133,83,1,0,-1,-1
874,2,1038,516,70,139,1,0,-1,-1
875,0,879,224,133,83,1,0,-1,-1
875,2,1037,514,70,139,1,0,-1,-1
876,0,878,224,133,83,1,0,-1,-1
876,2,1037,515,70,139,1,0,-1,-1
877,0,878,224,133,83,1,0,-1,-1
877,2,1036,513,70,139,1,0,-1,-1
878,0,879,223,133,83,1,0,-1,-1
878,2,1037,514,70,139,1,0,-1,-1
879,0,879,223,133,83,1,0,-1,-1
879,2,1037,512,70,139,1,0,-1,-1
880,0,879,222,133,83,1,0,-1,-1
880,2,1036,511,70,139,1,0,-1,-1
881,0,879,223,133,83,1,0,-1,-1
881,2,1035,512,70,139,1,0,-1,-1
882,0,879,221,133,83,1,0,-1,-1
882,2,1036,511,70,139,1,0,-1,-1
883,0,879,222,133,83,1,0,-1,-1
883,2,1035,510,70,139,1,0,-1,-1
884,0,878,222,133,83,1,0,-1,-1
884,2,1035,511,70,139,1,0,-1,-1
885,0,879,222,133,83,1,0,-1,-1
885,2,1034,510,70,139,1,0,-1,-1
886,0,879,221,133,83,1,0,-1,-1
886,2,1034,508,70,139,1,0,-1,-1
887,0,879,222,133,83,1,0,-1,-1
887,2,1034,508,70,139,1,0,-1,-1
888,0,879,220,133,83,1,0,-1,-1
888,2,1034,509,70,139,1,0,-1,-1
889,0,879,220,133,83,1,0,-1,-1
889,2,1032,508,70,139,1,0,-1,-1
890,0,879,220,133,83,1,0,-1,-1
890,2,1033,507,70,139,1,0,-1,-1
891,0,879,220,133,83,1,0,-1,-1
891,2,1033,506,70,139,1,0,-1,-1
892,0,879,220,133,83,1,0,-1,-1
892,2,1033,506,70,139,1,0,-1,-1
893,0,879,220,133,83,1,0,-1,-1
893,2,1032,506,70,139,1,0,-1,-1
894,0,880,218,133,83,1,0,-1,-1
894,2,1032,504,70,139,1,0,-1,-1
895,0,879,218,133,83,1,0,-1,-1
895,2,1032,504,70,139,1,0,-1,-1
896,0,879,218,133,83,1,0,-1,-1
896,2,1032,505,70,139,1,0,-1,-1
897,0,879,218,133,83,1,0,-1,-1
897,2,1031,504,70,139,1,0,-1,-1
898,0,880,217,133,83,1,0,-1,-1
898,2,1030,503,70,139,1,0,-1,-1
899,0,879,217,133,83,1,0,-1,-1
899,2,1030,503,70,139,1,0,-1,-1
900,0,879,218,133,83,1,0,-1,-1
900,2,1030,502,70,139,1,0,-1,-1
901,0,879,218,133,83,1,0,-1,-1
901,2,1030,502,70,139,1,0,-1,-1
902,0,879,216,133,83,1,0,-1,-1
902,2,1029,502,70,139,1,0,-1,-1
903,0,880,217,133,83,1,0,-1,-1
903,2,1029,501,70,139,1,0,-1,-1
904,0,879,217,133,83,1,0,-1,-1
904,2,1030,500,70,139,1,0,-1,-1
905,0,879,217,133,83,1,0,-1,-1
905,2,1030,501,70,139,1,0,-1,-1
906,0,879,217,133,83,1,0,-1,-1
906,2,1030,500,70,139,1,0,-1,-1
907,0,879,216,133,83,1,0,-1,-1
907,2,1028,499,70,139,1,0,-1,-1
908,0,879,215,133,83,1,0,-1,-1
908,2,1028,498,70,139,1,0,-1,-1
909,0,880,215,133,83,1,0,-1,-1
909,2,1029,498,70,139,1,0,-1,-1
910,0,880,215,133,83,1,0,-1,-1
910,2,1029,498,70,139,1,0,-1,-1
911,0,879,214,133,83,1,0,-1,-1
911,2,1028,498,70,139,1,0,-1,-1
912,0,878,215,133,83,1,0,-1,-1
912,2,1027,495,70,139,1,0,-1,-1
913,0,882,218,127,79,1,0,-1,-1
913,2,1027,495,70,139,1,0,-1,-1
914,0,881,217,127,79,1,0,-1,-1
914,2,1027,496,70,139,1,0,-1,-1
915,0,881,218,127,79,1,0,-1,-1
915,2,1027,495,70,139,1,0,-1,-1
916,0,881,218,127,79,1,0,-1,-1
916,2,1026,494,70,139,1,0,-1,-1
917,0,882,218,127,79,1,0,-1,-1
917,2,1026,494,70,139,1,0,-1,-1
918,0,881,217,127,79,1,0,-1,-1
918,2,1027,494,70,139,1,0,-1,-1
919,0,881,216,127,79,1,0,-1,-1
919,2,1026,494,70,139,1,0,-1,-1
920,0,882,217,127,79,1,0,-1,-1
920,2,1026,493,70,139,1,0,-1,-1
921,0,882,217,127,79,1,0,-1,-1
921,2,1025,491,70,139,1,0,-1,-1
922,0,881,217,127,79,1,0,-1,-1
922,2,1026,491,70,139,1,0,-1,-1
923,0,881,217,127,79,1,0,-1,-1
923,2,1025,491,70,139,1,0,-1,-1
924,0,882,215,127,79,1,0,-1,-1
924,2,1026,490,70,139,1,0,-1,-1
925,0,882,216,127,79,1,0,-1,-1
925,2,1025,490,70,139,1,0,-1,-1
926,0,881,215,127,79,1,0,-1,-1
926,2,1025,490,70,139,1,0,-1,-1
927,0,881,215,127,79,1,0,-1,-1
927,2,1024,490,70,139,1,0,-1,-1
928,0,881,214,127,79,1,0,-1,-1
928,2,1023,489,70,139,1,0,-1,-1
929,0,881,215,127,79,1,0,-1,-1
929,2,1024,489,70,139,1,0,-1,-1
930,0,881,214,127,79,1,0,-1,-1
930,2,1024,489,70,139,1,0,-1,-1
931,0,881,215,127,79,1,0,-1,-1
931,2,1023,488,70,139,1,0,-1,-1
932,0,881,215,127,79,1,0,-1,-1
932,2,1023,488,70,139,1,0,-1,-1
933,0,880,213,127,79,1,0,-1,-1
933,2,1022,487,70,139,1,0,-1,-1
934,0,880,214,127,79,1,0,-1,-1
934,2,1023,487,70,139,1,0,-1,-1
935,0,881,213,127,79,1,0,-1,-1
935,2,1023,488,70,139,1,0,-1,-1
936,0,882,213,127,79,1,0,-1,-1
936,2,1023,486,70,139,1,0,-1,-1
937,0,881,212,127,79,1,0,-1,-1
937,2,1023,488,70,139,1,0,-1,-1
938,0,882,213,127,79,1,0,-1,-1
938,2,1022,486,70,139,1,0,-1,-1
939,0,880,212,127,79,1,0,-1,-1
939,2,1021,487,70,139,1,0,-1,-1
940,0,882,211,127,79,1,0,-1,-1
940,2,1022,486,70,139,1,0,-1,-1
941,0,881,211,127,79,1,0,-1,-1
941,2,1021,486,70,139,1,0,-1,-1
942,0,881,212,127,79,1,0,-1,-1
942,2,1021,485,70,139,1,0,-1,-1
943,0,881,211,127,79,1,0,-1,-1
943,2,1020,485,70,139,1,0,-1,-1
944,0,882,210,127,79,1,0,-1,-1
944,2,1020,484,70,139,1,0,-1,-1
945,0,881,211,127,79,1,0,-1,-1
945,2,1020,485,70,139,1,0,-1,-1
946,0,881,210,127,79,1,0,-1,-1
946,2,1021,485,70,139,1,0,-1,-1
947,0,880,210,127,79,1,0,-1,-1
947,2,1021,484,70,139,1,0,-1,-1
948,0,881,209,127,79,1,0,-1,-1
948,2,1019,484,70,139,1,0,-1,-1
949,0,880,209,127,79,1,0,-1,-1
949,2,1019,483,70,139,1,0,-1,-1
950,0,881,209,127,79,1,0,-1,-1
950,2,1019,482,70,139,1,0,-1,-1
951,0,881,209,127,79,1,0,-1,-1
951,2,1018,482,70,139,1,0,-1,-1
952,0,881,208,127,79,1,0,-1,-1
952,2,1018,481,70,139,1,0,-1,-1
953,0,881,209,127,79,1,0,-1,-1
953,2,1019,481,70,139,1,0,-1,-1
954,0,882,207,127,79,1,0,-1,-1
954,2,1018,480,70,139,1,0,-1,-1
955,0,881,207,127,79,1,0,-1,-1
955,2,1018,480,70,139,1,0,-1,-1
956,0,882,208,127,79,1,0,-1,-1
956,2,1018,479,70,139,1,0,-1,-1
957,0,881,207,127,79,1,0,-1,-1
957,2,1018,479,70,139,1,0,-1,-1
958,0,880,206,127,79,1,0,-1,-1
958,2,1017,479,70,139,1,0,-1,-1
959,0,880,207,127,79,1,0,-1,-1
959,2,1018,478,70,139,1,0,-1,-1
960,0,881,205,127,79,1,0,-1,-1
960,2,1017,478,70,139,1,0,-1,-1
961,0,881,205,127,79,1,0,-1,-1
961,2,1016,477,70,139,1,0,-1,-1
962,0,880,205,127,79,1,0,-1,-1
962,2,1016,477,70,139,1,0,-1,-1
963,0,881,204,127,79,1,0,-1,-1
963,2,1017,476,70,139,1,0,-1,-1
964,0,880,204,127,79,1,0,-1,-1
964,2,1017,475,70,139,1,0,-1,-1
965,0,880,205,127,79,1,0,-1,-1
965,2,1016,476,70,139,1,0,-1,-1
966,0,882,204,127,79,1,0,-1,-1
966,2,1017,478,67,132,1,0,-1,-1
967,0,880,204,127,79,1,0,-1,-1
967,2,1018,478,67,132,1,0,-1,-1
968,0,881,204,127,79,1,0,-1,-1
968,2,1016,477,67,132,1,0,-1,-1
969,0,880,203,127,79,1,0,-1,-1
969,2,1016,477,67,132,1,0,-1,-1
970,0,880,202,127,79,1,0,-1,-1
970,2,1017,477,67,132,1,0,-1,-1
971,0,880,203,127,79,1,0,-1,-1
971,2,1016,477,67,132,1,0,-1,-1
972,0,880,202,127,79,1,0,-1,-1
972,2,1015,477,67,132,1,0,-1,-1
973,0,881,202,127,79,1,0,-1,-1
973,2,1016,476,67,132,1,0,-1,-1
974,0,881,202,127,79,1,0,-1,-1
974,2,1015,476,67,132,1,0,-1,-1
975,0,880,202,127,79,1,0,-1,-1
975,2,1014,474,67,132,1,0,-1,-1
976,0,881,202,127,79,1,0,-1,-1
976,2,1015,474,67,132,1,0,-1,-1
977,0,880,201,127,79,1,0,-1,-1
977,2,1015,475,67,132,1,0,-1,-1
978,0,881,200,127,79,1,0,-1,-1
978,2,1014,474,67,132,1,0,-1,-1
979,0,884,203,121,76,1,0,-1,-1
979,2,1014,473,67,132,1,0,-1,-1
980,0,883,203,121,76,1,0,-1,-1
980,2,1015,474,67,132,1,0,-1,-1
981,0,884,201,121,76,1,0,-1,-1
981,2,1013,472,67,132,1,0,-1,-1
982,0,884,202,121,76,1,0,-1,-1
982,2,1013,472,67,132,1,0,-1,-1
983,0,883,202,121,76,1,0,-1,-1
983,2,1013,471,67,132,1,0,-1,-1
984,0,884,200,121,76,1,0,-1,-1
984,2,1012,471,67,132,1,0,-1,-1
985,0,884,200,121,76,1,0,-1,-1
985,2,1012,470,67,132,1,0,-1,-1
986,0,882,201,121,76,1,0,-1,-1
986,2,1013,470,67,132,1,0,-1,-1
987,0,883,200,121,76,1,0,-1,-1
987,2,1012,469,67,132,1,0,-1,-1
988,0,883,199,121,76,1,0,-1,-1
988,2,1012,469,67,132,1,0,-1,-1
989,0,884,199,121,76,1,0,-1,-1
989,2,1011,469,67,132,1,0,-1,-1
990,0,883,198,121,76,1,0,-1,-1
990,2,1011,468,67,132,1,0,-1,-1
991,0,884,198,121,76,1,0,-1,-1
991,2,1012,468,67,132,1,0,-1,-1
992,0,883,197,121,76,1,0,-1,-1
992,2,1012,466,67,132,1,0,-1,-1
993,0,883,198,121,76,1,0,-1,-1
993,2,1011,466,67,132,1,0,-1,-1
994,0,884,198,121,76,1,0,-1,-1
994,2,1010,467,67,132,1,0,-1,-1
995,0,883,197,121,76,1,0,-1,-1
995,2,1010,466,67,132,1,0,-1,-1
996,0,884,197,121,76,1,0,-1,-1
996,2,1009,465,67,132,1,0,-1,-1
997,0,883,196,121,76,1,0,-1,-1
997,2,1010,464,67,132,1,0,-1,-1
998,0,884,197,121,76,1,0,-1,-1
998,2,1009,465,67,132,1,0,-1,-1
999,0,883,195,121,76,1,0,-1,-1
999,2,1008,465,67,132,1,0,-1,-1
1000,0,883,195,121,76,1,0,-1,-1
1000,2,1008,463,67,132,1,0,-1,-1
1001,0,883,195,121,76,1,0,-1,-1
1001,2,1008,464,67,132,1,0,-1,-1
1002,0,884,195,121,76,1,0,-1,-1
1002,2,1008,463,67,132,1,0,-1,-1
1003,0,884,194,121,76,1,0,-1,-1
1003,2,1009,466,63,126,1,0,-1,-1
1004,0,883,195,121,76,1,0,-1,-1
1004,2,1010,466,63,126,1,0,-1,-1
1005,0,883,194,121,76,1,0,-1,-1
1005,2,1009,464,63,126,1,0,-1,-1
1006,0,884,193,121,76,1,0,-1,-1
1006,2,1009,463,63,126,1,0,-1,-1
1007,0,883,192,121,76,1,0,-1,-1
1007,2,1008,462,63,126,1,0,-1,-1
1008,0,883,192,121,76,1,0,-1,-1
1008,2,1009,462,63,126,1,0,-1,-1
1009,0,883,192,121,76,1,0,-1,-1
1009,2,1009,461,63,126,1,0,-1,-1
1010,0,884,193,121,76,1,0,-1,-1
1010,2,1009,462,63,126,1,0,-1,-1
1011,0,883,191,121,76,1,0,-1,-1
1011,2,1008,460,63,126,1,0,-1,-1
1012,0,884,191,121,76,1,0,-1,-1
1012,2,1010,463,60,120,1,0,-1,-1
1013,0,884,192,121,76,1,0,-1,-1
1013,2,1010,462,60,120,1,0,-1,-1
1014,0,884,191,121,76,1,0,-1,-1
1014,2,1010,461,60,120,1,0,-1,-1
1015,0,883,191,121,76,1,0,-1,-1
1015,2,1009,461,60,120,1,0,-1,-1
1016,0,884,190,121,76,1,0,-1,-1
1016,2,1008,461,60,120,1,0,-1,-1
1017,0,884,191,121,76,1,0,-1,-1
1017,2,1008,460,60,120,1,0,-1,-1
1018,0,884,190,121,76,1,0,-1,-1
1018,2,1008,461,60,120,1,0,-1,-1
1019,0,883,191,121,76,1,0,-1,-1
1019,2,1008,461,60,120,1,0,-1,-1
1020,0,883,189,121,76,1,0,-1,-1
1020,2,1007,459,60,120,1,0,-1,-1
1021,0,883,189,121,76,1,0,-1,-1
1021,2,1008,458,60,120,1,0,-1,-1
1022,0,884,189,121,76,1,0,-1,-1
1022,2,1006,458,60,120,1,0,-1,-1
1023,0,885,189,121,76,1,0,-1,-1
1023,2,1007,458,60,120,1,0,-1,-1
1024,0,885,189,121,76,1,0,-1,-1
1024,2,1006,457,60,120,1,0,-1,-1
1025,0,884,189,121,76,1,0,-1,-1
1025,2,1007,457,60,120,1,0,-1,-1
1026,0,884,189,121,76,1,0,-1,-1
1026,2,1007,456,60,120,1,0,-1,-1
1027,0,884,187,121,76,1,0,-1,-1
1027,2,1006,456,60,120,1,0,-1,-1
1028,0,885,187,121,76,1,0,-1,-1
1028,2,1005,457,60,120,1,0,-1,-1
1029,0,884,187,121,76,1,0,-1,-1
1029,2,1005,456,60,120,1,0,-1,-1
1030,0,884,187,121,76,1,0,-1,-1
1030,2,1005,455,60,120,1,0,-1,-1
1031,0,884,187,121,76,1,0,-1,-1
1031,2,1006,455,60,120,1,0,-1,-1
1032,0,884,186,121,76,1,0,-1,-1
1032,2,1004,455,60,120,1,0,-1,-1
1033,0,884,186,121,76,1,0,-1,-1
1033,2,1004,454,60,120,1,0,-1,-1
1034,0,884,186,121,76,1,0,-1,-1
1034,2,1005,454,60,120,1,0,-1,-1
1035,0,887,188,115,72,1,0,-1,-1
1035,2,1004,452,60,120,1,0,-1,-1
1036,0,888,188,115,72,1,0,-1,-1
1036,2,1004,453,60,120,1,0,-1,-1
1037,0,888,189,115,72,1,0,-1,-1
1037,2,1005,453,60,120,1,0,-1,-1
1038,0,886,188,115,72,1,0,-1,-1
1038,2,1005,451,60,120,1,0,-1,-1
1039,0,886,188,115,72,1,0,-1,-1
1039,2,1004,451,60,120,1,0,-1,-1
1040,0,888,188,115,72,1,0,-1,-1
1040,2,1004,452,60,120,1,0,-1,-1
1041,0,888,188,115,72,1,0,-1,-1
1041,2,1003,451,60,120,1,0,-1,-1
1042,0,886,188,115,72,1,0,-1,-1
1042,2,1003,450,60,120,1,0,-1,-1
1043,0,888,187,115,72,1,0,-1,-1
1043,2,1003,450,60,120,1,0,-1,-1
1044,0,887,188,115,72,1,0,-1,-1
1044,2,1003,450,60,120,1,0,-1,-1
1045,0,888,187,115,72,1,0,-1,-1
1045,2,1003,450,60,120,1,0,-1,-1
1046,0,888,187,115,72,1,0,-1,-1
1046,2,1004,449,60,120,1,0,-1,-1
1047,0,886,186,115,72,1,0,-1,-1
1047,2,1003,449,60,120,1,0,-1,-1
1048,0,886,186,115,72,1,0,-1,-1
1048,2,1002,450,60,120,1,0,-1,-1
1049,0,887,186,115,72,1,0,-1,-1
1049,2,1003,450,60,120,1,0,-1,-1
1050,0,888,185,115,72,1,0,-1,-1
1050,2,1003,449,60,120,1,0,-1,-1
1051,0,888,184,115,72,1,0,-1,-1
1051,2,1002,449,60,120,1,0,-1,-1
1052,0,887,186,115,72,1,0,-1,-1
1052,2,1003,447,60,120,1,0,-1,-1
1346,3,219,893,257,145,1,0,-1,-1
1346,4,42,794,190,111,1,0,-1,-1
1346,5,414,535,128,65,1,0,-1,-1
1346,6,536,714,160,98,1,0,-1,-1
1346,7,666,606,161,65,1,0,-1,-1
1346,8,906,700,77,79,1,0,-1,-1
1346,9,1389,619,161,62,1,0,-1,-1
1346,10,1068,604,148,66,1,0,-1,-1
1346,11,840,474,102,44,1,0,-1,-1
1346,13,763,502,119,45,1,0,-1,-1
1346,14,808,546,148,64,1,0,-1,-1
1346,15,1048,481,99,39,1,0,-1,-1
1347,3,217,896,257,145,1,0,-1,-1
1347,4,36,796,199,117,1,0,-1,-1
1347,5,415,535,128,65,1,0,-1,-1
1347,6,533,716,160,98,1,0,-1,-1
1347,7,667,607,161,65,1,0,-1,-1
1347,8,906,701,77,79,1,0,-1,-1
1347,9,1391,621,161,62,1,0,-1,-1
1347,10,1068,605,148,66,1,0,-1,-1
1347,11,842,476,97,42,1,0,-1,-1
1347,13,764,502,119,45,1,0,-1,-1
1347,14,809,547,148,64,1,0,-1,-1
1347,15,1049,482,99,39,1,0,-1,-1
1348,3,217,895,257,145,1,0,-1,-1
1348,4,38,801,190,111,1,0,-1,-1
1348,5,416,535,128,65,1,0,-1,-1
1348,6,533,716,160,98,1,0,-1,-1
1348,7,667,607,161,65,1,0,-1,-1
1348,8,905,702,77,79,1,0,-1,-1
1348,9,1390,621,161,62,1,0,-1,-1
1348,10,1068,605,148,66,1,0,-1,-1
1348,11,841,477,102,44,1,0,-1,-1
1348,13,764,503,119,45,1,0,-1,-1
1348,14,811,547,148,64,1,0,-1,-1
1348,15,1050,482,99,39,1,0,-1,-1
1349,3,211,891,270,152,1,0,-1,-1
1349,4,36,803,190,111,1,0,-1,-1
1349,5,416,536,128,65,1,0,-1,-1
1349,6,532,717,160,98,1,0,-1,-1
1349,7,663,607,169,68,1,0,-1,-1
1349,8,907,704,73,75,1,0,-1,-1
1349,9,1391,621,161,62,1,0,-1,-1
1349,10,1065,603,155,69,1,0,-1,-1
1349,11,840,477,102,44,1,0,-1,-1
1349,13,765,503,119,45,1,0,-1,-1
1349,14,810,547,148,64,1,0,-1,-1
1349,15,1049,482,99,39,1,0,-1,-1
1350,3,217,895,257,145,1,0,-1,-1
1350,4,37,802,190,111,1,0,-1,-1
1350,5,416,536,128,65,1,0,-1,-1
1350,6,532,717,160,98,1,0,-1,-1
1350,7,662,606,169,68,1,0,-1,-1
1350,8,906,704,73,75,1,0,-1,-1
1350,9,1391,622,161,62,1,0,-1,-1
1350,10,1064,603,155,69,1,0,-1,-1
1350,11,841,476,102,44,1,0,-1,-1
1350,13,766,504,119,45,1,0,-1,-1
1350,14,811,546,148,64,1,0,-1,-1
1350,15,1049,482,99,39,1,0,-1,-1
1351,3,217,895,257,145,1,0,-1,-1
1351,4,36,804,190,111,1,0,-1,-1
1351,5,417,537,128,65,1,0,-1,-1
1351,6,532,717,160,98,1,0,-1,-1
1351,7,663,606,169,68,1,0,-1,-1
1351,8,907,705,73,75,1,0,-1,-1
1351,9,1390,622,161,62,1,0,-1,-1
1351,10,1065,606,155,69,1,0,-1,-1
1351,11,840,476,102,44,1,0,-1,-1
1351,13,766,503,119,45,1,0,-1,-1
1351,14,812,546,148,64,1,0,-1,-1
1351,15,1051,482,99,39,1,0,-1,-1
1352,3,215,894,257,145,1,0,-1,-1
1352,4,35,805,190,111,1,0,-1,-1
1352,5,417,538,128,65,1,0,-1,-1
1352,6,532,717,160,98,1,0,-1,-1
1352,7,663,607,169,68,1,0,-1,-1
1352,8,906,704,73,75,1,0,-1,-1
1352,9,1391,623,161,62,1,0,-1,-1
1352,10,1068,608,148,66,1,0,-1,-1
1352,11,843,478,97,42,1,0,-1,-1
1352,13,765,502,119,45,1,0,-1,-1
1352,14,811,546,148,64,1,0,-1,-1
1352,15,1047,482,104,41,1,0,-1,-1
1353,3,215,894,257,145,1,0,-1,-1
1353,4,35,803,190,111,1,0,-1,-1
1353,5,416,538,128,65,1,0,-1,-1
1353,6,533,718,160,98,1,0,-1,-1
1353,7,667,607,161,65,1,0,-1,-1
1353,8,905,703,77,79,1,0,-1,-1
1353,9,1391,623,161,62,1,0,-1,-1
1353,10,1067,609,148,66,1,0,-1,-1
1353,11,844,478,97,42,1,0,-1,-1
1353,13,767,502,119,45,1,0,-1,-1
1353,14,811,546,148,64,1,0,-1,-1
1353,15,1048,483,104,41,1,0,-1,-1
1354,3,213,895,257,145,1,0,-1,-1
1354,4,36,804,190,111,1,0,-1,-1
1354,5,417,539,128,65,1,0,-1,-1
1354,6,534,718,160,98,1,0,-1,-1
1354,7,666,608,161,65,1,0,-1,-1
1354,8,906,704,73,75,1,0,-1,-1
1354,9,1390,624,161,62,1,0,-1,-1
1354,10,1067,609,148,66,1,0,-1,-1
1354,11,843,478,97,42,1,0,-1,-1
1354,13,766,503,119,45,1,0,-1,-1
1354,14,811,546,148,64,1,0,-1,-1
1354,15,1051,484,99,39,1,0,-1,-1
1355,3,214,894,257,145,1,0,-1,-1
1355,4,35,803,190,111,1,0,-1,-1
1355,5,418,539,128,65,1,0,-1,-1
1355,6,533,717,160,98,1,0,-1,-1
1355,7,667,607,161,65,1,0,-1,-1
1355,8,905,704,73,75,1,0,-1,-1
1355,9,1390,625,161,62,1,0,-1,-1
1355,10,1068,609,148,66,1,0,-1,-1
1355,11,844,479,97,42,1,0,-1,-1
1355,13,766,503,119,45,1,0,-1,-1
1355,14,811,547,148,64,1,0,-1,-1
1355,15,1052,485,99,39,1,0,-1,-1
1356,3,212,895,257,145,1,0,-1,-1
1356,4,36,803,190,111,1,0,-1,-1
1356,5,417,540,128,65,1,0,-1,-1
1356,6,534,717,160,98,1,0,-1,-1
1356,7,666,607,161,65,1,0,-1,-1
1356,8,906,704,73,75,1,0,-1,-1
1356,9,1391,623,161,62,1,0,-1,-1
1356,10,1068,610,148,66,1,0,-1,-1
1356,11,844,479,97,42,1,0,-1,-1
1356,13,768,502,119,45,1,0,-1,-1
1356,14,813,547,148,64,1,0,-1,-1
1356,15,1052,485,99,39,1,0,-1,-1
1357,3,212,895,257,145,1,0,-1,-1
1357,4,37,803,190,111,1,0,-1,-1
1357,5,419,540,128,65,1,0,-1,-1
1357,6,534,716,160,98,1,0,-1,-1
1357,7,666,608,161,65,1,0,-1,-1
1357,8,906,705,73,75,1,0,-1,-1
1357,9,1391,624,161,62,1,0,-1,-1
1357,10,1068,611,148,66,1,0,-1,-1
1357,11,842,478,102,44,1,0,-1,-1
1357,13,768,503,119,45,1,0,-1,-1
1357,14,813,546,148,64,1,0,-1,-1
1357,15,1052,485,99,39,1,0,-1,-1
1358,3,212,894,257,145,1,0,-1,-1
1358,4,35,803,190,111,1,0,-1,-1
1358,5,419,540,128,65,1,0,-1,-1
1358,6,533,716,160,98,1,0,-1,-1
1358,7,667,607,161,65,1,0,-1,-1
1358,8,905,704,73,75,1,0,-1,-1
1358,9,1391,626,161,62,1,0,-1,-1
1358,10,1071,613,141,63,1,0,-1,-1
1358,11,843,479,102,44,1,0,-1,-1
1358,13,768,503,119,45,1,0,-1,-1
1358,14,813,547,148,64,1,0,-1,-1
1358,15,1053,485,99,39,1,0,-1,-1
1359,3,207,890,270,152,1,0,-1,-1
1359,4,37,801,190,111,1,0,-1,-1
1359,5,419,540,128,65,1,0,-1,-1
1359,6,533,717,160,98,1,0,-1,-1
1359,7,667,608,161,65,1,0,-1,-1
1359,8,906,704,73,75,1,0,-1,-1
1359,9,1391,626,161,62,1,0,-1,-1
1359,10,1066,612,148,66,1,0,-1,-1
1359,11,843,479,102,44,1,0,-1,-1
1359,13,768,502,119,45,1,0,-1,-1
1359,14,813,547,148,64,1,0,-1,-1
1359,15,1051,485,104,41,1,0,-1,-1
1360,3,206,889,270,152,1,0,-1,-1
1360,4,34,798,199,117,1,0,-1,-1
1360,5,419,540,128,65,1,0,-1,-1
1360,6,533,716,160,98,1,0,-1,-1
1360,7,667,607,161,65,1,0,-1,-1
1360,8,905,705,73,75,1,0,-1,-1
1360,9,1391,626,161,62,1,0,-1,-1
1360,10,1067,613,148,66,1,0,-1,-1
1360,11,844,479,102,44,1,0,-1,-1
1360,13,768,503,119,45,1,0,-1,-1
1360,14,813,546,148,64,1,0,-1,-1
1360,15,1054,485,99,39,1,0,-1,-1
1361,3,206,889,270,152,1,0,-1,-1
1361,4,36,802,190,111,1,0,-1,-1
1361,5,418,541,128,65,1,0,-1,-1
1361,6,534,716,160,98,1,0,-1,-1
1361,7,668,607,161,65,1,0,-1,-1
1361,8,905,705,73,75,1,0,-1,-1
1361,9,1390,626,161,62,1,0,-1,-1
1361,10,1070,614,141,63,1,0,-1,-1
1361,11,845,478,102,44,1,0,-1,-1
1361,13,768,503,119,45,1,0,-1,-1
1361,14,813,547,148,64,1,0,-1,-1
1361,15,1054,485,99,39,1,0,-1,-1
1362,3,206,888,270,152,1,0,-1,-1
1362,4,38,802,190,111,1,0,-1,-1
1362,5,420,541,128,65,1,0,-1,-1
1362,6,533,717,160,98,1,0,-1,-1
1362,7,667,608,161,65,1,0,-1,-1
1362,8,905,704,73,75,1,0,-1,-1
1362,9,1392,625,161,62,1,0,-1,-1
1362,10,1070,614,141,63,1,0,-1,-1
1362,11,845,479,102,44,1,0,-1,-1
1362,13,770,502,119,45,1,0,-1,-1
1362,14,815,547,148,64,1,0,-1,-1
1362,15,1054,486,99,39,1,0,-1,-1
1363,3,206,887,270,152,1,0,-1,-1
1363,4,36,803,190,111,1,0,-1,-1
1363,5,422,544,122,62,1,0,-1,-1
1363,6,533,717,160,98,1,0,-1,-1
1363,7,667,607,161,65,1,0,-1,-1
1363,8,904,705,73,75,1,0,-1,-1
1363,9,1391,625,161,62,1,0,-1,-1
1363,10,1071,615,141,63,1,0,-1,-1
1363,11,846,478,102,44,1,0,-1,-1
1363,13,770,503,119,45,1,0,-1,-1
1363,14,816,547,148,64,1,0,-1,-1
1363,15,1055,485,99,39,1,0,-1,-1
1364,3,210,891,257,145,1,0,-1,-1
1364,4,37,803,190,111,1,0,-1,-1
1364,5,422,544,122,62,1,0,-1,-1
1364,6,532,717,160,98,1,0,-1,-1
1364,7,668,607,161,65,1,0,-1,-1
1364,8,904,705,73,75,1,0,-1,-1
1364,9,1392,626,161,62,1,0,-1,-1
1364,10,1070,615,141,63,1,0,-1,-1
1364,11,846,478,102,44,1,0,-1,-1
1364,13,769,502,119,45,1,0,-1,-1
1364,14,814,546,148,64,1,0,-1,-1
1364,15,1055,485,99,39,1,0,-1,-1
1365,3,210,892,257,145,1,0,-1,-1
1365,4,37,801,190,111,1,0,-1,-1
1365,5,423,543,122,62,1,0,-1,-1
1365,6,532,716,160,98,1,0,-1,-1
1365,7,667,608,161,65,1,0,-1,-1
1365,8,904,704,73,75,1,0,-1,-1
1365,9,1393,626,161,62,1,0,-1,-1
1365,10,1070,616,141,63,1,0,-1,-1
1365,11,846,479,102,44,1,0,-1,-1
1365,13,772,502,119,45,1,0,-1,-1
1365,14,816,546,148,64,1,0,-1,-1
1365,15,1055,485,99,39,1,0,-1,-1
1366,3,213,896,245,138,1,0,-1,-1
1366,4,37,802,190,111,1,0,-1,-1
1366,5,423,543,122,62,1,0,-1,-1
1366,6,533,716,160,98,1,0,-1,-1
1366,7,668,608,161,65,1,0,-1,-1
1366,8,904,705,73,75,1,0,-1,-1
1366,9,1393,626,161,62,1,0,-1,-1
1366,10,1070,615,141,63,1,0,-1,-1
1366,11,846,479,102,44,1,0,-1,-1
1366,13,770,503,119,45,1,0,-1,-1
1366,14,816,547,148,64,1,0,-1,-1
1366,15,1055,486,99,39,1,0,-1,-1
1367,3,213,896,245,138,1,0,-1,-1
1367,4,37,801,190,111,1,0,-1,-1
1367,5,422,543,122,62,1,0,-1,-1
1367,6,533,716,160,98,1,0,-1,-1
1367,7,667,607,161,65,1,0,-1,-1
1367,8,904,705,73,75,1,0,-1,-1
1367,9,1393,627,161,62,1,0,-1,-1
1367,10,1073,617,134,60,1,0,-1,-1
1367,11,846,478,102,44,1,0,-1,-1
1367,13,771,502,119,45,1,0,-1,-1
1367,14,817,547,148,64,1,0,-1,-1
1367,15,1056,486,99,39,1,0,-1,-1
1368,3,212,895,245,138,1,0,-1,-1
1368,4,36,801,190,111,1,0,-1,-1
1368,5,424,543,122,62,1,0,-1,-1
1368,6,532,716,160,98,1,0,-1,-1
1368,7,667,607,161,65,1,0,-1,-1
1368,8,903,706,73,75,1,0,-1,-1
1368,9,1392,627,161,62,1,0,-1,-1
1368,10,1070,616,141,63,1,0,-1,-1
1368,11,848,478,102,44,1,0,-1,-1
1368,13,773,502,119,45,1,0,-1,-1
1368,14,816,547,148,64,1,0,-1,-1
1368,15,1056,486,99,39,1,0,-1,-1
1369,3,213,895,245,138,1,0,-1,-1
1369,4,37,801,190,111,1,0,-1,-1
1369,5,424,543,122,62,1,0,-1,-1
1369,6,527,714,168,103,1,0,-1,-1
1369,7,668,607,161,65,1,0,-1,-1
1369,8,903,705,73,75,1,0,-1,-1
1369,9,1393,627,161,62,1,0,-1,-1
1369,10,1071,616,141,63,1,0,-1,-1
1369,11,848,479,102,44,1,0,-1,-1
1369,13,773,503,119,45,1,0,-1,-1
1369,14,819,548,141,61,1,0,-1,-1
1369,15,1056,486,99,39,1,0,-1,-1
1370,3,211,895,245,138,1,0,-1,-1
1370,4,37,801,190,111,1,0,-1,-1
1370,5,422,542,128,65,1,0,-1,-1
1370,6,529,713,168,103,1,0,-1,-1
1370,7,667,607,161,65,1,0,-1,-1
1370,8,902,705,73,75,1,0,-1,-1
1370,9,1392,627,161,62,1,0,-1,-1
1370,10,1071,617,141,63,1,0,-1,-1
1370,11,848,479,102,44,1,0,-1,-1
1370,13,773,503,119,45,1,0,-1,-1
1370,14,820,549,141,61,1,0,-1,-1
1370,15,1058,486,99,39,1,0,-1,-1
1371,3,211,895,245,138,1,0,-1,-1
1371,4,36,801,190,111,1,0,-1,-1
1371,5,421,541,128,65,1,0,-1,-1
1371,6,527,714,168,103,1,0,-1,-1
1371,7,667,607,161,65,1,0,-1,-1
1371,8,903,705,73,75,1,0,-1,-1
1371,9,1393,627,161,62,1,0,-1,-1
1371,10,1070,617,141,63,1,0,-1,-1
1371,11,845,477,107,46,1,0,-1,-1
1371,13,774,503,113,43,1,0,-1,-1
1371,14,819,548,141,61,1,0,-1,-1
1371,15,1058,487,99,39,1,0,-1,-1
1372,3,210,896,245,138,1,0,-1,-1
1372,4,37,799,190,111,1,0,-1,-1
1372,5,422,542,128,65,1,0,-1,-1
1372,6,527,713,168,103,1,0,-1,-1
1372,7,667,607,161,65,1,0,-1,-1
1372,8,902,705,73,75,1,0,-1,-1
1372,9,1392,628,161,62,1,0,-1,-1
1372,10,1071,617,141,63,1,0,-1,-1
1372,11,846,478,107,46,1,0,-1,-1
1372,13,773,503,119,45,1,0,-1,-1
1372,14,820,549,141,61,1,0,-1,-1
1372,15,1058,487,99,39,1,0,-1,-1
1373,3,207,891,257,145,1,0,-1,-1
1373,4,36,800,190,111,1,0,-1,-1
1373,5,423,543,128,65,1,0,-1,-1
1373,6,528,714,168,103,1,0,-1,-1
1373,7,667,607,161,65,1,0,-1,-1
1373,8,903,704,73,75,1,0,-1,-1
1373,9,1392,629,161,62,1,0,-1,-1
1373,10,1074,620,134,60,1,0,-1,-1
1373,11,846,477,107,46,1,0,-1,-1
1373,13,774,503,119,45,1,0,-1,-1
1373,14,819,548,141,61,1,0,-1,-1
1373,15,1058,487,99,39,1,0,-1,-1
1374,3,206,891,257,145,1,0,-1,-1
1374,4,37,799,190,111,1,0,-1,-1
1374,5,425,543,122,62,1,0,-1,-1
1374,6,528,713,168,103,1,0,-1,-1
1374,7,668,607,161,65,1,0,-1,-1
1374,8,902,704,73,75,1,0,-1,-1
1374,9,1392,629,161,62,1,0,-1,-1
1374,10,1075,619,134,60,1,0,-1,-1
1374,11,847,477,107,46,1,0,-1,-1
1374,13,775,503,113,43,1,0,-1,-1
1374,14,821,549,141,61,1,0,-1,-1
1374,15,1059,487,99,39,1,0,-1,-1
1375,3,204,892,257,145,1,0,-1,-1
1375,4,36,798,190,111,1,0,-1,-1
1375,5,425,544,122,62,1,0,-1,-1
1375,6,528,713,168,103,1,0,-1,-1
1375,7,669,607,161,65,1,0,-1,-1
1375,8,903,705,73,75,1,0,-1,-1
1375,9,1393,628,161,62,1,0,-1,-1
1375,10,1074,619,134,60,1,0,-1,-1
1375,11,848,477,107,46,1,0,-1,-1
1375,13,773,503,119,45,1,0,-1,-1
1375,14,820,548,141,61,1,0,-1,-1
1375,15,1060,486,99,39,1,0,-1,-1
1376,3,205,892,257,145,1,0,-1,-1
1376,4,37,798,190,111,1,0,-1,-1
1376,5,425,544,122,62,1,0,-1,-1
1376,6,528,714,168,103,1,0,-1,-1
1376,7,669,607,161,65,1,0,-1,-1
1376,8,902,704,73,75,1,0,-1,-1
1376,9,1392,628,161,62,1,0,-1,-1
1376,10,1075,619,134,60,1,0,-1,-1
1376,11,847,477,107,46,1,0,-1,-1
1376,13,773,503,119,45,1,0,-1,-1
1376,14,821,549,141,61,1,0,-1,-1
1376,15,1060,486,99,39,1,0,-1,-1
1377,3,203,890,257,145,1,0,-1,-1
1377,4,37,797,190,111,1,0,-1,-1
1377,5,426,544,122,62,1,0,-1,-1
1377,6,527,713,168,103,1,0,-1,-1
1377,7,668,608,161,65,1,0,-1,-1
1377,8,901,705,73,75,1,0,-1,-1
1377,9,1392,630,161,62,1,0,-1,-1
1377,10,1071,617,141,63,1,0,-1,-1
1377,11,848,478,107,46,1,0,-1,-1
1377,13,774,502,119,45,1,0,-1,-1
1377,14,823,549,141,61,1,0,-1,-1
1377,15,1061,487,99,39,1,0,-1,-1
1378,3,202,891,257,145,1,0,-1,-1
1378,4,37,798,190,111,1,0,-1,-1
1378,5,427,544,122,62,1,0,-1,-1
1378,6,527,713,168,103,1,0,-1,-1
1378,7,669,608,161,65,1,0,-1,-1
1378,8,902,705,73,75,1,0,-1,-1
1378,9,1390,628,169,65,1,0,-1,-1
1378,10,1071,618,141,63,1,0,-1,-1
1378,11,848,478,107,46,1,0,-1,-1
1378,13,775,503,119,45,1,0,-1,-1
1378,14,822,548,141,61,1,0,-1,-1
1378,15,1061,487,99,39,1,0,-1,-1
1379,3,203,890,257,145,1,0,-1,-1
1379,4,36,798,190,111,1,0,-1,-1
1379,5,427,543,122,62,1,0,-1,-1
1379,6,526,714,168,103,1,0,-1,-1
1379,7,668,606,161,65,1,0,-1,-1
1379,8,902,704,73,75,1,0,-1,-1
1379,9,1390,627,169,65,1,0,-1,-1
1379,10,1070,619,141,63,1,0,-1,-1
1379,11,849,479,107,46,1,0,-1,-1
1379,13,773,502,125,47,1,0,-1,-1
1379,14,822,548,141,61,1,0,-1,-1
1379,15,1060,486,99,39,1,0,-1,-1
1380,3,202,891,257,145,1,0,-1,-1
1380,4,36,797,190,111,1,0,-1,-1
1380,5,428,543,122,62,1,0,-1,-1
1380,6,526,713,168,103,1,0,-1,-1
1380,7,669,606,161,65,1,0,-1,-1
1380,8,899,702,77,79,1,0,-1,-1
1380,9,1390,629,169,65,1,0,-1,-1
1380,10,1072,617,141,63,1,0,-1,-1
1380,11,850,479,107,46,1,0,-1,-1
1380,13,774,502,125,47,1,0,-1,-1
1380,14,823,548,141,61,1,0,-1,-1
1380,15,1062,486,99,39,1,0,-1,-1
1381,3,201,891,257,145,1,0,-1,-1
1381,4,37,796,190,111,1,0,-1,-1
1381,5,427,544,122,62,1,0,-1,-1
1381,6,525,714,168,103,1,0,-1,-1
1381,7,669,607,161,65,1,0,-1,-1
1381,8,899,702,77,79,1,0,-1,-1
1381,9,1390,628,169,65,1,0,-1,-1
1381,10,1073,620,134,60,1,0,-1,-1
1381,11,849,479,107,46,1,0,-1,-1
1381,13,777,503,119,45,1,0,-1,-1
1381,14,822,548,141,61,1,0,-1,-1
1381,15,1061,487,99,39,1,0,-1,-1
1382,3,202,889,257,145,1,0,-1,-1
1382,4,36,796,190,111,1,0,-1,-1
1382,5,428,543,122,62,1,0,-1,-1
1382,6,526,714,168,103,1,0,-1,-1
1382,7,668,606,161,65,1,0,-1,-1
1382,8,898,702,77,79,1,0,-1,-1
1382,9,1390,628,169,65,1,0,-1,-1
1382,10,1070,618,141,63,1,0,-1,-1
1382,11,850,479,107,46,1,0,-1,-1
1382,13,776,503,119,45,1,0,-1,-1
1382,14,822,549,141,61,1,0,-1,-1
1382,15,1062,487,99,39,1,0,-1,-1
1383,3,200,889,257,145,1,0,-1,-1
1383,4,37,797,190,111,1,0,-1,-1
1383,5,428,544,122,62,1,0,-1,-1
1383,6,526,713,168,103,1,0,-1,-1
1383,7,668,608,161,65,1,0,-1,-1
1383,8,897,703,77,79,1,0,-1,-1
1383,9,1390,629,169,65,1,0,-1,-1
1383,10,1070,617,141,63,1,0,-1,-1
1383,11,851,479,107,46,1,0,-1,-1
1383,13,776,503,119,45,1,0,-1,-1
1383,14,823,549,141,61,1,0,-1,-1
1383,15,1063,487,99,39,1,0,-1,-1
1384,3,200,889,257,145,1,0,-1,-1
1384,4,37,796,190,111,1,0,-1,-1
1384,5,429,543,122,62,1,0,-1,-1
1384,6,526,712,168,103,1,0,-1,-1
1384,7,668,607,161,65,1,0,-1,-1
1384,8,897,703,77,79,1,0,-1,-1
1384,9,1389,629,169,65,1,0,-1,-1
1384,10,1071,618,141,63,1,0,-1,-1
1384,11,851,479,107,46,1,0,-1,-1
1384,13,777,502,119,45,1,0,-1,-1
1384,14,822,548,141,61,1,0,-1,-1
1384,15,1062,488,99,39,1,0,-1,-1
1385,3,201,889,257,145,1,0,-1,-1
1385,4,36,796,190,111,1,0,-1,-1
1385,5,428,543,122,62,1,0,-1,-1
1385,6,526,713,168,103,1,0,-1,-1
1385,7,669,607,161,65,1,0,-1,-1
1385,8,898,702,77,79,1,0,-1,-1
1385,9,1389,629,169,65,1,0,-1,-1
1385,10,1068,617,148,66,1,0,-1,-1
1385,11,852,479,107,46,1,0,-1,-1
1385,13,778,502,119,45,1,0,-1,-1
1385,14,822,548,141,61,1,0,-1,-1
1385,15,1061,487,104,41,1,0,-1,-1
1386,3,199,888,257,145,1,0,-1,-1
1386,4,35,795,190,111,1,0,-1,-1
1386,5,430,544,122,62,1,0,-1,-1
1386,6,524,713,168,103,1,0,-1,-1
1386,7,669,608,161,65,1,0,-1,-1
1386,8,897,702,77,79,1,0,-1,-1
1386,9,1391,629,169,65,1,0,-1,-1
1386,10,1068,617,148,66,1,0,-1,-1
1386,11,851,478,107,46,1,0,-1,-1
1386,13,778,501,119,45,1,0,-1,-1
1386,14,823,547,141,61,1,0,-1,-1
1386,15,1063,487,99,39,1,0,-1,-1
1387,3,198,889,257,145,1,0,-1,-1
1387,4,35,794,190,111,1,0,-1,-1
1387,5,429,543,122,62,1,0,-1,-1
1387,6,524,712,168,103,1,0,-1,-1
1387,7,668,607,161,65,1,0,-1,-1
1387,8,897,703,77,79,1,0,-1,-1
1387,9,1390,630,169,65,1,0,-1,-1
1387,10,1068,616,148,66,1,0,-1,-1
1387,11,853,479,107,46,1,0,-1,-1
1387,13,777,502,119,45,1,0,-1,-1
1387,14,820,547,148,64,1,0,-1,-1
1387,15,1063,487,99,39,1,0,-1,-1
1388,3,199,888,257,145,1,0,-1,-1
1388,4,35,794,190,111,1,0,-1,-1
1388,5,431,543,122,62,1,0,-1,-1
1388,6,525,712,168,103,1,0,-1,-1
1388,7,669,607,161,65,1,0,-1,-1
1388,8,896,702,77,79,1,0,-1,-1
1388,9,1387,628,178,68,1,0,-1,-1
1388,10,1068,616,148,66,1,0,-1,-1
1388,11,853,480,107,46,1,0,-1,-1
1388,13,777,501,119,45,1,0,-1,-1
1388,14,820,547,148,64,1,0,-1,-1
1388,15,1064,488,99,39,1,0,-1,-1
1389,3,198,888,257,145,1,0,-1,-1
1389,4,36,795,190,111,1,0,-1,-1
1389,5,431,543,122,62,1,0,-1,-1
1389,6,523,713,168,103,1,0,-1,-1
1389,7,669,608,161,65,1,0,-1,-1
1389,8,897,703,77,79,1,0,-1,-1
1389,9,1390,630,169,65,1,0,-1,-1
1389,10,1068,617,148,66,1,0,-1,-1
1389,11,853,481,107,46,1,0,-1,-1
1389,13,777,501,119,45,1,0,-1,-1
1389,14,822,549,141,61,1,0,-1,-1
1389,15,1065,488,99,39,1,0,-1,-1
1390,3,198,887,257,145,1,0,-1,-1
1390,4,34,795,190,111,1,0,-1,-1
1390,5,431,543,122,62,1,0,-1,-1
1390,6,524,713,168,103,1,0,-1,-1
1390,7,668,607,161,65,1,0,-1,-1
1390,8,897,703,77,79,1,0,-1,-1
1390,9,1390,630,169,65,1,0,-1,-1
1390,10,1068,616,148,66,1,0,-1,-1
1390,11,855,482,102,44,1,0,-1,-1
1390,13,777,501,119,45,1,0,-1,-1
1390,14,823,549,141,61,1,0,-1,-1
1390,15,1065,487,99,39,1,0,-1,-1
1391,3,197,887,257,145,1,0,-1,-1
1391,4,32,791,199,117,1,0,-1,-1
1391,5,430,543,122,62,1,0,-1,-1
1391,6,523,712,168,103,1,0,-1,-1
1391,7,668,608,161,65,1,0,-1,-1
1391,8,895,704,77,79,1,0,-1,-1
1391,9,1390,630,169,65,1,0,-1,-1
1391,10,1068,616,148,66,1,0,-1,-1
1391,11,855,482,102,44,1,0,-1,-1
1391,13,777,502,119,45,1,0,-1,-1
1391,14,823,548,141,61,1,0,-1,-1
1391,15,1065,488,99,39,1,0,-1,-1
1392,3,196,886,257,145,1,0,-1,-1
1392,4,35,795,190,111,1,0,-1,-1
1392,5,430,543,122,62,1,0,-1,-1
1392,6,524,712,168,103,1,0,-1,-1
1392,7,670,608,161,65,1,0,-1,-1
1392,8,894,703,77,79,1,0,-1,-1
1392,9,1391,631,169,65,1,0,-1,-1
1392,10,1068,617,148,66,1,0,-1,-1
1392,11,856,482,102,44,1,0,-1,-1
1392,13,777,502,119,45,1,0,-1,-1
1392,14,822,547,141,61,1,0,-1,-1
1392,15,1065,488,99,39,1,0,-1,-1
1393,3,194,887,257,145,1,0,-1,-1
1393,4,35,795,190,111,1,0,-1,-1
1393,5,431,543,122,62,1,0,-1,-1
1393,6,523,713,168,103,1,0,-1,-1
1393,7,669,608,161,65,1,0,-1,-1
1393,8,895,703,77,79,1,0,-1,-1
1393,9,1387,629,178,68,1,0,-1,-1
1393,10,1068,617,148,66,1,0,-1,-1
1393,11,857,482,102,44,1,0,-1,-1
1393,13,778,501,119,45,1,0,-1,-1
1393,14,824,547,141,61,1,0,-1,-1
1393,15,1065,488,99,39,1,0,-1,-1
1394,3,194,886,257,145,1,0,-1,-1
1394,4,31,790,199,117,1,0,-1,-1
1394,5,431,543,122,62,1,0,-1,-1
1394,6,522,712,168,103,1,0,-1,-1
1394,7,669,607,161,65,1,0,-1,-1
1394,8,895,703,77,79,1,0,-1,-1
1394,9,1387,628,178,68,1,0,-1,-1
1394,10,1068,617,148,66,1,0,-1,-1
1394,11,856,483,102,44,1,0,-1,-1
1394,13,778,501,119,45,1,0,-1,-1
1394,14,824,547,141,61,1,0,-1,-1
1394,15,1065,488,99,39,1,0,-1,-1
1395,3,194,887,257,145,1,0,-1,-1
1395,4,34,794,190,111,1,0,-1,-1
1395,5,433,542,122,62,1,0,-1,-1
1395,6,522,712,168,103,1,0,-1,-1
1395,7,669,608,161,65,1,0,-1,-1
1395,8,894,704,77,79,1,0,-1,-1
1395,9,1388,628,178,68,1,0,-1,-1
1395,10,1068,616,148,66,1,0,-1,-1
1395,11,858,483,102,44,1,0,-1,-1
1395,13,779,501,119,45,1,0,-1,-1
1395,14,823,548,141,61,1,0,-1,-1
1395,15,1063,486,104,41,1,0,-1,-1
1396,3,193,886,257,145,1,0,-1,-1
1396,4,35,794,190,111,1,0,-1,-1
1396,5,432,543,122,62,1,0,-1,-1
1396,6,521,712,168,103,1,0,-1,-1
1396,7,668,607,161,65,1,0,-1,-1
1396,8,894,704,77,79,1,0,-1,-1
1396,9,1388,629,178,68,1,0,-1,-1
1396,10,1067,616,148,66,1,0,-1,-1
1396,11,858,484,102,44,1,0,-1,-1
1396,13,778,501,119,45,1,0,-1,-1
1396,14,824,548,141,61,1,0,-1,-1
1396,15,1064,487,104,41,1,0,-1,-1
1397,3,193,886,257,145,1,0,-1,-1
1397,4,34,793,190,111,1,0,-1,-1
1397,5,433,542,122,62,1,0,-1,-1
1397,6,522,712,168,103,1,0,-1,-1
1397,7,668,607,161,65,1,0,-1,-1
1397,8,895,703,77,79,1,0,-1,-1
1397,9,1387,629,178,68,1,0,-1,-1
1397,10,1068,617,148,66,1,0,-1,-1
1397,11,858,483,102,44,1,0,-1,-1
1397,13,779,502,119,45,1,0,-1,-1
1397,14,823,548,141,61,1,0,-1,-1
1397,15,1064,486,104,41,1,0,-1,-1
1398,3,191,886,257,145,1,0,-1,-1
1398,4,35,792,190,111,1,0,-1,-1
1398,5,433,543,122,62,1,0,-1,-1
1398,6,521,711,168,103,1,0,-1,-1
1398,7,668,607,161,65,1,0,-1,-1
1398,8,893,704,77,79,1,0,-1,-1
1398,9,1384,627,186,72,1,0,-1,-1
1398,10,1069,617,148,66,1,0,-1,-1
1398,11,858,483,102,44,1,0,-1,-1
1398,13,780,502,119,45,1,0,-1,-1
1398,14,823,549,141,61,1,0,-1,-1
1398,15,1064,486,104,41,1,0,-1,-1
1399,3,191,885,257,145,1,0,-1,-1
1399,4,34,793,190,111,1,0,-1,-1
1399,5,433,542,122,62,1,0,-1,-1
1399,6,522,711,168,103,1,0,-1,-1
1399,7,668,607,161,65,1,0,-1,-1
1399,8,894,703,77,79,1,0,-1,-1
1399,9,1383,626,186,72,1,0,-1,-1
1399,10,1069,616,148,66,1,0,-1,-1
1399,11,859,482,102,44,1,0,-1,-1
1399,13,779,502,119,45,1,0,-1,-1
1399,14,823,548,141,61,1,0,-1,-1
1399,15,1065,487,104,41,1,0,-1,-1
1400,3,190,885,257,145,1,0,-1,-1
1400,4,35,793,190,111,1,0,-1,-1
1400,5,434,542,122,62,1,0,-1,-1
1400,6,521,711,168,103,1,0,-1,-1
1400,7,668,607,161,65,1,0,-1,-1
1400,8,894,704,77,79,1,0,-1,-1
1400,9,1383,626,186,72,1,0,-1,-1
1400,10,1068,617,148,66,1,0,-1,-1
1400,11,859,483,102,44,1,0,-1,-1
1400,13,781,502,119,45,1,0,-1,-1
1400,14,824,548,141,61,1,0,-1,-1
1400,15,1066,486,104,41,1,0,-1,-1
1401,3,190,884,257,145,1,0,-1,-1
1401,4,35,791,190,111,1,0,-1,-1
1401,5,433,543,122,62,1,0,-1,-1
1401,6,521,711,168,103,1,0,-1,-1
1401,7,671,609,153,62,1,0,-1,-1
1401,8,892,703,77,79,1,0,-1,-1
1401,9,1384,627,186,72,1,0,-1,-1
1401,10,1067,618,148,66,1,0,-1,-1
1401,11,859,484,102,44,1,0,-1,-1
1401,13,780,501,119,45,1,0,-1,-1
1401,14,824,547,141,61,1,0,-1,-1
1401,15,1066,486,104,41,1,0,-1,-1
1402,3,190,884,257,145,1,0,-1,-1
1402,4,33,791,190,111,1,0,-1,-1
1402,5,433,543,122,62,1,0,-1,-1
1402,6,521,712,168,103,1,0,-1,-1
1402,7,672,609,153,62,1,0,-1,-1
1402,8,892,703,77,79,1,0,-1,-1
1402,9,1383,627,186,72,1,0,-1,-1
1402,10,1068,617,148,66,1,0,-1,-1
1402,11,860,484,102,44,1,0,-1,-1
1402,13,779,502,119,45,1,0,-1,-1
1402,14,824,547,141,61,1,0,-1,-1
1402,15,1066,486,104,41,1,0,-1,-1
1403,3,191,884,257,145,1,0,-1,-1
1403,4,34,791,190,111,1,0,-1,-1
1403,5,435,543,122,62,1,0,-1,-1
1403,6,520,712,168,103,1,0,-1,-1
1403,7,671,609,153,62,1,0,-1,-1
1403,8,892,704,77,79,1,0,-1,-1
1403,9,1384,626,186,72,1,0,-1,-1
1403,10,1068,617,148,66,1,0,-1,-1
1403,11,860,483,102,44,1,0,-1,-1
1403,13,780,502,119,45,1,0,-1,-1
1403,14,824,547,141,61,1,0,-1,-1
1403,15,1067,487,104,41,1,0,-1,-1
1404,3,189,884,257,145,1,0,-1,-1
1404,4,34,791,190,111,1,0,-1,-1
1404,5,435,542,122,62,1,0,-1,-1
1404,6,520,711,168,103,1,0,-1,-1
1404,7,671,609,153,62,1,0,-1,-1
1404,8,891,704,77,79,1,0,-1,-1
1404,9,1384,628,186,72,1,0,-1,-1
1404,10,1068,617,148,66,1,0,-1,-1
1404,11,860,482,102,44,1,0,-1,-1
1404,13,780,502,119,45,1,0,-1,-1
1404,14,823,547,141,61,1,0,-1,-1
1404,15,1071,489,99,39,1,0,-1,-1
1405,3,188,884,257,145,1,0,-1,-1
1405,4,33,790,190,111,1,0,-1,-1
1405,5,434,542,122,62,1,0,-1,-1
1405,6,519,711,168,103,1,0,-1,-1
1405,7,672,609,153,62,1,0,-1,-1
1405,8,891,705,77,79,1,0,-1,-1
1405,9,1389,630,178,68,1,0,-1,-1
1405,10,1068,617,148,66,1,0,-1,-1
1405,11,860,483,102,44,1,0,-1,-1
1405,13,779,502,119,45,1,0,-1,-1
1405,14,823,548,141,61,1,0,-1,-1
1405,15,1070,488,99,39,1,0,-1,-1
1406,3,187,883,257,145,1,0,-1,-1
1406,4,34,791,190,111,1,0,-1,-1
1406,5,434,542,122,62,1,0,-1,-1
1406,6,521,711,168,103,1,0,-1,-1
1406,7,669,606,161,65,1,0,-1,-1
1406,8,892,705,77,79,1,0,-1,-1
1406,9,1388,630,178,68,1,0,-1,-1
1406,10,1068,618,148,66,1,0,-1,-1
1406,11,860,484,102,44,1,0,-1,-1
1406,13,781,502,119,45,1,0,-1,-1
1406,14,825,548,141,61,1,0,-1,-1
1406,15,1070,488,99,39,1,0,-1,-1
1407,3,187,884,257,145,1,0,-1,-1
1407,4,34,790,190,111,1,0,-1,-1
1407,5,435,541,122,62,1,0,-1,-1
1407,6,520,710,168,103,1,0,-1,-1
1407,7,665,605,169,68,1,0,-1,-1
1407,8,891,704,77,79,1,0,-1,-1
1407,9,1389,629,178,68,1,0,-1,-1
1407,10,1069,617,148,66,1,0,-1,-1
1407,11,860,484,102,44,1,0,-1,-1
1407,13,781,501,119,45,1,0,-1,-1
1407,14,826,548,141,61,1,0,-1,-1
1407,15,1071,488,99,39,1,0,-1,-1
1408,3,187,883,257,145,1,0,-1,-1
1408,4,33,789,190,111,1,0,-1,-1
1408,5,435,542,122,62,1,0,-1,-1
1408,6,520,710,168,103,1,0,-1,-1
1408,7,668,607,161,65,1,0,-1,-1
1408,8,891,705,77,79,1,0,-1,-1
1408,9,1388,629,178,68,1,0,-1,-1
1408,10,1068,617,148,66,1,0,-1,-1
1408,11,860,483,102,44,1,0,-1,-1
1408,13,781,502,119,45,1,0,-1,-1
1408,14,824,548,141,61,1,0,-1,-1
1408,15,1072,488,99,39,1,0,-1,-1
1409,3,186,882,257,145,1,0,-1,-1
1409,4,34,789,190,111,1,0,-1,-1
1409,5,436,542,122,62,1,0,-1,-1
1409,6,519,711,168,103,1,0,-1,-1
1409,7,668,606,161,65,1,0,-1,-1
1409,8,890,707,77,79,1,0,-1,-1
1409,9,1389,628,178,68,1,0,-1,-1
1409,10,1068,617,148,66,1,0,-1,-1
1409,11,861,483,102,44,1,0,-1,-1
1409,13,781,501,119,45,1,0,-1,-1
1409,14,826,547,141,61,1,0,-1,-1
1409,15,1071,489,99,39,1,0,-1,-1
1410,3,185,883,257,145,1,0,-1,-1
1410,4,34,788,190,111,1,0,-1,-1
1410,5,437,542,122,62,1,0,-1,-1
1410,6,519,711,168,103,1,0,-1,-1
1410,7,667,606,161,65,1,0,-1,-1
1410,8,890,706,77,79,1,0,-1,-1
1410,9,1389,629,178,68,1,0,-1,-1
1410,10,1068,618,148,66,1,0,-1,-1
1410,11,861,484,102,44,1,0,-1,-1
1410,13,782,502,119,45,1,0,-1,-1
1410,14,825,548,141,61,1,0,-1,-1
1410,15,1074,489,94,37,1,0,-1,-1
1411,3,184,881,257,145,1,0,-1,-1
1411,4,33,788,190,111,1,0,-1,-1
1411,5,436,542,122,62,1,0,-1,-1
1411,6,519,710,168,103,1,0,-1,-1
1411,7,667,606,161,65,1,0,-1,-1
1411,8,889,706,77,79,1,0,-1,-1
1411,9,1389,628,178,68,1,0,-1,-1
1411,10,1068,617,148,66,1,0,-1,-1
1411,11,860,483,102,44,1,0,-1,-1
1411,13,782,501,119,45,1,0,-1,-1
1411,14,825,548,141,61,1,0,-1,-1
1411,15,1072,487,99,39,1,0,-1,-1
1412,3,184,882,257,145,1,0,-1,-1
1412,4,33,787,190,111,1,0,-1,-1
1412,5,437,542,122,62,1,0,-1,-1
1412,6,517,711,168,103,1,0,-1,-1
1412,7,667,606,161,65,1,0,-1,-1
1412,8,889,706,77,79,1,0,-1,-1
1412,9,1394,631,169,65,1,0,-1,-1
1412,10,1068,618,148,66,1,0,-1,-1
1412,11,860,484,102,44,1,0,-1,-1
1412,13,781,502,119,45,1,0,-1,-1
1412,14,824,547,141,61,1,0,-1,-1
1412,15,1072,487,99,39,1,0,-1,-1
1413,3,183,882,257,145,1,0,-1,-1
1413,4,33,787,190,111,1,0,-1,-1
1413,5,438,542,122,62,1,0,-1,-1
1413,6,517,711,168,103,1,0,-1,-1
1413,7,666,607,161,65,1,0,-1,-1
1413,8,889,706,77,79,1,0,-1,-1
1413,9,1393,630,169,65,1,0,-1,-1
1413,10,1072,619,141,63,1,0,-1,-1
1413,11,861,483,102,44,1,0,-1,-1
1413,13,782,501,119,45,1,0,-1,-1
1413,14,825,547,141,61,1,0,-1,-1
1413,15,1072,487,99,39,1,0,-1,-1
1414,3,183,881,257,145,1,0,-1,-1
1414,4,33,786,190,111,1,0,-1,-1
1414,5,438,542,122,62,1,0,-1,-1
1414,6,518,711,168,103,1,0,-1,-1
1414,7,666,606,161,65,1,0,-1,-1
1414,8,888,707,77,79,1,0,-1,-1
1414,9,1393,631,169,65,1,0,-1,-1
1414,10,1072,618,141,63,1,0,-1,-1
1414,11,861,484,102,44,1,0,-1,-1
1414,13,782,500,119,45,1,0,-1,-1
1414,14,825,548,141,61,1,0,-1,-1
1414,15,1073,487,99,39,1,0,-1,-1
1415,3,182,881,257,145,1,0,-1,-1
1415,4,32,787,190,111,1,0,-1,-1
1415,5,438,542,122,62,1,0,-1,-1
1415,6,518,710,168,103,1,0,-1,-1
1415,7,667,607,161,65,1,0,-1,-1
1415,8,889,705,77,79,1,0,-1,-1
1415,9,1394,630,169,65,1,0,-1,-1
1415,10,1069,617,148,66,1,0,-1,-1
1415,11,859,481,107,46,1,0,-1,-1
1415,13,781,500,119,45,1,0,-1,-1
1415,14,824,547,141,61,1,0,-1,-1
1415,15,1073,489,99,39,1,0,-1,-1
1416,3,180,880,257,145,1,0,-1,-1
1416,4,32,786,190,111,1,0,-1,-1
1416,5,438,542,122,62,1,0,-1,-1
1416,6,517,711,168,103,1,0,-1,-1
1416,7,667,607,161,65,1,0,-1,-1
1416,8,889,706,77,79,1,0,-1,-1
1416,9,1394,631,169,65,1,0,-1,-1
1416,10,1069,618,148,66,1,0,-1,-1
1416,11,859,482,107,46,1,0,-1,-1
1416,13,781,501,119,45,1,0,-1,-1
1416,14,825,548,141,61,1,0,-1,-1
1416,15,1073,488,99,39,1,0,-1,-1
1417,3,181,880,257,145,1,0,-1,-1
1417,4,31,786,190,111,1,0,-1,-1
1417,5,438,542,122,62,1,0,-1,-1
1417,6,516,711,168,103,1,0,-1,-1
1417,7,667,606,161,65,1,0,-1,-1
1417,8,887,706,77,79,1,0,-1,-1
1417,9,1393,630,169,65,1,0,-1,-1
1417,10,1072,620,141,63,1,0,-1,-1
1417,11,859,482,107,46,1,0,-1,-1
1417,13,781,501,119,45,1,0,-1,-1
1417,14,825,548,141,61,1,0,-1,-1
1417,15,1072,488,99,39,1,0,-1,-1
1418,3,180,881,257,145,1,0,-1,-1
1418,4,32,787,190,111,1,0,-1,-1
1418,5,439,542,122,62,1,0,-1,-1
1418,6,516,710,168,103,1,0,-1,-1
1418,7,666,606,161,65,1,0,-1,-1
1418,8,887,706,77,79,1,0,-1,-1
1418,9,1393,630,169,65,1,0,-1,-1
1418,10,1068,618,148,66,1,0,-1,-1
1418,11,858,481,107,46,1,0,-1,-1
1418,13,782,501,119,45,1,0,-1,-1
1418,14,826,548,141,61,1,0,-1,-1
1418,15,1073,489,99,39,1,0,-1,-1
1419,3,179,879,257,145,1,0,-1,-1
1419,4,32,786,190,111,1,0,-1,-1
1419,5,439,542,122,62,1,0,-1,-1
1419,6,515,710,168,103,1,0,-1,-1
1419,7,667,607,161,65,1,0,-1,-1
1419,8,886,706,77,79,1,0,-1,-1
1419,9,1393,632,169,65,1,0,-1,-1
1419,10,1069,618,148,66,1,0,-1,-1
1419,11,860,481,107,46,1,0,-1,-1
1419,13,782,500,119,45,1,0,-1,-1
1419,14,825,548,141,61,1,0,-1,-1
1419,15,1076,488,94,37,1,0,-1,-1
1420,3,179,879,257,145,1,0,-1,-1
1420,4,30,786,190,111,1,0,-1,-1
1420,5,439,540,122,62,1,0,-1,-1
1420,6,514,710,168,103,1,0,-1,-1
1420,7,666,607,161,65,1,0,-1,-1
1420,8,886,705,77,79,1,0,-1,-1
1420,9,1394,632,169,65,1,0,-1,-1
1420,10,1068,618,148,66,1,0,-1,-1
1420,11,860,481,107,46,1,0,-1,-1
1420,13,782,501,119,45,1,0,-1,-1
1420,14,824,548,141,61,1,0,-1,-1
1420,15,1076,489,94,37,1,0,-1,-1
1421,3,178,879,257,145,1,0,-1,-1
1421,4,30,785,190,111,1,0,-1,-1
1421,5,439,541,122,62,1,0,-1,-1
1421,6,515,711,168,103,1,0,-1,-1
1421,7,665,608,161,65,1,0,-1,-1
1421,8,887,705,77,79,1,0,-1,-1
1421,9,1394,632,169,65,1,0,-1,-1
1421,10,1067,619,148,66,1,0,-1,-1
1421,11,859,481,107,46,1,0,-1,-1
1421,13,782,501,119,45,1,0,-1,-1
1421,14,825,547,141,61,1,0,-1,-1
1421,15,1074,487,99,39,1,0,-1,-1
1422,3,177,878,257,145,1,0,-1,-1
1422,4,31,785,190,111,1,0,-1,-1
1422,5,441,541,122,62,1,0,-1,-1
1422,6,514,710,168,103,1,0,-1,-1
1422,7,666,607,161,65,1,0,-1,-1
1422,8,885,706,77,79,1,0,-1,-1
1422,9,1393,631,169,65,1,0,-1,-1
1422,10,1065,617,155,69,1,0,-1,-1
1422,11,859,481,107,46,1,0,-1,-1
1422,13,782,501,119,45,1,0,-1,-1
1422,14,824,547,141,61,1,0,-1,-1
1422,15,1075,487,99,39,1,0,-1,-1
1423,3,177,879,257,145,1,0,-1,-1
1423,4,30,786,190,111,1,0,-1,-1
1423,5,440,540,122,62,1,0,-1,-1
1423,6,513,709,168,103,1,0,-1,-1
1423,7,666,608,161,65,1,0,-1,-1
1423,8,885,706,77,79,1,0,-1,-1
1423,9,1394,631,169,65,1,0,-1,-1
1423,10,1065,616,155,69,1,0,-1,-1
1423,11,861,482,107,46,1,0,-1,-1
1423,13,783,502,119,45,1,0,-1,-1
1423,14,826,547,141,61,1,0,-1,-1
1423,15,1075,488,99,39,1,0,-1,-1
1423,17,6,452,101,40,1,0,-1,-1
1423,18,190,483,99,52,1,0,-1,-1
1424,3,179,881,257,145,1,0,-1,-1
1424,4,30,787,190,111,1,0,-1,-1
1424,5,442,542,122,62,1,0,-1,-1
1424,6,516,711,168,103,1,0,-1,-1
1424,7,665,608,161,65,1,0,-1,-1
1424,8,887,707,77,79,1,0,-1,-1
1424,9,1393,632,169,65,1,0,-1,-1
1424,10,1064,616,155,69,1,0,-1,-1
1424,11,860,484,107,46,1,0,-1,-1
1424,13,782,503,119,45,1,0,-1,-1
1424,14,823,547,141,61,1,0,-1,-1
1424,15,1075,488,99,39,1,0,-1,-1
1424,17,8,453,101,40,1,0,-1,-1
1424,18,195,484,99,52,1,0,-1,-1
1425,3,181,886,245,138,1,0,-1,-1
1425,4,31,787,190,111,1,0,-1,-1
1425,5,441,543,122,62,1,0,-1,-1
1425,6,515,711,168,103,1,0,-1,-1
1425,7,665,610,161,65,1,0,-1,-1
1425,8,885,708,77,79,1,0,-1,-1
1425,9,1393,633,169,65,1,0,-1,-1
1425,10,1064,616,155,69,1,0,-1,-1
1425,11,858,484,112,48,1,0,-1,-1
1425,13,786,505,113,43,1,0,-1,-1
1425,14,823,547,141,61,1,0,-1,-1
1425,15,1075,488,99,39,1,0,-1,-1
1425,17,10,454,101,40,1,0,-1,-1
1425,18,195,484,99,52,1,0,-1,-1
1426,3,181,885,245,138,1,0,-1,-1
1426,4,30,787,190,111,1,0,-1,-1
1426,5,441,543,122,62,1,0,-1,-1
1426,6,514,713,168,103,1,0,-1,-1
1426,7,664,609,161,65,1,0,-1,-1
1426,8,884,710,77,79,1,0,-1,-1
1426,9,1394,633,169,65,1,0,-1,-1
1426,10,1065,617,155,69,1,0,-1,-1
1426,11,859,483,112,48,1,0,-1,-1
1426,13,784,504,119,45,1,0,-1,-1
1426,14,824,547,141,61,1,0,-1,-1
1426,15,1075,489,99,39,1,0,-1,-1
1426,17,12,454,101,40,1,0,-1,-1
1426,18,195,484,99,52,1,0,-1,-1
1427,3,182,885,245,138,1,0,-1,-1
1427,4,30,788,190,111,1,0,-1,-1
1427,5,440,542,122,62,1,0,-1,-1
1427,6,514,713,168,103,1,0,-1,-1
1427,7,664,610,161,65,1,0,-1,-1
1427,8,884,710,77,79,1,0,-1,-1
1427,9,1394,634,169,65,1,0,-1,-1
1427,10,1065,617,155,69,1,0,-1,-1
1427,11,858,483,112,48,1,0,-1,-1
1427,13,784,504,119,45,1,0,-1,-1
1427,14,824,548,141,61,1,0,-1,-1
1427,15,1076,490,99,39,1,0,-1,-1
1427,17,11,456,101,40,1,0,-1,-1
1427,18,195,484,99,52,1,0,-1,-1
1428,3,181,884,245,138,1,0,-1,-1
1428,4,30,787,190,111,1,0,-1,-1
1428,5,442,543,122,62,1,0,-1,-1
1428,6,513,713,168,103,1,0,-1,-1
1428,7,668,611,153,62,1,0,-1,-1
1428,8,884,711,77,79,1,0,-1,-1
1428,9,1394,634,169,65,1,0,-1,-1
1428,10,1065,617,155,69,1,0,-1,-1
1428,11,859,483,112,48,1,0,-1,-1
1428,13,784,503,119,45,1,0,-1,-1
1428,14,824,550,141,61,1,0,-1,-1
1428,15,1075,489,99,39,1,0,-1,-1
1428,17,13,457,101,40,1,0,-1,-1
1428,18,196,483,99,52,1,0,-1,-1
1429,3,180,885,245,138,1,0,-1,-1
1429,4,30,786,190,111,1,0,-1,-1
1429,5,442,543,122,62,1,0,-1,-1
1429,6,514,713,168,103,1,0,-1,-1
1429,7,667,612,153,62,1,0,-1,-1
1429,8,885,711,77,79,1,0,-1,-1
1429,9,1394,634,169,65,1,0,-1,-1
1429,10,1064,617,155,69,1,0,-1,-1
1429,11,860,482,112,48,1,0,-1,-1
1429,13,782,503,125,47,1,0,-1,-1
1429,14,824,548,141,61,1,0,-1,-1
1429,15,1076,490,99,39,1,0,-1,-1
1429,17,10,455,106,42,1,0,-1,-1
1429,18,198,483,99,52,1,0,-1,-1
1430,3,180,885,245,138,1,0,-1,-1
1430,4,29,787,190,111,1,0,-1,-1
1430,5,440,541,128,65,1,0,-1,-1
1430,6,512,714,168,103,1,0,-1,-1
1430,7,668,612,153,62,1,0,-1,-1
1430,8,884,711,77,79,1,0,-1,-1
1430,9,1395,635,169,65,1,0,-1,-1
1430,10,1064,618,155,69,1,0,-1,-1
1430,11,861,483,112,48,1,0,-1,-1
1430,13,782,503,125,47,1,0,-1,-1
1430,14,824,548,141,61,1,0,-1,-1
1430,15,1077,491,99,39,1,0,-1,-1
1430,17,11,454,106,42,1,0,-1,-1
1430,18,198,484,99,52,1,0,-1,-1
1431,3,179,884,245,138,1,0,-1,-1
1431,4,29,787,190,111,1,0,-1,-1
1431,5,440,542,128,65,1,0,-1,-1
1431,6,512,713,168,103,1,0,-1,-1
1431,7,665,610,161,65,1,0,-1,-1
1431,8,884,711,77,79,1,0,-1,-1
1431,9,1394,634,169,65,1,0,-1,-1
1431,10,1064,618,155,69,1,0,-1,-1
1431,11,863,484,107,46,1,0,-1,-1
1431,13,782,503,125,47,1,0,-1,-1
1431,14,823,549,141,61,1,0,-1,-1
1431,15,1074,489,104,41,1,0,-1,-1
1431,17,12,454,106,42,1,0,-1,-1
1431,18,198,484,99,52,1,0,-1,-1
1432,3,179,884,245,138,1,0,-1,-1
1432,4,30,786,190,111,1,0,-1,-1
1432,5,441,540,128,65,1,0,-1,-1
1432,6,512,712,168,103,1,0,-1,-1
1432,7,665,611,161,65,1,0,-1,-1
1432,8,883,710,77,79,1,0,-1,-1
1432,9,1394,634,169,65,1,0,-1,-1
1432,10,1063,619,155,69,1,0,-1,-1
1432,11,863,484,107,46,1,0,-1,-1
1432,13,781,503,125,47,1,0,-1,-1
1432,14,824,549,141,61,1,0,-1,-1
1432,15,1075,490,104,41,1,0,-1,-1
1432,17,11,455,106,42,1,0,-1,-1
1432,18,199,483,99,52,1,0,-1,-1
1433,3,179,883,245,138,1,0,-1,-1
1433,4,29,787,190,111,1,0,-1,-1
1433,5,441,541,128,65,1,0,-1,-1
1433,6,512,713,168,103,1,0,-1,-1
1433,7,665,611,161,65,1,0,-1,-1
1433,8,882,711,77,79,1,0,-1,-1
1433,9,1394,635,169,65,1,0,-1,-1
1433,10,1063,618,155,69,1,0,-1,-1
1433,11,864,484,107,46,1,0,-1,-1
1433,13,783,503,119,45,1,0,-1,-1
1433,14,824,549,141,61,1,0,-1,-1
1433,15,1074,488,104,41,1,0,-1,-1
1433,17,13,455,106,42,1,0,-1,-1
1433,18,199,482,99,52,1,0,-1,-1
1434,3,177,884,245,138,1,0,-1,-1
1434,4,28,785,190,111,1,0,-1,-1
1434,5,445,544,122,62,1,0,-1,-1
1434,6,511,712,168,103,1,0,-1,-1
1434,7,666,610,161,65,1,0,-1,-1
1434,8,882,711,77,79,1,0,-1,-1
1434,9,1392,635,169,65,1,0,-1,-1
1434,10,1066,620,148,66,1,0,-1,-1
1434,11,864,485,107,46,1,0,-1,-1
1434,13,787,503,119,45,1,0,-1,-1
1434,14,824,548,141,61,1,0,-1,-1
1434,15,1075,490,104,41,1,0,-1,-1
1434,17,14,454,106,42,1,0,-1,-1
1434,18,200,483,99,52,1,0,-1,-1
1435,3,177,883,245,138,1,0,-1,-1
1435,4,27,786,190,111,1,0,-1,-1
1435,5,443,543,122,62,1,0,-1,-1
1435,6,512,712,168,103,1,0,-1,-1
1435,7,665,609,161,65,1,0,-1,-1
1435,8,882,711,77,79,1,0,-1,-1
1435,9,1393,636,169,65,1,0,-1,-1
1435,10,1067,621,148,66,1,0,-1,-1
1435,11,865,486,107,46,1,0,-1,-1
1435,13,787,504,119,45,1,0,-1,-1
1435,14,823,549,141,61,1,0,-1,-1
1435,15,1075,489,104,41,1,0,-1,-1
1435,17,14,455,106,42,1,0,-1,-1
1435,18,199,483,99,52,1,0,-1,-1
1436,3,177,883,245,138,1,0,-1,-1
1436,4,27,786,190,111,1,0,-1,-1
1436,5,443,543,122,62,1,0,-1,-1
1436,6,511,713,168,103,1,0,-1,-1
1436,7,665,610,161,65,1,0,-1,-1
1436,8,881,711,77,79,1,0,-1,-1
1436,9,1396,637,161,62,1,0,-1,-1
1436,10,1067,620,148,66,1,0,-1,-1
1436,11,865,485,107,46,1,0,-1,-1
1436,13,787,503,119,45,1,0,-1,-1
1436,14,823,549,141,61,1,0,-1,-1
1436,15,1076,489,104,41,1,0,-1,-1
1436,17,15,454,106,42,1,0,-1,-1
1436,18,199,484,99,52,1,0,-1,-1
1437,3,176,883,245,138,1,0,-1,-1
1437,4,27,785,190,111,1,0,-1,-1
1437,5,441,541,128,65,1,0,-1,-1
1437,6,512,712,168,103,1,0,-1,-1
1437,7,666,609,161,65,1,0,-1,-1
1437,8,881,710,77,79,1,0,-1,-1
1437,9,1397,637,161,62,1,0,-1,-1
1437,10,1066,620,148,66,1,0,-1,-1
1437,11,863,484,112,48,1,0,-1,-1
1437,13,787,504,119,45,1,0,-1,-1
1437,14,824,548,141,61,1,0,-1,-1
1437,15,1075,490,104,41,1,0,-1,-1
1437,17,14,455,106,42,1,0,-1,-1
1437,18,202,482,99,52,1,0,-1,-1
1438,3,173,883,245,138,1,0,-1,-1
1438,4,30,787,181,106,1,0,-1,-1
1438,5,442,541,128,65,1,0,-1,-1
1438,6,512,711,168,103,1,0,-1,-1
1438,7,666,609,161,65,1,0,-1,-1
1438,8,880,711,77,79,1,0,-1,-1
1438,9,1395,637,161,62,1,0,-1,-1
1438,10,1067,620,148,66,1,0,-1,-1
1438,11,864,484,112,48,1,0,-1,-1
1438,13,788,503,119,45,1,0,-1,-1
1438,14,823,549,141,61,1,0,-1,-1
1438,15,1076,489,104,41,1,0,-1,-1
1438,17,15,454,106,42,1,0,-1,-1
1438,18,200,480,104,55,1,0,-1,-1
1439,3,173,882,245,138,1,0,-1,-1
1439,4,30,788,181,106,1,0,-1,-1
1439,5,442,540,128,65,1,0,-1,-1
1439,6,512,712,168,103,1,0,-1,-1
1439,7,666,609,161,65,1,0,-1,-1
1439,8,880,711,77,79,1,0,-1,-1
1439,9,1395,637,161,62,1,0,-1,-1
1439,10,1066,620,148,66,1,0,-1,-1
1439,11,864,483,112,48,1,0,-1,-1
1439,13,788,504,119,45,1,0,-1,-1
1439,14,825,548,141,61,1,0,-1,-1
1439,15,1077,489,104,41,1,0,-1,-1
1439,17,15,454,106,42,1,0,-1,-1
1439,18,200,481,104,55,1,0,-1,-1
1440,3,173,881,245,138,1,0,-1,-1
1440,4,30,787,181,106,1,0,-1,-1
1440,5,442,541,128,65,1,0,-1,-1
1440,6,510,713,168,103,1,0,-1,-1
1440,7,668,612,153,62,1,0,-1,-1
1440,8,879,711,77,79,1,0,-1,-1
1440,9,1392,636,169,65,1,0,-1,-1
1440,10,1066,621,148,66,1,0,-1,-1
1440,11,864,483,112,48,1,0,-1,-1
1440,13,788,503,119,45,1,0,-1,-1
1440,14,825,550,141,61,1,0,-1,-1
1440,15,1077,490,104,41,1,0,-1,-1
1440,17,19,454,101,40,1,0,-1,-1
1440,18,200,481,104,55,1,0,-1,-1
1441,3,172,882,245,138,1,0,-1,-1
1441,4,30,787,181,106,1,0,-1,-1
1441,5,443,540,128,65,1,0,-1,-1
1441,6,510,711,168,103,1,0,-1,-1
1441,7,668,611,153,62,1,0,-1,-1
1441,8,880,711,77,79,1,0,-1,-1
1441,9,1393,636,169,65,1,0,-1,-1
1441,10,1067,620,148,66,1,0,-1,-1
1441,11,864,484,112,48,1,0,-1,-1
1441,13,787,503,119,45,1,0,-1,-1
1441,14,825,549,141,61,1,0,-1,-1
1441,15,1076,490,104,41,1,0,-1,-1
1441,17,18,454,106,42,1,0,-1,-1
1441,18,200,481,104,55,1,0,-1,-1
1442,3,171,882,245,138,1,0,-1,-1
1442,4,30,787,181,106,1,0,-1,-1
1442,5,446,542,122,62,1,0,-1,-1
1442,6,510,711,168,103,1,0,-1,-1
1442,7,669,611,153,62,1,0,-1,-1
1442,8,879,711,77,79,1,0,-1,-1
1442,9,1393,637,169,65,1,0,-1,-1
1442,10,1068,621,148,66,1,0,-1,-1
1442,11,863,485,112,48,1,0,-1,-1
1442,13,787,503,119,45,1,0,-1,-1
1442,14,825,550,141,61,1,0,-1,-1
1442,15,1076,490,104,41,1,0,-1,-1
1442,17,18,453,106,42,1,0,-1,-1
1442,18,200,481,104,55,1,0,-1,-1
1443,3,170,881,245,138,1,0,-1,-1
1443,4,30,786,181,106,1,0,-1,-1
1443,5,445,542,122,62,1,0,-1,-1
1443,6,509,711,168,103,1,0,-1,-1
1443,7,665,609,161,65,1,0,-1,-1
1443,8,879,711,77,79,1,0,-1,-1
1443,9,1397,639,161,62,1,0,-1,-1
1443,10,1066,619,148,66,1,0,-1,-1
1443,11,865,484,112,48,1,0,-1,-1
1443,13,788,503,119,45,1,0,-1,-1
1443,14,825,550,141,61,1,0,-1,-1
1443,15,1078,489,104,41,1,0,-1,-1
1443,17,19,453,106,42,1,0,-1,-1
1443,18,200,481,104,55,1,0,-1,-1
1444,3,171,880,245,138,1,0,-1,-1
1444,4,30,785,181,106,1,0,-1,-1
1444,5,446,541,122,62,1,0,-1,-1
1444,6,510,712,168,103,1,0,-1,-1
1444,7,665,609,161,65,1,0,-1,-1
1444,8,878,711,77,79,1,0,-1,-1
1444,9,1397,638,161,62,1,0,-1,-1
1444,10,1066,619,148,66,1,0,-1,-1
1444,11,865,485,112,48,1,0,-1,-1
1444,13,786,502,119,45,1,0,-1,-1
1444,14,825,549,141,61,1,0,-1,-1
1444,15,1078,489,104,41,1,0,-1,-1
1444,17,20,454,106,42,1,0,-1,-1
1444,18,202,481,104,55,1,0,-1,-1
1445,3,170,879,245,138,1,0,-1,-1
1445,4,28,785,181,106,1,0,-1,-1
1445,5,446,541,122,62,1,0,-1,-1
1445,6,510,712,168,103,1,0,-1,-1
1445,7,665,609,161,65,1,0,-1,-1
1445,8,879,712,77,79,1,0,-1,-1
1445,9,1396,639,161,62,1,0,-1,-1
1445,10,1066,620,148,66,1,0,-1,-1
1445,11,865,484,112,48,1,0,-1,-1
1445,13,787,503,119,45,1,0,-1,-1
1445,14,826,550,141,61,1,0,-1,-1
1445,15,1078,489,104,41,1,0,-1,-1
1445,17,20,453,106,42,1,0,-1,-1
1445,18,201,481,104,55,1,0,-1,-1
1446,3,168,881,245,138,1,0,-1,-1
1446,4,29,784,181,106,1,0,-1,-1
1446,5,446,541,122,62,1,0,-1,-1
1446,6,505,709,176,108,1,0,-1,-1
1446,7,666,610,161,65,1,0,-1,-1
1446,8,877,712,77,79,1,0,-1,-1
1446,9,1397,638,161,62,1,0,-1,-1
1446,10,1066,620,148,66,1,0,-1,-1
1446,11,865,484,112,48,1,0,-1,-1
1446,13,788,504,119,45,1,0,-1,-1
1446,14,825,550,141,61,1,0,-1,-1
1446,15,1077,490,104,41,1,0,-1,-1
1446,17,20,454,106,42,1,0,-1,-1
1446,18,202,479,104,55,1,0,-1,-1
1447,3,169,881,245,138,1,0,-1,-1
1447,4,29,785,181,106,1,0,-1,-1
1447,5,447,541,122,62,1,0,-1,-1
1447,6,505,708,176,108,1,0,-1,-1
1447,7,665,610,161,65,1,0,-1,-1
1447,8,877,711,77,79,1,0,-1,-1
1447,9,1397,639,161,62,1,0,-1,-1
1447,10,1066,620,148,66,1,0,-1,-1
1447,11,866,485,112,48,1,0,-1,-1
1447,13,788,505,119,45,1,0,-1,-1
1447,14,825,550,141,61,1,0,-1,-1
1447,15,1077,490,104,41,1,0,-1,-1
1447,17,22,454,106,42,1,0,-1,-1
1447,18,205,481,99,52,1,0,-1,-1
1448,3,168,879,245,138,1,0,-1,-1
1448,4,29,784,181,106,1,0,-1,-1
1448,5,447,540,122,62,1,0,-1,-1
1448,6,505,708,176,108,1,0,-1,-1
1448,7,665,610,161,65,1,0,-1,-1
1448,8,877,710,77,79,1,0,-1,-1
1448,9,1398,638,161,62,1,0,-1,-1
1448,10,1065,621,148,66,1,0,-1,-1
1448,11,866,485,112,48,1,0,-1,-1
1448,13,789,507,119,45,1,0,-1,-1
1448,14,825,549,141,61,1,0,-1,-1
1448,15,1077,491,104,41,1,0,-1,-1
1448,17,23,453,106,42,1,0,-1,-1
1448,18,205,481,99,52,1,0,-1,-1
1449,3,168,879,245,138,1,0,-1,-1
1449,4,29,784,181,106,1,0,-1,-1
1449,5,446,541,122,62,1,0,-1,-1
1449,6,504,708,176,108,1,0,-1,-1
1449,7,666,610,161,65,1,0,-1,-1
1449,8,876,710,77,79,1,0,-1,-1
1449,9,1398,639,161,62,1,0,-1,-1
1449,10,1065,621,148,66,1,0,-1,-1
1449,11,867,484,112,48,1,0,-1,-1
1449,13,788,507,119,45,1,0,-1,-1
1449,14,826,549,141,61,1,0,-1,-1
1449,15,1078,489,104,41,1,0,-1,-1
1449,17,22,453,106,42,1,0,-1,-1
1449,18,206,480,99,52,1,0,-1,-1
1450,3,168,879,245,138,1,0,-1,-1
1450,4,28,783,181,106,1,0,-1,-1
1450,5,448,540,122,62,1,0,-1,-1
1450,6,503,709,176,108,1,0,-1,-1
1450,7,664,609,161,65,1,0,-1,-1
1450,8,877,710,77,79,1,0,-1,-1
1450,9,1397,638,161,62,1,0,-1,-1
1450,10,1065,620,148,66,1,0,-1,-1
1450,11,867,485,112,48,1,0,-1,-1
1450,13,788,507,119,45,1,0,-1,-1
1450,14,826,549,141,61,1,0,-1,-1
1450,15,1078,489,104,41,1,0,-1,-1
1450,17,23,453,106,42,1,0,-1,-1
1450,18,207,481,99,52,1,0,-1,-1
1451,3,168,879,245,138,1,0,-1,-1
1451,4,29,784,181,106,1,0,-1,-1
1451,5,447,540,122,62,1,0,-1,-1
1451,6,504,709,176,108,1,0,-1,-1
1451,7,665,610,161,65,1,0,-1,-1
1451,8,876,710,77,79,1,0,-1,-1
1451,9,1398,639,161,62,1,0,-1,-1
1451,10,1065,621,148,66,1,0,-1,-1
1451,11,866,484,112,48,1,0,-1,-1
1451,13,788,507,119,45,1,0,-1,-1
1451,14,826,550,141,61,1,0,-1,-1
1451,15,1079,490,104,41,1,0,-1,-1
1451,17,24,453,106,42,1,0,-1,-1
1451,18,207,480,99,52,1,0,-1,-1
1452,3,168,877,245,138,1,0,-1,-1
1452,4,29,782,181,106,1,0,-1,-1
1452,5,447,541,122,62,1,0,-1,-1
1452,6,502,709,176,108,1,0,-1,-1
1452,7,665,610,161,65,1,0,-1,-1
1452,8,875,711,77,79,1,0,-1,-1
1452,9,1398,638,161,62,1,0,-1,-1
1452,10,1065,620,148,66,1,0,-1,-1
1452,11,867,485,112,48,1,0,-1,-1
1452,13,789,506,119,45,1,0,-1,-1
1452,14,826,549,141,61,1,0,-1,-1
1452,15,1080,490,104,41,1,0,-1,-1
1452,17,24,454,106,42,1,0,-1,-1
1452,18,207,480,99,52,1,0,-1,-1
1453,3,167,878,245,138,1,0,-1,-1
1453,4,25,780,190,111,1,0,-1,-1
1453,5,448,540,122,62,1,0,-1,-1
1453,6,502,708,176,108,1,0,-1,-1
1453,7,664,609,161,65,1,0,-1,-1
1453,8,874,712,77,79,1,0,-1,-1
1453,9,1393,636,169,65,1,0,-1,-1
1453,10,1064,621,148,66,1,0,-1,-1
1453,11,866,485,112,48,1,0,-1,-1
1453,13,789,506,119,45,1,0,-1,-1
1453,14,826,548,141,61,1,0,-1,-1
1453,15,1080,490,104,41,1,0,-1,-1
1453,17,26,454,106,42,1,0,-1,-1
1453,18,208,480,99,52,1,0,-1,-1
1454,3,167,878,245,138,1,0,-1,-1
1454,4,25,779,190,111,1,0,-1,-1
1454,5,449,540,122,62,1,0,-1,-1
1454,6,502,708,176,108,1,0,-1,-1
1454,7,664,610,161,65,1,0,-1,-1
1454,8,876,710,77,79,1,0,-1,-1
1454,9,1395,637,169,65,1,0,-1,-1
1454,10,1064,621,148,66,1,0,-1,-1
1454,11,866,485,112,48,1,0,-1,-1
1454,13,789,507,119,45,1,0,-1,-1
1454,14,826,548,141,61,1,0,-1,-1
1454,15,1079,490,104,41,1,0,-1,-1
1454,17,26,454,106,42,1,0,-1,-1
1454,18,208,480,99,52,1,0,-1,-1
1455,3,167,877,245,138,1,0,-1,-1
1455,4,25,778,190,111,1,0,-1,-1
1455,5,449,540,122,62,1,0,-1,-1
1455,6,500,709,176,108,1,0,-1,-1
1455,7,664,610,161,65,1,0,-1,-1
1455,8,875,711,77,79,1,0,-1,-1
1455,9,1394,637,169,65,1,0,-1,-1
1455,10,1065,620,148,66,1,0,-1,-1
1455,11,867,484,112,48,1,0,-1,-1
1455,13,790,506,119,45,1,0,-1,-1
1455,14,826,548,141,61,1,0,-1,-1
1455,15,1081,490,104,41,1,0,-1,-1
1455,17,27,453,106,42,1,0,-1,-1
1455,18,208,480,99,52,1,0,-1,-1
1456,3,166,878,245,138,1,0,-1,-1
1456,4,25,778,190,111,1,0,-1,-1
1456,5,449,540,122,62,1,0,-1,-1
1456,6,506,709,168,103,1,0,-1,-1
1456,7,664,610,161,65,1,0,-1,-1
1456,8,875,710,77,79,1,0,-1,-1
1456,9,1394,637,169,65,1,0,-1,-1
1456,10,1065,620,148,66,1,0,-1,-1
1456,11,867,485,112,48,1,0,-1,-1
1456,13,790,506,119,45,1,0,-1,-1
1456,14,826,548,141,61,1,0,-1,-1
1456,15,1081,490,104,41,1,0,-1,-1
1456,17,27,452,106,42,1,0,-1,-1
1456,18,209,479,99,52,1,0,-1,-1
1457,3,165,877,245,138,1,0,-1,-1
1457,4,24,779,190,111,1,0,-1,-1
1457,5,449,540,122,62,1,0,-1,-1
1457,6,506,710,168,103,1,0,-1,-1
1457,7,664,609,161,65,1,0,-1,-1
1457,8,874,710,77,79,1,0,-1,-1
1457,9,1395,638,169,65,1,0,-1,-1
1457,10,1061,619,155,69,1,0,-1,-1
1457,11,867,484,112,48,1,0,-1,-1
1457,13,791,506,119,45,1,0,-1,-1
1457,14,827,548,141,61,1,0,-1,-1
1457,15,1081,489,104,41,1,0,-1,-1
1457,17,27,452,106,42,1,0,-1,-1
1457,18,210,480,99,52,1,0,-1,-1
1458,3,165,876,245,138,1,0,-1,-1
1458,4,25,779,190,111,1,0,-1,-1
1458,5,449,540,122,62,1,0,-1,-1
1458,6,506,710,168,103,1,0,-1,-1
1458,7,664,610,161,65,1,0,-1,-1
1458,8,873,711,77,79,1,0,-1,-1
1458,9,1393,638,169,65,1,0,-1,-1
1458,10,1061,618,155,69,1,0,-1,-1
1458,11,868,485,112,48,1,0,-1,-1
1458,13,790,507,119,45,1,0,-1,-1
1458,14,827,550,134,58,1,0,-1,-1
1458,15,1081,490,104,41,1,0,-1,-1
1458,17,29,453,106,42,1,0,-1,-1
1458,18,211,482,94,50,1,0,-1,-1
1459,3,165,877,245,138,1,0,-1,-1
1459,4,24,777,190,111,1,0,-1,-1
1459,5,450,539,122,62,1,0,-1,-1
1459,6,505,709,168,103,1,0,-1,-1
1459,7,664,609,161,65,1,0,-1,-1
1459,8,873,711,77,79,1,0,-1,-1
1459,9,1395,637,169,65,1,0,-1,-1
1459,10,1065,621,148,66,1,0,-1,-1
1459,11,868,485,112,48,1,0,-1,-1
1459,13,791,506,119,45,1,0,-1,-1
1459,14,825,548,141,61,1,0,-1,-1
1459,15,1082,489,104,41,1,0,-1,-1
1459,17,29,453,106,42,1,0,-1,-1
1459,18,210,480,99,52,1,0,-1,-1
1460,3,165,876,245,138,1,0,-1,-1
1460,4,25,777,190,111,1,0,-1,-1
1460,5,450,540,122,62,1,0,-1,-1
1460,6,504,709,168,103,1,0,-1,-1
1460,7,664,609,161,65,1,0,-1,-1
1460,8,874,710,77,79,1,0,-1,-1
1460,9,1394,638,169,65,1,0,-1,-1
1460,10,1064,621,148,66,1,0,-1,-1
1460,11,868,484,112,48,1,0,-1,-1
1460,13,790,507,119,45,1,0,-1,-1
1460,14,826,548,141,61,1,0,-1,-1
1460,15,1082,490,104,41,1,0,-1,-1
1460,17,29,452,106,42,1,0,-1,-1
1460,18,212,482,94,50,1,0,-1,-1
1461,3,158,872,257,145,1,0,-1,-1
1461,4,24,777,190,111,1,0,-1,-1
1461,5,450,539,122,62,1,0,-1,-1
1461,6,505,708,168,103,1,0,-1,-1
1461,7,663,609,161,65,1,0,-1,-1
1461,8,873,711,77,79,1,0,-1,-1
1461,9,1394,638,169,65,1,0,-1,-1
1461,10,1064,620,148,66,1,0,-1,-1
1461,11,868,484,112,48,1,0,-1,-1
1461,13,790,507,119,45,1,0,-1,-1
1461,14,826,548,141,61,1,0,-1,-1
1461,15,1081,490,104,41,1,0,-1,-1
1461,17,31,452,106,42,1,0,-1,-1
1461,18,213,481,94,50,1,0,-1,-1
1462,3,157,872,257,145,1,0,-1,-1
1462,4,24,777,190,111,1,0,-1,-1
1462,5,449,540,122,62,1,0,-1,-1
1462,6,505,708,168,103,1,0,-1,-1
1462,7,663,608,161,65,1,0,-1,-1
1462,8,872,710,77,79,1,0,-1,-1
1462,9,1395,637,169,65,1,0,-1,-1
1462,10,1064,620,148,66,1,0,-1,-1
1462,11,870,485,112,48,1,0,-1,-1
1462,13,790,507,119,45,1,0,-1,-1
1462,14,826,547,141,61,1,0,-1,-1
1462,15,1081,490,104,41,1,0,-1,-1
1462,17,32,452,106,42,1,0,-1,-1
1462,18,212,482,94,50,1,0,-1,-1
1463,3,163,876,245,138,1,0,-1,-1
1463,4,24,777,190,111,1,0,-1,-1
1463,5,450,538,122,62,1,0,-1,-1
1463,6,504,708,168,103,1,0,-1,-1
1463,7,664,608,161,65,1,0,-1,-1
1463,8,872,710,77,79,1,0,-1,-1
1463,9,1394,637,169,65,1,0,-1,-1
1463,10,1064,621,148,66,1,0,-1,-1
1463,11,869,485,112,48,1,0,-1,-1
1463,13,791,508,119,45,1,0,-1,-1
1463,14,825,547,141,61,1,0,-1,-1
1463,15,1082,489,104,41,1,0,-1,-1
1463,17,32,453,106,42,1,0,-1,-1
1463,18,213,482,94,50,1,0,-1,-1
1464,3,161,875,245,138,1,0,-1,-1
1464,4,24,777,190,111,1,0,-1,-1
1464,5,450,538,122,62,1,0,-1,-1
1464,6,504,708,168,103,1,0,-1,-1
1464,7,663,609,161,65,1,0,-1,-1
1464,8,872,711,77,79,1,0,-1,-1
1464,9,1394,638,169,65,1,0,-1,-1
1464,10,1064,621,148,66,1,0,-1,-1
1464,11,869,485,112,48,1,0,-1,-1
1464,13,794,508,113,43,1,0,-1,-1
1464,14,825,548,141,61,1,0,-1,-1
1464,15,1082,489,104,41,1,0,-1,-1
1464,17,34,453,106,42,1,0,-1,-1
1464,18,214,481,94,50,1,0,-1,-1
1465,3,159,876,245,138,1,0,-1,-1
1465,4,23,777,190,111,1,0,-1,-1
1465,5,450,538,122,62,1,0,-1,-1
1465,6,504,707,168,103,1,0,-1,-1
1465,7,664,609,161,65,1,0,-1,-1
1465,8,873,710,77,79,1,0,-1,-1
1465,9,1393,637,169,65,1,0,-1,-1
1465,10,1064,620,148,66,1,0,-1,-1
1465,11,870,485,112,48,1,0,-1,-1
1465,13,793,508,113,43,1,0,-1,-1
1465,14,825,547,141,61,1,0,-1,-1
1465,15,1082,489,104,41,1,0,-1,-1
1465,17,35,452,106,42,1,0,-1,-1
1465,18,212,480,99,52,1,0,-1,-1
1466,3,160,874,245,138,1,0,-1,-1
1466,4,24,777,190,111,1,0,-1,-1
1466,5,451,538,122,62,1,0,-1,-1
1466,6,505,707,168,103,1,0,-1,-1
1466,7,665,608,161,65,1,0,-1,-1
1466,8,872,711,77,79,1,0,-1,-1
1466,9,1395,637,169,65,1,0,-1,-1
1466,10,1065,620,148,66,1,0,-1,-1
1466,11,871,485,112,48,1,0,-1,-1
1466,13,793,509,113,43,1,0,-1,-1
1466,14,826,548,141,61,1,0,-1,-1
1466,15,1083,489,104,41,1,0,-1,-1
1466,17,35,453,106,42,1,0,-1,-1
1466,18,214,479,99,52,1,0,-1,-1
1467,3,160,874,245,138,1,0,-1,-1
1467,4,23,776,190,111,1,0,-1,-1
1467,5,451,538,122,62,1,0,-1,-1
1467,6,503,707,168,103,1,0,-1,-1
1467,7,665,607,161,65,1,0,-1,-1
1467,8,870,710,77,79,1,0,-1,-1
1467,9,1394,637,169,65,1,0,-1,-1
1467,10,1064,620,148,66,1,0,-1,-1
1467,11,871,485,112,48,1,0,-1,-1
1467,13,794,507,113,43,1,0,-1,-1
1467,14,825,548,141,61,1,0,-1,-1
1467,15,1083,489,104,41,1,0,-1,-1
1467,17,36,453,106,42,1,0,-1,-1
1467,18,213,479,99,52,1,0,-1,-1
1468,3,158,873,245,138,1,0,-1,-1
1468,4,22,776,190,111,1,0,-1,-1
1468,5,451,538,122,62,1,0,-1,-1
1468,6,504,708,168,103,1,0,-1,-1
1468,7,665,607,161,65,1,0,-1,-1
1468,8,871,711,77,79,1,0,-1,-1
1468,9,1395,637,169,65,1,0,-1,-1
1468,10,1064,620,148,66,1,0,-1,-1
1468,11,871,485,112,48,1,0,-1,-1
1468,13,791,507,119,45,1,0,-1,-1
1468,14,826,549,141,61,1,0,-1,-1
1468,15,1083,489,104,41,1,0,-1,-1
1468,17,37,453,106,42,1,0,-1,-1
1468,18,215,479,99,52,1,0,-1,-1
1468,19,3,490,72,32,1,0,-1,-1
1469,3,158,874,245,138,1,0,-1,-1
1469,4,23,776,190,111,1,0,-1,-1
1469,5,452,537,122,62,1,0,-1,-1
1469,6,504,707,168,103,1,0,-1,-1
1469,7,664,607,161,65,1,0,-1,-1
1469,8,871,711,77,79,1,0,-1,-1
1469,9,1394,637,169,65,1,0,-1,-1
1469,10,1064,620,148,66,1,0,-1,-1
1469,11,871,485,112,48,1,0,-1,-1
1469,13,791,507,119,45,1,0,-1,-1
1469,14,825,548,141,61,1,0,-1,-1
1469,15,1083,489,104,41,1,0,-1,-1
1469,17,38,452,106,42,1,0,-1,-1
1469,18,214,478,99,52,1,0,-1,-1
1469,19,5,492,72,32,1,0,-1,-1
1470,3,157,873,245,138,1,0,-1,-1
1470,4,23,776,190,111,1,0,-1,-1
1470,5,451,537,122,62,1,0,-1,-1
1470,6,503,707,168,103,1,0,-1,-1
1470,7,664,607,161,65,1,0,-1,-1
1470,8,870,711,77,79,1,0,-1,-1
1470,9,1394,637,169,65,1,0,-1,-1
1470,10,1063,621,148,66,1,0,-1,-1
1470,11,871,485,112,48,1,0,-1,-1
1470,13,793,508,119,45,1,0,-1,-1
1470,14,827,549,141,61,1,0,-1,-1
1470,15,1084,489,104,41,1,0,-1,-1
1470,17,39,452,106,42,1,0,-1,-1
1470,18,216,478,99,52,1,0,-1,-1
1470,19,7,492,72,32,1,0,-1,-1
1471,3,157,872,245,138,1,0,-1,-1
1471,4,23,776,190,111,1,0,-1,-1
1471,5,452,537,122,62,1,0,-1,-1
1471,6,504,707,168,103,1,0,-1,-1
1471,7,663,608,161,65,1,0,-1,-1
1471,8,870,711,77,79,1,0,-1,-1
1471,9,1394,638,169,65,1,0,-1,-1
1471,10,1063,620,148,66,1,0,-1,-1
1471,11,872,484,112,48,1,0,-1,-1
1471,13,793,507,119,45,1,0,-1,-1
1471,14,828,551,134,58,1,0,-1,-1
1471,15,1084,489,104,41,1,0,-1,-1
1471,17,39,451,106,42,1,0,-1,-1
1471,18,215,478,99,52,1,0,-1,-1
1471,19,7,493,72,32,1,0,-1,-1
1472,3,156,872,245,138,1,0,-1,-1
1472,4,23,776,190,111,1,0,-1,-1
1472,5,451,537,122,62,1,0,-1,-1
1472,6,503,708,168,103,1,0,-1,-1
1472,7,664,608,161,65,1,0,-1,-1
1472,8,869,710,77,79,1,0,-1,-1
1472,9,1395,637,169,65,1,0,-1,-1
1472,10,1063,620,148,66,1,0,-1,-1
1472,11,871,484,112,48,1,0,-1,-1
1472,13,792,507,119,45,1,0,-1,-1
1472,14,828,550,134,58,1,0,-1,-1
1472,15,1084,489,104,41,1,0,-1,-1
1472,17,40,452,106,42,1,0,-1,-1
1472,18,216,478,99,52,1,0,-1,-1
1472,19,7,492,72,32,1,0,-1,-1
1473,3,155,872,245,138,1,0,-1,-1
1473,4,21,775,190,111,1,0,-1,-1
1473,5,451,537,122,62,1,0,-1,-1
1473,6,503,707,168,103,1,0,-1,-1
1473,7,664,607,161,65,1,0,-1,-1
1473,8,868,710,77,79,1,0,-1,-1
1473,9,1395,637,169,65,1,0,-1,-1
1473,10,1064,621,148,66,1,0,-1,-1
1473,11,873,484,112,48,1,0,-1,-1
1473,13,792,507,119,45,1,0,-1,-1
1473,14,829,550,134,58,1,0,-1,-1
1473,15,1084,488,104,41,1,0,-1,-1
1473,17,41,451,106,42,1,0,-1,-1
1473,18,217,478,99,52,1,0,-1,-1
1473,19,10,492,72,32,1,0,-1,-1
1474,3,156,872,245,138,1,0,-1,-1
1474,4,23,774,190,111,1,0,-1,-1
1474,5,453,537,122,62,1,0,-1,-1
1474,6,502,706,168,103,1,0,-1,-1
1474,7,664,606,161,65,1,0,-1,-1
1474,8,868,711,77,79,1,0,-1,-1
1474,9,1395,638,169,65,1,0,-1,-1
1474,10,1064,620,148,66,1,0,-1,-1
1474,11,872,485,112,48,1,0,-1,-1
1474,13,792,507,119,45,1,0,-1,-1
1474,14,827,548,141,61,1,0,-1,-1
1474,15,1085,489,104,41,1,0,-1,-1
1474,17,44,452,101,40,1,0,-1,-1
1474,18,217,477,99,52,1,0,-1,-1
1474,19,10,493,72,32,1,0,-1,-1
1475,3,156,871,245,138,1,0,-1,-1
1475,4,22,773,190,111,1,0,-1,-1
1475,5,453,538,122,62,1,0,-1,-1
1475,6,502,706,168,103,1,0,-1,-1
1475,7,664,606,161,65,1,0,-1,-1
1475,8,868,710,77,79,1,0,-1,-1
1475,9,1394,637,169,65,1,0,-1,-1
1475,10,1064,621,148,66,1,0,-1,-1
1475,11,873,485,112,48,1,0,-1,-1
1475,13,794,508,119,45,1,0,-1,-1
1475,14,826,549,141,61,1,0,-1,-1
1475,15,1084,489,104,41,1,0,-1,-1
1475,17,44,453,101,40,1,0,-1,-1
1475,18,218,478,99,52,1,0,-1,-1
1475,19,11,492,72,32,1,0,-1,-1
1476,3,155,872,245,138,1,0,-1,-1
1476,4,22,773,190,111,1,0,-1,-1
1476,5,454,537,122,62,1,0,-1,-1
1476,6,503,705,168,103,1,0,-1,-1
1476,7,664,606,161,65,1,0,-1,-1
1476,8,867,710,77,79,1,0,-1,-1
1476,9,1394,638,169,65,1,0,-1,-1
1476,10,1064,620,148,66,1,0,-1,-1
1476,11,873,484,112,48,1,0,-1,-1
1476,13,794,506,119,45,1,0,-1,-1
1476,14,826,548,141,61,1,0,-1,-1
1476,15,1083,488,109,43,1,0,-1,-1
1476,17,48,454,96,38,1,0,-1,-1
1476,18,219,477,99,52,1,0,-1,-1
1476,19,12,493,72,32,1,0,-1,-1
1477,3,154,871,245,138,1,0,-1,-1
1477,4,23,772,190,111,1,0,-1,-1
1477,5,453,537,122,62,1,0,-1,-1
1477,6,502,705,168,103,1,0,-1,-1
1477,7,664,606,161,65,1,0,-1,-1
1477,8,868,711,77,79,1,0,-1,-1
1477,9,1395,638,169,65,1,0,-1,-1
1477,10,1065,621,148,66,1,0,-1,-1
1477,11,873,485,112,48,1,0,-1,-1
1477,13,793,506,119,45,1,0,-1,-1
1477,14,826,548,141,61,1,0,-1,-1
1477,15,1086,489,104,41,1,0,-1,-1
1477,17,48,454,96,38,1,0,-1,-1
1477,18,218,478,99,52,1,0,-1,-1
1477,19,12,492,72,32,1,0,-1,-1
1478,3,155,870,245,138,1,0,-1,-1
1478,4,23,772,190,111,1,0,-1,-1
1478,5,454,536,122,62,1,0,-1,-1
1478,6,503,706,168,103,1,0,-1,-1
1478,7,664,607,161,65,1,0,-1,-1
1478,8,867,710,77,79,1,0,-1,-1
1478,9,1394,638,169,65,1,0,-1,-1
1478,10,1064,620,148,66,1,0,-1,-1
1478,11,873,485,112,48,1,0,-1,-1
1478,13,794,506,119,45,1,0,-1,-1
1478,14,826,547,141,61,1,0,-1,-1
1478,15,1085,488,104,41,1,0,-1,-1
1478,17,50,453,96,38,1,0,-1,-1
1478,18,219,477,99,52,1,0,-1,-1
1478,19,12,493,72,32,1,0,-1,-1
1479,3,153,871,245,138,1,0,-1,-1
1479,4,21,773,190,111,1,0,-1,-1
1479,5,453,536,122,62,1,0,-1,-1
1479,6,501,706,168,103,1,0,-1,-1
1479,7,665,606,161,65,1,0,-1,-1
1479,8,867,710,77,79,1,0,-1,-1
1479,9,1395,637,169,65,1,0,-1,-1
1479,10,1065,622,148,66,1,0,-1,-1
1479,11,874,485,112,48,1,0,-1,-1
1479,13,793,506,119,45,1,0,-1,-1
1479,14,826,547,141,61,1,0,-1,-1
1479,15,1089,490,99,39,1,0,-1,-1
1479,17,50,453,96,38,1,0,-1,-1
1479,18,221,477,99,52,1,0,-1,-1
1479,19,14,492,72,32,1,0,-1,-1
1480,3,153,870,245,138,1,0,-1,-1
1480,4,23,772,190,111,1,0,-1,-1
1480,5,454,536,122,62,1,0,-1,-1
1480,6,502,707,168,103,1,0,-1,-1
1480,7,664,606,161,65,1,0,-1,-1
1480,8,867,710,77,79,1,0,-1,-1
1480,9,1395,637,169,65,1,0,-1,-1
1480,10,1064,622,148,66,1,0,-1,-1
1480,11,874,485,112,48,1,0,-1,-1
1480,13,795,506,119,45,1,0,-1,-1
1480,14,826,548,141,61,1,0,-1,-1
1480,15,1087,489,104,41,1,0,-1,-1
1480,17,51,453,96,38,1,0,-1,-1
1480,18,221,476,99,52,1,0,-1,-1
1480,19,14,492,72,32,1,0,-1,-1
1481,3,152,871,245,138,1,0,-1,-1
1481,4,21,772,190,111,1,0,-1,-1
1481,5,455,536,122,62,1,0,-1,-1
1481,6,502,706,168,103,1,0,-1,-1
1481,7,664,607,161,65,1,0,-1,-1
1481,8,866,710,77,79,1,0,-1,-1
1481,9,1395,637,169,65,1,0,-1,-1
1481,10,1064,622,148,66,1,0,-1,-1
1481,11,874,485,112,48,1,0,-1,-1
1481,13,795,507,119,45,1,0,-1,-1
1481,14,826,547,141,61,1,0,-1,-1
1481,15,1087,489,104,41,1,0,-1,-1
1481,17,52,454,96,38,1,0,-1,-1
1481,18,221,477,99,52,1,0,-1,-1
1481,19,14,492,72,32,1,0,-1,-1
1482,3,152,871,245,138,1,0,-1,-1
1482,4,22,773,190,111,1,0,-1,-1
1482,5,454,536,122,62,1,0,-1,-1
1482,6,500,706,168,103,1,0,-1,-1
1482,7,665,605,161,65,1,0,-1,-1
1482,8,865,709,77,79,1,0,-1,-1
1482,9,1395,637,169,65,1,0,-1,-1
1482,10,1065,622,148,66,1,0,-1,-1
1482,11,874,485,112,48,1,0,-1,-1
1482,13,793,505,119,45,1,0,-1,-1
1482,14,827,547,141,61,1,0,-1,-1
1482,15,1088,489,104,41,1,0,-1,-1
1482,17,53,454,96,38,1,0,-1,-1
1482,18,221,476,99,52,1,0,-1,-1
1482,19,15,491,72,32,1,0,-1,-1
1483,3,151,870,245,138,1,0,-1,-1
1483,4,22,771,190,111,1,0,-1,-1
1483,5,455,536,122,62,1,0,-1,-1
1483,6,501,706,168,103,1,0,-1,-1
1483,7,665,605,161,65,1,0,-1,-1
1483,8,866,710,77,79,1,0,-1,-1
1483,9,1394,637,169,65,1,0,-1,-1
1483,10,1064,622,148,66,1,0,-1,-1
1483,11,874,484,112,48,1,0,-1,-1
1483,13,795,505,119,45,1,0,-1,-1
1483,14,826,548,141,61,1,0,-1,-1
1483,15,1087,489,104,41,1,0,-1,-1
1483,17,53,454,96,38,1,0,-1,-1
1483,18,221,477,99,52,1,0,-1,-1
1483,19,16,492,72,32,1,0,-1,-1
1484,3,151,871,245,138,1,0,-1,-1
1484,4,20,771,190,111,1,0,-1,-1
1484,5,454,536,122,62,1,0,-1,-1
1484,6,501,705,168,103,1,0,-1,-1
1484,7,664,605,161,65,1,0,-1,-1
1484,8,865,709,77,79,1,0,-1,-1
1484,9,1395,637,169,65,1,0,-1,-1
1484,10,1064,621,148,66,1,0,-1,-1
1484,11,875,484,112,48,1,0,-1,-1
1484,13,795,507,119,45,1,0,-1,-1
1484,14,827,547,141,61,1,0,-1,-1
1484,15,1087,488,104,41,1,0,-1,-1
1484,17,53,453,96,38,1,0,-1,-1
1484,18,221,477,99,52,1,0,-1,-1
1484,19,17,491,72,32,1,0,-1,-1
1485,3,151,870,245,138,1,0,-1,-1
1485,4,20,770,190,111,1,0,-1,-1
1485,5,455,535,122,62,1,0,-1,-1
1485,6,501,706,168,103,1,0,-1,-1
1485,7,665,605,161,65,1,0,-1,-1
1485,8,864,710,77,79,1,0,-1,-1
1485,9,1395,637,169,65,1,0,-1,-1
1485,10,1065,622,148,66,1,0,-1,-1
1485,11,874,485,112,48,1,0,-1,-1
1485,13,794,506,119,45,1,0,-1,-1
1485,14,826,548,141,61,1,0,-1,-1
1485,15,1087,488,104,41,1,0,-1,-1
1485,17,54,452,96,38,1,0,-1,-1
1485,18,223,477,99,52,1,0,-1,-1
1485,19,17,491,72,32,1,0,-1,-1
1486,3,150,869,245,138,1,0,-1,-1
1486,4,21,770,190,111,1,0,-1,-1
1486,5,455,536,122,62,1,0,-1,-1
1486,6,499,705,168,103,1,0,-1,-1
1486,7,667,607,153,62,1,0,-1,-1
1486,8,864,710,77,79,1,0,-1,-1
1486,9,1395,638,169,65,1,0,-1,-1
1486,10,1062,621,155,69,1,0,-1,-1
1486,11,874,485,112,48,1,0,-1,-1
1486,13,795,506,119,45,1,0,-1,-1
1486,14,826,548,141,61,1,0,-1,-1
1486,15,1088,489,104,41,1,0,-1,-1
1486,17,54,453,96,38,1,0,-1,-1
1486,18,222,475,99,52,1,0,-1,-1
1486,19,18,491,72,32,1,0,-1,-1
1487,3,150,868,245,138,1,0,-1,-1
1487,4,20,771,190,111,1,0,-1,-1
1487,5,455,535,122,62,1,0,-1,-1
1487,6,499,704,168,103,1,0,-1,-1
1487,7,665,606,161,65,1,0,-1,-1
1487,8,865,711,77,79,1,0,-1,-1
1487,9,1395,638,169,65,1,0,-1,-1
1487,10,1061,620,155,69,1,0,-1,-1
1487,11,874,485,112,48,1,0,-1,-1
1487,13,795,507,119,45,1,0,-1,-1
1487,14,826,547,141,61,1,0,-1,-1
1487,15,1088,488,104,41,1,0,-1,-1
1487,17,54,452,96,38,1,0,-1,-1
1487,18,222,476,99,52,1,0,-1,-1
1487,19,19,492,72,32,1,0,-1,-1
1488,3,149,868,245,138,1,0,-1,-1
1488,4,20,771,190,111,1,0,-1,-1
1488,5,455,536,122,62,1,0,-1,-1
1488,6,498,704,168,103,1,0,-1,-1
1488,7,665,605,161,65,1,0,-1,-1
1488,8,864,712,77,79,1,0,-1,-1
1488,9,1395,637,169,65,1,0,-1,-1
1488,10,1061,620,155,69,1,0,-1,-1
1488,11,874,484,112,48,1,0,-1,-1
1488,13,795,505,119,45,1,0,-1,-1
1488,14,827,547,141,61,1,0,-1,-1
1488,15,1089,489,104,41,1,0,-1,-1
1488,17,55,452,96,38,1,0,-1,-1
1488,18,222,475,99,52,1,0,-1,-1
1488,19,20,491,72,32,1,0,-1,-1
1489,3,150,868,245,138,1,0,-1,-1
1489,4,20,770,190,111,1,0,-1,-1
1489,5,455,536,122,62,1,0,-1,-1
1489,6,498,705,168,103,1,0,-1,-1
1489,7,664,606,161,65,1,0,-1,-1
1489,8,864,711,77,79,1,0,-1,-1
1489,9,1396,637,169,65,1,0,-1,-1
1489,10,1062,620,155,69,1,0,-1,-1
1489,11,874,485,112,48,1,0,-1,-1
1489,13,796,505,119,45,1,0,-1,-1
1489,14,826,548,141,61,1,0,-1,-1
1489,15,1089,489,104,41,1,0,-1,-1
1489,17,56,453,96,38,1,0,-1,-1
1489,18,222,475,99,52,1,0,-1,-1
1489,19,20,492,72,32,1,0,-1,-1
1490,3,150,868,245,138,1,0,-1,-1
1490,4,21,769,190,111,1,0,-1,-1
1490,5,456,536,122,62,1,0,-1,-1
1490,6,497,704,168,103,1,0,-1,-1
1490,7,665,605,161,65,1,0,-1,-1
1490,8,863,711,77,79,1,0,-1,-1
1490,9,1396,637,169,65,1,0,-1,-1
1490,10,1062,620,155,69,1,0,-1,-1
1490,11,874,484,112,48,1,0,-1,-1
1490,13,795,505,119,45,1,0,-1,-1
1490,14,826,547,141,61,1,0,-1,-1
1490,15,1088,489,104,41,1,0,-1,-1
1490,17,55,453,96,38,1,0,-1,-1
1490,18,222,475,99,52,1,0,-1,-1
1490,19,20,491,72,32,1,0,-1,-1
1491,3,147,867,245,138,1,0,-1,-1
1491,4,20,768,190,111,1,0,-1,-1
1491,5,457,535,122,62,1,0,-1,-1
1491,6,497,705,168,103,1,0,-1,-1
1491,7,664,606,161,65,1,0,-1,-1
1491,8,862,711,77,79,1,0,-1,-1
1491,9,1396,638,169,65,1,0,-1,-1
1491,10,1061,622,155,69,1,0,-1,-1
1491,11,876,484,112,48,1,0,-1,-1
1491,13,796,505,119,45,1,0,-1,-1
1491,14,827,547,141,61,1,0,-1,-1
1491,15,1088,489,104,41,1,0,-1,-1
1491,17,57,452,96,38,1,0,-1,-1
1491,18,223,475,99,52,1,0,-1,-1
1491,19,20,491,72,32,1,0,-1,-1
1492,3,148,867,245,138,1,0,-1,-1
1492,4,20,768,190,111,1,0,-1,-1
1492,5,457,535,122,62,1,0,-1,-1
1492,6,497,705,168,103,1,0,-1,-1
1492,7,664,605,161,65,1,0,-1,-1
1492,8,863,711,77,79,1,0,-1,-1
1492,9,1395,638,169,65,1,0,-1,-1
1492,10,1060,622,155,69,1,0,-1,-1
1492,11,875,485,112,48,1,0,-1,-1
1492,13,795,505,119,45,1,0,-1,-1
1492,14,826,548,141,61,1,0,-1,-1
1492,15,1088,488,104,41,1,0,-1,-1
1492,17,58,452,96,38,1,0,-1,-1
1492,18,224,475,99,52,1,0,-1,-1
1492,19,21,491,72,32,1,0,-1,-1
1493,3,148,867,245,138,1,0,-1,-1
1493,4,19,769,190,111,1,0,-1,-1
1493,5,456,535,122,62,1,0,-1,-1
1493,6,497,704,168,103,1,0,-1,-1
1493,7,663,605,161,65,1,0,-1,-1
1493,8,863,711,77,79,1,0,-1,-1
1493,9,1394,638,169,65,1,0,-1,-1
1493,10,1060,621,155,69,1,0,-1,-1
1493,11,875,485,112,48,1,0,-1,-1
1493,13,796,505,119,45,1,0,-1,-1
1493,14,826,547,141,61,1,0,-1,-1
1493,15,1089,488,104,41,1,0,-1,-1
1493,17,59,453,96,38,1,0,-1,-1
1493,18,224,475,99,52,1,0,-1,-1
1493,19,21,490,72,32,1,0,-1,-1
1494,3,147,866,245,138,1,0,-1,-1
1494,4,19,768,190,111,1,0,-1,-1
1494,5,458,534,122,62,1,0,-1,-1
1494,6,496,704,168,103,1,0,-1,-1
1494,7,664,606,161,65,1,0,-1,-1
1494,8,863,710,77,79,1,0,-1,-1
1494,9,1395,639,169,65,1,0,-1,-1
1494,10,1059,621,155,69,1,0,-1,-1
1494,11,875,485,112,48,1,0,-1,-1
1494,13,796,505,119,45,1,0,-1,-1
1494,14,826,548,141,61,1,0,-1,-1
1494,15,1089,488,104,41,1,0,-1,-1
1494,17,60,452,96,38,1,0,-1,-1
1494,18,225,475,99,52,1,0,-1,-1
1494,19,22,491,72,32,1,0,-1,-1
1495,3,145,866,245,138,1,0,-1,-1
1495,4,19,769,190,111,1,0,-1,-1
1495,5,456,535,122,62,1,0,-1,-1
1495,6,495,705,168,103,1,0,-1,-1
1495,7,664,605,161,65,1,0,-1,-1
1495,8,862,711,77,79,1,0,-1,-1
1495,9,1395,639,169,65,1,0,-1,-1
1495,10,1060,621,155,69,1,0,-1,-1
1495,11,876,485,112,48,1,0,-1,-1
1495,13,796,505,119,45,1,0,-1,-1
1495,14,827,548,141,61,1,0,-1,-1
1495,15,1092,489,99,39,1,0,-1,-1
1495,17,60,452,96,38,1,0,-1,-1
1495,18,225,474,99,52,1,0,-1,-1
1495,19,22,490,72,32,1,0,-1,-1
1496,3,145,867,245,138,1,0,-1,-1
1496,4,18,768,190,111,1,0,-1,-1
1496,5,456,534,122,62,1,0,-1,-1
1496,6,495,704,168,103,1,0,-1,-1
1496,7,664,605,161,65,1,0,-1,-1
1496,8,861,710,77,79,1,0,-1,-1
1496,9,1394,639,169,65,1,0,-1,-1
1496,10,1060,622,155,69,1,0,-1,-1
1496,11,875,485,112,48,1,0,-1,-1
1496,13,796,506,119,45,1,0,-1,-1
1496,14,826,547,141,61,1,0,-1,-1
1496,15,1091,490,99,39,1,0,-1,-1
1496,17,60,451,96,38,1,0,-1,-1
1496,18,225,474,99,52,1,0,-1,-1
1496,19,23,490,72,32,1,0,-1,-1
1497,3,143,866,245,138,1,0,-1,-1
1497,4,18,769,190,111,1,0,-1,-1
1497,5,457,535,122,62,1,0,-1,-1
1497,6,495,705,168,103,1,0,-1,-1
1497,7,663,606,161,65,1,0,-1,-1
1497,8,860,710,77,79,1,0,-1,-1
1497,9,1393,640,169,65,1,0,-1,-1
1497,10,1059,621,155,69,1,0,-1,-1
1497,11,877,484,112,48,1,0,-1,-1
1497,13,796,506,119,45,1,0,-1,-1
1497,14,827,547,141,61,1,0,-1,-1
1497,15,1092,490,99,39,1,0,-1,-1
1497,17,61,451,96,38,1,0,-1,-1
1497,18,225,475,99,52,1,0,-1,-1
1497,19,23,491,72,32,1,0,-1,-1
1498,3,138,862,257,145,1,0,-1,-1
1498,4,19,769,190,111,1,0,-1,-1
1498,5,458,535,122,62,1,0,-1,-1
1498,6,494,705,168,103,1,0,-1,-1
1498,7,663,606,161,65,1,0,-1,-1
1498,8,859,710,77,79,1,0,-1,-1
1498,9,1394,638,169,65,1,0,-1,-1
1498,10,1060,621,155,69,1,0,-1,-1
1498,11,877,484,112,48,1,0,-1,-1
1498,13,797,506,119,45,1,0,-1,-1
1498,14,827,547,141,61,1,0,-1,-1
1498,15,1093,490,99,39,1,0,-1,-1
1498,17,62,452,96,38,1,0,-1,-1
1498,18,225,475,99,52,1,0,-1,-1
1498,19,25,491,72,32,1,0,-1,-1
1499,3,138,863,257,145,1,0,-1,-1
1499,4,18,768,190,111,1,0,-1,-1
1499,5,457,535,122,62,1,0,-1,-1
1499,6,494,705,168,103,1,0,-1,-1
1499,7,662,605,161,65,1,0,-1,-1
1499,8,859,710,77,79,1,0,-1,-1
1499,9,1394,639,169,65,1,0,-1,-1
1499,10,1060,621,155,69,1,0,-1,-1
1499,11,877,483,112,48,1,0,-1,-1
1499,13,796,507,119,45,1,0,-1,-1
1499,14,826,547,141,61,1,0,-1,-1
1499,15,1090,490,104,41,1,0,-1,-1
1499,17,62,452,96,38,1,0,-1,-1
1499,18,226,474,99,52,1,0,-1,-1
1499,19,25,491,72,32,1,0,-1,-1
1500,3,139,863,257,145,1,0,-1,-1
1500,4,19,767,190,111,1,0,-1,-1
1500,5,458,535,122,62,1,0,-1,-1
1500,6,493,704,168,103,1,0,-1,-1
1500,7,662,604,161,65,1,0,-1,-1
1500,8,859,709,77,79,1,0,-1,-1
1500,9,1394,640,169,65,1,0,-1,-1
1500,10,1058,621,155,69,1,0,-1,-1
1500,11,876,483,112,48,1,0,-1,-1
1500,13,797,507,119,45,1,0,-1,-1
1500,14,827,547,141,61,1,0,-1,-1
1500,15,1090,489,104,41,1,0,-1,-1
1500,17,62,451,96,38,1,0,-1,-1
1500,18,226,474,99,52,1,0,-1,-1
1500,19,25,491,72,32,1,0,-1,-1
1501,3,141,866,245,138,1,0,-1,-1
1501,4,18,768,190,111,1,0,-1,-1
1501,5,458,534,122,62,1,0,-1,-1
1501,6,493,704,168,103,1,0,-1,-1
1501,7,661,605,161,65,1,0,-1,-1
1501,8,859,710,77,79,1,0,-1,-1
1501,9,1393,640,169,65,1,0,-1,-1
1501,10,1058,621,155,69,1,0,-1,-1
1501,11,876,484,112,48,1,0,-1,-1
1501,13,798,506,119,45,1,0,-1,-1
1501,14,827,548,141,61,1,0,-1,-1
1501,15,1091,490,104,41,1,0,-1,-1
1501,17,63,451,96,38,1,0,-1,-1
1501,18,226,475,99,52,1,0,-1,-1
1501,19,25,489,72,32,1,0,-1,-1
1502,3,142,865,245,138,1,0,-1,-1
1502,4,17,768,190,111,1,0,-1,-1
1502,5,458,534,122,62,1,0,-1,-1
1502,6,493,704,168,103,1,0,-1,-1
1502,7,662,605,161,65,1,0,-1,-1
1502,8,859,710,77,79,1,0,-1,-1
1502,9,1394,640,169,65,1,0,-1,-1
1502,10,1058,621,155,69,1,0,-1,-1
1502,11,877,484,112,48,1,0,-1,-1
1502,13,797,507,119,45,1,0,-1,-1
1502,14,826,548,141,61,1,0,-1,-1
1502,15,1091,490,104,41,1,0,-1,-1
1502,17,64,452,96,38,1,0,-1,-1
1502,18,227,474,99,52,1,0,-1,-1
1502,19,27,490,72,32,1,0,-1,-1
1503,3,141,866,245,138,1,0,-1,-1
1503,4,18,767,190,111,1,0,-1,-1
1503,5,459,535,122,62,1,0,-1,-1
1503,6,493,704,168,103,1,0,-1,-1
1503,7,661,605,161,65,1,0,-1,-1
1503,8,858,711,77,79,1,0,-1,-1
1503,9,1393,639,169,65,1,0,-1,-1
1503,10,1059,621,155,69,1,0,-1,-1
1503,11,877,483,112,48,1,0,-1,-1
1503,13,797,506,119,45,1,0,-1,-1
1503,14,826,547,141,61,1,0,-1,-1
1503,15,1090,490,104,41,1,0,-1,-1
1503,17,64,450,96,38,1,0,-1,-1
1503,18,228,475,99,52,1,0,-1,-1
1503,19,26,490,72,32,1,0,-1,-1
1504,3,140,865,245,138,1,0,-1,-1
1504,4,17,767,190,111,1,0,-1,-1
1504,5,459,535,122,62,1,0,-1,-1
1504,6,494,704,168,103,1,0,-1,-1
1504,7,661,604,161,65,1,0,-1,-1
1504,8,857,711,77,79,1,0,-1,-1
1504,9,1393,639,169,65,1,0,-1,-1
1504,10,1058,622,155,69,1,0,-1,-1
1504,11,877,484,112,48,1,0,-1,-1
1504,13,798,507,119,45,1,0,-1,-1
1504,14,827,548,141,61,1,0,-1,-1
1504,15,1090,490,104,41,1,0,-1,-1
1504,17,66,451,96,38,1,0,-1,-1
1504,18,227,474,99,52,1,0,-1,-1
1504,19,28,489,72,32,1,0,-1,-1
1505,3,139,864,245,138,1,0,-1,-1
1505,4,17,766,190,111,1,0,-1,-1
1505,5,458,534,122,62,1,0,-1,-1
1505,6,494,704,168,103,1,0,-1,-1
1505,7,661,604,161,65,1,0,-1,-1
1505,8,857,711,77,79,1,0,-1,-1
1505,9,1393,639,169,65,1,0,-1,-1
1505,10,1058,622,155,69,1,0,-1,-1
1505,11,877,484,112,48,1,0,-1,-1
1505,13,797,506,119,45,1,0,-1,-1
1505,14,826,548,141,61,1,0,-1,-1
1505,15,1091,489,104,41,1,0,-1,-1
1505,17,64,450,96,38,1,0,-1,-1
1505,18,227,474,99,52,1,0,-1,-1
1505,19,27,489,72,32,1,0,-1,-1
1506,3,138,865,245,138,1,0,-1,-1
1506,4,18,767,190,111,1,0,-1,-1
1506,5,459,534,122,62,1,0,-1,-1
1506,6,493,703,168,103,1,0,-1,-1
1506,7,661,604,161,65,1,0,-1,-1
1506,8,857,710,77,79,1,0,-1,-1
1506,9,1393,639,169,65,1,0,-1,-1
1506,10,1059,622,155,69,1,0,-1,-1
1506,11,878,483,112,48,1,0,-1,-1
1506,13,798,506,119,45,1,0,-1,-1
1506,14,826,548,141,61,1,0,-1,-1
1506,15,1091,490,104,41,1,0,-1,-1
1506,17,66,450,96,38,1,0,-1,-1
1506,18,228,475,99,52,1,0,-1,-1
1506,19,28,488,72,32,1,0,-1,-1
1507,3,139,864,245,138,1,0,-1,-1
1507,4,16,766,190,111,1,0,-1,-1
1507,5,458,534,122,62,1,0,-1,-1
1507,6,493,703,168,103,1,0,-1,-1
1507,7,660,604,161,65,1,0,-1,-1
1507,8,856,711,77,79,1,0,-1,-1
1507,9,1392,639,169,65,1,0,-1,-1
1507,10,1059,621,155,69,1,0,-1,-1
1507,11,879,485,112,48,1,0,-1,-1
1507,13,798,506,119,45,1,0,-1,-1
1507,14,825,547,141,61,1,0,-1,-1
1507,15,1091,490,104,41,1,0,-1,-1
1507,17,67,451,96,38,1,0,-1,-1
1507,18,227,474,99,52,1,0,-1,-1
1507,19,28,488,72,32,1,0,-1,-1
1508,3,137,865,245,138,1,0,-1,-1
1508,4,16,767,190,111,1,0,-1,-1
1508,5,459,534,122,62,1,0,-1,-1
1508,6,492,702,168,103,1,0,-1,-1
1508,7,660,604,161,65,1,0,-1,-1
1508,8,856,710,77,79,1,0,-1,-1
1508,9,1393,640,169,65,1,0,-1,-1
1508,10,1057,622,155,69,1,0,-1,-1
1508,11,878,484,112,48,1,0,-1,-1
1508,13,797,507,119,45,1,0,-1,-1
1508,14,826,547,141,61,1,0,-1,-1
1508,15,1091,490,104,41,1,0,-1,-1
1508,17,67,451,96,38,1,0,-1,-1
1508,18,228,473,99,52,1,0,-1,-1
1508,19,28,488,72,32,1,0,-1,-1
1509,3,138,864,245,138,1,0,-1,-1
1509,4,14,766,190,111,1,0,-1,-1
1509,5,459,535,122,62,1,0,-1,-1
1509,6,492,703,168,103,1,0,-1,-1
1509,7,660,605,161,65,1,0,-1,-1
1509,8,855,710,77,79,1,0,-1,-1
1509,9,1392,640,169,65,1,0,-1,-1
1509,10,1059,621,155,69,1,0,-1,-1
1509,11,879,483,112,48,1,0,-1,-1
1509,13,797,506,119,45,1,0,-1,-1
1509,14,825,547,141,61,1,0,-1,-1
1509,15,1092,490,104,41,1,0,-1,-1
1509,17,68,450,96,38,1,0,-1,-1
1509,18,230,473,99,52,1,0,-1,-1
1509,19,30,489,72,32,1,0,-1,-1
1510,3,137,865,245,138,1,0,-1,-1
1510,4,14,767,190,111,1,0,-1,-1
1510,5,459,535,122,62,1,0,-1,-1
1510,6,492,703,168,103,1,0,-1,-1
1510,7,660,604,161,65,1,0,-1,-1
1510,8,854,711,77,79,1,0,-1,-1
1510,9,1393,640,169,65,1,0,-1,-1
1510,10,1057,621,155,69,1,0,-1,-1
1510,11,879,483,112,48,1,0,-1,-1
1510,13,797,507,119,45,1,0,-1,-1
1510,14,825,547,141,61,1,0,-1,-1
1510,15,1092,490,104,41,1,0,-1,-1
1510,17,69,451,96,38,1,0,-1,-1
1510,18,229,474,99,52,1,0,-1,-1
1510,19,31,488,72,32,1,0,-1,-1
1511,3,136,864,245,138,1,0,-1,-1
1511,4,15,766,190,111,1,0,-1,-1
1511,5,459,534,122,62,1,0,-1,-1
1511,6,492,702,168,103,1,0,-1,-1
1511,7,661,605,161,65,1,0,-1,-1
1511,8,854,711,77,79,1,0,-1,-1
1511,9,1393,640,169,65,1,0,-1,-1
1511,10,1058,622,155,69,1,0,-1,-1
1511,11,879,484,112,48,1,0,-1,-1
1511,13,797,506,119,45,1,0,-1,-1
1511,14,825,547,141,61,1,0,-1,-1
1511,15,1091,490,104,41,1,0,-1,-1
1511,17,69,450,96,38,1,0,-1,-1
1511,18,230,473,99,52,1,0,-1,-1
1511,19,30,488,72,32,1,0,-1,-1
1512,3,135,863,245,138,1,0,-1,-1
1512,4,15,765,190,111,1,0,-1,-1
1512,5,459,535,122,62,1,0,-1,-1
1512,6,490,703,168,103,1,0,-1,-1
1512,7,660,604,161,65,1,0,-1,-1
1512,8,853,710,77,79,1,0,-1,-1
1512,9,1392,640,169,65,1,0,-1,-1
1512,10,1058,621,155,69,1,0,-1,-1
1512,11,879,484,112,48,1,0,-1,-1
1512,13,798,506,119,45,1,0,-1,-1
1512,14,824,547,141,61,1,0,-1,-1
1512,15,1092,490,104,41,1,0,-1,-1
1512,17,70,451,96,38,1,0,-1,-1
1512,18,230,473,99,52,1,0,-1,-1
1512,19,31,488,72,32,1,0,-1,-1
1513,3,134,864,245,138,1,0,-1,-1
1513,4,14,765,190,111,1,0,-1,-1
1513,5,459,535,122,62,1,0,-1,-1
1513,6,490,702,168,103,1,0,-1,-1
1513,7,660,605,161,65,1,0,-1,-1
1513,8,853,710,77,79,1,0,-1,-1
1513,9,1392,640,169,65,1,0,-1,-1
1513,10,1058,622,155,69,1,0,-1,-1
1513,11,879,483,112,48,1,0,-1,-1
1513,13,799,506,119,45,1,0,-1,-1
1513,14,825,547,141,61,1,0,-1,-1
1513,15,1092,490,104,41,1,0,-1,-1
1513,17,71,451,96,38,1,0,-1,-1
1513,18,231,473,99,52,1,0,-1,-1
1513,19,31,489,72,32,1,0,-1,-1
1514,3,133,863,245,138,1,0,-1,-1
1514,4,15,766,190,111,1,0,-1,-1
1514,5,459,535,122,62,1,0,-1,-1
1514,6,490,701,168,103,1,0,-1,-1
1514,7,659,605,161,65,1,0,-1,-1
1514,8,853,710,77,79,1,0,-1,-1
1514,9,1392,641,169,65,1,0,-1,-1
1514,10,1056,621,155,69,1,0,-1,-1
1514,11,878,483,112,48,1,0,-1,-1
1514,13,798,506,119,45,1,0,-1,-1
1514,14,825,547,141,61,1,0,-1,-1
1514,15,1091,489,104,41,1,0,-1,-1
1514,17,70,449,96,38,1,0,-1,-1
1514,18,230,472,99,52,1,0,-1,-1
1514,19,32,489,72,32,1,0,-1,-1
1515,3,133,862,245,138,1,0,-1,-1
1515,4,13,766,190,111,1,0,-1,-1
1515,5,459,533,122,62,1,0,-1,-1
1515,6,494,704,160,98,1,0,-1,-1
1515,7,659,604,161,65,1,0,-1,-1
1515,8,852,710,77,79,1,0,-1,-1
1515,9,1392,640,169,65,1,0,-1,-1
1515,10,1057,621,155,69,1,0,-1,-1
1515,11,880,484,112,48,1,0,-1,-1
1515,13,799,506,119,45,1,0,-1,-1
1515,14,825,547,141,61,1,0,-1,-1
1515,15,1092,490,104,41,1,0,-1,-1
1515,17,71,449,96,38,1,0,-1,-1
1515,18,232,472,99,52,1,0,-1,-1
1515,19,33,488,72,32,1,0,-1,-1
1516,3,132,862,245,138,1,0,-1,-1
1516,4,14,765,190,111,1,0,-1,-1
1516,5,459,534,122,62,1,0,-1,-1
1516,6,495,704,160,98,1,0,-1,-1
1516,7,660,604,161,65,1,0,-1,-1
1516,8,852,711,77,79,1,0,-1,-1
1516,9,1391,640,169,65,1,0,-1,-1
1516,10,1058,622,155,69,1,0,-1,-1
1516,11,880,483,112,48,1,0,-1,-1
1516,13,799,506,119,45,1,0,-1,-1
1516,14,824,548,141,61,1,0,-1,-1
1516,15,1091,490,104,41,1,0,-1,-1
1516,17,72,449,96,38,1,0,-1,-1
1516,18,232,472,99,52,1,0,-1,-1
1516,19,34,488,72,32,1,0,-1,-1
1517,3,133,861,245,138,1,0,-1,-1
1517,4,12,766,190,111,1,0,-1,-1
1517,5,458,534,122,62,1,0,-1,-1
1517,6,494,704,160,98,1,0,-1,-1
1517,7,659,605,161,65,1,0,-1,-1
1517,8,852,711,77,79,1,0,-1,-1
1517,9,1390,641,169,65,1,0,-1,-1
1517,10,1057,622,155,69,1,0,-1,-1
1517,11,880,484,112,48,1,0,-1,-1
1517,13,799,506,119,45,1,0,-1,-1
1517,14,826,547,141,61,1,0,-1,-1
1517,15,1092,489,104,41,1,0,-1,-1
1517,17,71,449,96,38,1,0,-1,-1
1517,18,233,472,99,52,1,0,-1,-1
1517,19,34,487,72,32,1,0,-1,-1
1518,3,132,860,245,138,1,0,-1,-1
1518,4,13,765,190,111,1,0,-1,-1
1518,5,458,534,122,62,1,0,-1,-1
1518,6,493,704,160,98,1,0,-1,-1
1518,7,660,604,161,65,1,0,-1,-1
1518,8,851,711,77,79,1,0,-1,-1
1518,9,1390,641,169,65,1,0,-1,-1
1518,10,1059,622,148,66,1,0,-1,-1
1518,11,879,483,112,48,1,0,-1,-1
1518,13,798,506,119,45,1,0,-1,-1
1518,14,824,547,141,61,1,0,-1,-1
1518,15,1091,490,104,41,1,0,-1,-1
1518,17,73,450,96,38,1,0,-1,-1
1518,18,233,474,94,50,1,0,-1,-1
1518,19,33,488,72,32,1,0,-1,-1
1519,3,131,860,245,138,1,0,-1,-1
1519,4,12,764,190,111,1,0,-1,-1
1519,5,458,534,122,62,1,0,-1,-1
1519,6,492,703,160,98,1,0,-1,-1
1519,7,660,604,161,65,1,0,-1,-1
1519,8,851,711,77,79,1,0,-1,-1
1519,9,1390,641,169,65,1,0,-1,-1
1519,10,1060,622,148,66,1,0,-1,-1
1519,11,879,484,112,48,1,0,-1,-1
1519,13,798,507,119,45,1,0,-1,-1
1519,14,824,547,141,61,1,0,-1,-1
1519,15,1091,490,104,41,1,0,-1,-1
1519,17,74,450,96,38,1,0,-1,-1
1519,18,235,473,94,50,1,0,-1,-1
1519,19,34,488,72,32,1,0,-1,-1
1520,3,130,860,245,138,1,0,-1,-1
1520,4,12,764,190,111,1,0,-1,-1
1520,5,458,534,122,62,1,0,-1,-1
1520,6,492,703,160,98,1,0,-1,-1
1520,7,658,604,161,65,1,0,-1,-1
1520,8,850,710,77,79,1,0,-1,-1
1520,9,1391,641,169,65,1,0,-1,-1
1520,10,1059,622,148,66,1,0,-1,-1
1520,11,880,484,112,48,1,0,-1,-1
1520,13,799,507,119,45,1,0,-1,-1
1520,14,824,548,141,61,1,0,-1,-1
1520,15,1091,490,104,41,1,0,-1,-1
1520,17,73,450,96,38,1,0,-1,-1
1520,18,235,474,94,50,1,0,-1,-1
1520,19,34,487,72,32,1,0,-1,-1
1521,3,129,861,245,138,1,0,-1,-1
1521,4,12,763,190,111,1,0,-1,-1
1521,5,458,534,122,62,1,0,-1,-1
1521,6,494,703,160,98,1,0,-1,-1
1521,7,658,604,161,65,1,0,-1,-1
1521,8,849,711,77,79,1,0,-1,-1
1521,9,1391,641,169,65,1,0,-1,-1
1521,10,1059,623,148,66,1,0,-1,-1
1521,11,880,484,112,48,1,0,-1,-1
1521,13,798,506,119,45,1,0,-1,-1
1521,14,826,548,141,61,1,0,-1,-1
1521,15,1092,490,104,41,1,0,-1,-1
1521,17,73,450,96,38,1,0,-1,-1
1521,18,237,477,90,47,1,0,-1,-1
1521,19,35,487,72,32,1,0,-1,-1
1522,3,129,861,245,138,1,0,-1,-1
1522,4,11,763,190,111,1,0,-1,-1
1522,5,458,533,122,62,1,0,-1,-1
1522,6,493,702,160,98,1,0,-1,-1
1522,7,658,603,161,65,1,0,-1,-1
1522,8,849,710,77,79,1,0,-1,-1
1522,9,1390,641,169,65,1,0,-1,-1
1522,10,1058,623,148,66,1,0,-1,-1
1522,11,881,483,112,48,1,0,-1,-1
1522,13,800,506,119,45,1,0,-1,-1
1522,14,824,548,141,61,1,0,-1,-1
1522,15,1093,490,104,41,1,0,-1,-1
1522,17,75,449,96,38,1,0,-1,-1
1522,18,237,476,90,47,1,0,-1,-1
1522,19,36,486,72,32,1,0,-1,-1
1523,3,128,860,245,138,1,0,-1,-1
1523,4,11,763,190,111,1,0,-1,-1
1523,5,458,533,122,62,1,0,-1,-1
1523,6,493,703,160,98,1,0,-1,-1
1523,7,659,604,161,65,1,0,-1,-1
1523,8,848,712,77,79,1,0,-1,-1
1523,9,1391,642,169,65,1,0,-1,-1
1523,10,1058,622,148,66,1,0,-1,-1
1523,11,880,482,112,48,1,0,-1,-1
1523,13,799,506,119,45,1,0,-1,-1
1523,14,825,547,141,61,1,0,-1,-1
1523,15,1093,490,104,41,1,0,-1,-1
1523,17,75,449,96,38,1,0,-1,-1
1523,18,236,475,90,47,1,0,-1,-1
1523,19,36,486,72,32,1,0,-1,-1
1524,3,127,860,245,138,1,0,-1,-1
1524,4,12,763,190,111,1,0,-1,-1
1524,5,458,533,122,62,1,0,-1,-1
1524,6,491,702,160,98,1,0,-1,-1
1524,7,660,603,161,65,1,0,-1,-1
1524,8,848,711,77,79,1,0,-1,-1
1524,9,1390,641,169,65,1,0,-1,-1
1524,10,1059,622,148,66,1,0,-1,-1
1524,11,881,482,112,48,1,0,-1,-1
1524,13,800,506,119,45,1,0,-1,-1
1524,14,824,547,141,61,1,0,-1,-1
1524,15,1092,490,104,41,1,0,-1,-1
1524,17,75,450,96,38,1,0,-1,-1
1524,18,238,475,90,47,1,0,-1,-1
1524,19,37,487,72,32,1,0,-1,-1
1525,3,126,860,245,138,1,0,-1,-1
1525,4,11,763,190,111,1,0,-1,-1
1525,5,459,534,122,62,1,0,-1,-1
1525,6,491,703,160,98,1,0,-1,-1
1525,7,659,603,161,65,1,0,-1,-1
1525,8,847,712,77,79,1,0,-1,-1
1525,9,1390,642,169,65,1,0,-1,-1
1525,10,1058,622,148,66,1,0,-1,-1
1525,11,881,483,112,48,1,0,-1,-1
1525,13,799,506,119,45,1,0,-1,-1
1525,14,825,547,141,61,1,0,-1,-1
1525,15,1093,490,104,41,1,0,-1,-1
1525,17,76,449,96,38,1,0,-1,-1
1525,18,238,477,90,47,1,0,-1,-1
1525,19,36,487,72,32,1,0,-1,-1
1526,3,125,860,245,138,1,0,-1,-1
1526,4,10,762,190,111,1,0,-1,-1
1526,5,458,534,122,62,1,0,-1,-1
1526,6,491,703,160,98,1,0,-1,-1
1526,7,659,604,161,65,1,0,-1,-1
1526,8,847,711,77,79,1,0,-1,-1
1526,9,1391,641,169,65,1,0,-1,-1
1526,10,1058,622,148,66,1,0,-1,-1
1526,11,880,483,112,48,1,0,-1,-1
1526,13,800,506,119,45,1,0,-1,-1
1526,14,826,547,141,61,1,0,-1,-1
1526,15,1092,490,104,41,1,0,-1,-1
1526,17,76,449,96,38,1,0,-1,-1
1526,18,237,476,90,47,1,0,-1,-1
1526,19,37,486,72,32,1,0,-1,-1
1527,3,126,859,245,138,1,0,-1,-1
1527,4,9,762,190,111,1,0,-1,-1
1527,5,458,533,122,62,1,0,-1,-1
1527,6,491,702,160,98,1,0,-1,-1
1527,7,658,603,161,65,1,0,-1,-1
1527,8,847,711,77,79,1,0,-1,-1
1527,9,1389,642,169,65,1,0,-1,-1
1527,10,1058,623,148,66,1,0,-1,-1
1527,11,880,482,112,48,1,0,-1,-1
1527,13,800,506,119,45,1,0,-1,-1
1527,14,825,547,141,61,1,0,-1,-1
1527,15,1092,490,104,41,1,0,-1,-1
1527,17,77,450,96,38,1,0,-1,-1
1527,18,239,475,90,47,1,0,-1,-1
1527,19,38,486,72,32,1,0,-1,-1
1528,3,125,858,245,138,1,0,-1,-1
1528,4,10,762,190,111,1,0,-1,-1
1528,5,459,532,122,62,1,0,-1,-1
1528,6,492,702,160,98,1,0,-1,-1
1528,7,658,604,161,65,1,0,-1,-1
1528,8,847,710,77,79,1,0,-1,-1
1528,9,1389,642,169,65,1,0,-1,-1
1528,10,1057,623,148,66,1,0,-1,-1
1528,11,880,482,112,48,1,0,-1,-1
1528,13,799,507,119,45,1,0,-1,-1
1528,14,826,548,141,61,1,0,-1,-1
1528,15,1093,490,104,41,1,0,-1,-1
1528,17,79,449,96,38,1,0,-1,-1
1528,18,240,475,90,47,1,0,-1,-1
1528,19,38,486,72,32,1,0,-1,-1
1529,3,124,859,245,138,1,0,-1,-1
1529,4,10,763,190,111,1,0,-1,-1
1529,5,458,533,122,62,1,0,-1,-1
1529,6,491,702,160,98,1,0,-1,-1
1529,7,658,603,161,65,1,0,-1,-1
1529,8,847,711,77,79,1,0,-1,-1
1529,9,1390,643,169,65,1,0,-1,-1
1529,10,1058,623,148,66,1,0,-1,-1
1529,11,881,482,112,48,1,0,-1,-1
1529,13,800,507,119,45,1,0,-1,-1
1529,14,825,547,141,61,1,0,-1,-1
1529,15,1093,490,104,41,1,0,-1,-1
1529,17,78,450,96,38,1,0,-1,-1
1529,18,239,475,90,47,1,0,-1,-1
1529,19,38,487,72,32,1,0,-1,-1
1530,3,123,859,245,138,1,0,-1,-1
1530,4,9,761,190,111,1,0,-1,-1
1530,5,459,532,122,62,1,0,-1,-1
1530,6,490,702,160,98,1,0,-1,-1
1530,7,658,603,161,65,1,0,-1,-1
1530,8,845,712,77,79,1,0,-1,-1
1530,9,1390,642,169,65,1,0,-1,-1
1530,10,1058,622,148,66,1,0,-1,-1
1530,11,882,482,112,48,1,0,-1,-1
1530,13,799,506,119,45,1,0,-1,-1
1530,14,825,548,141,61,1,0,-1,-1
1530,15,1094,490,104,41,1,0,-1,-1
1530,17,79,449,96,38,1,0,-1,-1
1530,18,240,476,90,47,1,0,-1,-1
1530,19,39,485,72,32,1,0,-1,-1
1531,3,124,858,245,138,1,0,-1,-1
1531,4,9,762,190,111,1,0,-1,-1
1531,5,458,533,122,62,1,0,-1,-1
1531,6,489,702,160,98,1,0,-1,-1
1531,7,659,603,161,65,1,0,-1,-1
1531,8,845,710,77,79,1,0,-1,-1
1531,9,1388,643,169,65,1,0,-1,-1
1531,10,1057,623,148,66,1,0,-1,-1
1531,11,882,482,112,48,1,0,-1,-1
1531,13,799,506,119,45,1,0,-1,-1
1531,14,826,548,141,61,1,0,-1,-1
1531,15,1093,489,104,41,1,0,-1,-1
1531,17,79,450,96,38,1,0,-1,-1
1531,18,240,477,90,47,1,0,-1,-1
1531,19,39,486,72,32,1,0,-1,-1
1532,3,123,858,245,138,1,0,-1,-1
1532,4,9,761,190,111,1,0,-1,-1
1532,5,459,532,122,62,1,0,-1,-1
1532,6,490,702,160,98,1,0,-1,-1
1532,7,658,603,161,65,1,0,-1,-1
1532,8,845,711,77,79,1,0,-1,-1
1532,9,1389,642,169,65,1,0,-1,-1
1532,10,1057,622,148,66,1,0,-1,-1
1532,11,882,483,112,48,1,0,-1,-1
1532,13,799,506,119,45,1,0,-1,-1
1532,14,826,549,141,61,1,0,-1,-1
1532,15,1094,489,104,41,1,0,-1,-1
1532,17,80,449,96,38,1,0,-1,-1
1532,18,240,476,90,47,1,0,-1,-1
1532,19,40,486,72,32,1,0,-1,-1
1533,3,122,858,245,138,1,0,-1,-1
1533,4,9,761,190,111,1,0,-1,-1
1533,5,458,532,122,62,1,0,-1,-1
1533,6,488,701,160,98,1,0,-1,-1
1533,7,658,604,161,65,1,0,-1,-1
1533,8,845,710,77,79,1,0,-1,-1
1533,9,1388,642,169,65,1,0,-1,-1
1533,10,1056,622,148,66,1,0,-1,-1
1533,11,882,482,112,48,1,0,-1,-1
1533,13,800,507,119,45,1,0,-1,-1
1533,14,826,548,141,61,1,0,-1,-1
1533,15,1095,490,104,41,1,0,-1,-1
1533,17,81,450,96,38,1,0,-1,-1
1533,18,239,477,90,47,1,0,-1,-1
1533,19,40,486,72,32,1,0,-1,-1
1534,3,122,857,245,138,1,0,-1,-1
1534,4,9,761,190,111,1,0,-1,-1
1534,5,459,533,122,62,1,0,-1,-1
1534,6,489,702,160,98,1,0,-1,-1
1534,7,659,603,161,65,1,0,-1,-1
1534,8,844,710,77,79,1,0,-1,-1
1534,9,1389,643,169,65,1,0,-1,-1
1534,10,1057,623,148,66,1,0,-1,-1
1534,11,882,482,112,48,1,0,-1,-1
1534,13,801,506,119,45,1,0,-1,-1
1534,14,825,548,141,61,1,0,-1,-1
1534,15,1094,490,104,41,1,0,-1,-1
1534,17,80,449,96,38,1,0,-1,-1
1534,18,241,476,90,47,1,0,-1,-1
1534,19,41,485,72,32,1,0,-1,-1
1535,3,121,858,245,138,1,0,-1,-1
1535,4,8,761,190,111,1,0,-1,-1
1535,5,458,533,122,62,1,0,-1,-1
1535,6,489,701,160,98,1,0,-1,-1
1535,7,659,604,161,65,1,0,-1,-1
1535,8,843,711,77,79,1,0,-1,-1
1535,9,1389,642,169,65,1,0,-1,-1
1535,10,1056,622,148,66,1,0,-1,-1
1535,11,883,483,112,48,1,0,-1,-1
1535,13,800,507,119,45,1,0,-1,-1
1535,14,825,547,141,61,1,0,-1,-1
1535,15,1095,489,104,41,1,0,-1,-1
1535,17,80,448,96,38,1,0,-1,-1
1535,18,241,475,90,47,1,0,-1,-1
1535,19,40,485,72,32,1,0,-1,-1
1536,3,122,857,245,138,1,0,-1,-1
1536,4,7,760,190,111,1,0,-1,-1
1536,5,459,533,122,62,1,0,-1,-1
1536,6,483,698,168,103,1,0,-1,-1
1536,7,657,603,161,65,1,0,-1,-1
1536,8,843,710,77,79,1,0,-1,-1
1536,9,1388,642,169,65,1,0,-1,-1
1536,10,1057,623,148,66,1,0,-1,-1
1536,11,882,482,112,48,1,0,-1,-1
1536,13,800,506,119,45,1,0,-1,-1
1536,14,826,547,141,61,1,0,-1,-1
1536,15,1095,490,104,41,1,0,-1,-1
1536,17,82,450,96,38,1,0,-1,-1
1536,18,242,476,90,47,1,0,-1,-1
1536,19,41,485,72,32,1,0,-1,-1
1537,3,121,858,245,138,1,0,-1,-1
1537,4,8,760,190,111,1,0,-1,-1
1537,5,459,532,122,62,1,0,-1,-1
1537,6,483,699,168,103,1,0,-1,-1
1537,7,657,603,161,65,1,0,-1,-1
1537,8,842,709,77,79,1,0,-1,-1
1537,9,1388,642,169,65,1,0,-1,-1
1537,10,1056,622,148,66,1,0,-1,-1
1537,11,883,482,112,48,1,0,-1,-1
1537,13,800,506,119,45,1,0,-1,-1
1537,14,825,547,141,61,1,0,-1,-1
1537,15,1094,490,104,41,1,0,-1,-1
1537,17,81,449,96,38,1,0,-1,-1
1537,18,242,475,90,47,1,0,-1,-1
1537,19,42,485,72,32,1,0,-1,-1
1538,3,120,856,245,138,1,0,-1,-1
1538,4,6,759,190,111,1,0,-1,-1
1538,5,459,531,122,62,1,0,-1,-1
1538,6,482,698,168,103,1,0,-1,-1
1538,7,657,603,161,65,1,0,-1,-1
1538,8,842,711,77,79,1,0,-1,-1
1538,9,1388,642,169,65,1,0,-1,-1
1538,10,1055,623,148,66,1,0,-1,-1
1538,11,882,483,112,48,1,0,-1,-1
1538,13,800,505,119,45,1,0,-1,-1
1538,14,826,548,141,61,1,0,-1,-1
1538,15,1095,490,104,41,1,0,-1,-1
1538,17,82,448,96,38,1,0,-1,-1
1538,18,242,476,90,47,1,0,-1,-1
1538,19,42,484,72,32,1,0,-1,-1
1539,3,120,856,245,138,1,0,-1,-1
1539,4,7,759,190,111,1,0,-1,-1
1539,5,459,532,122,62,1,0,-1,-1
1539,6,482,698,168,103,1,0,-1,-1
1539,7,657,602,161,65,1,0,-1,-1
1539,8,842,709,77,79,1,0,-1,-1
1539,9,1387,642,169,65,1,0,-1,-1
1539,10,1056,623,148,66,1,0,-1,-1
1539,11,883,482,112,48,1,0,-1,-1
1539,13,801,505,119,45,1,0,-1,-1
1539,14,824,548,141,61,1,0,-1,-1
1539,15,1094,490,104,41,1,0,-1,-1
1539,17,82,449,96,38,1,0,-1,-1
1539,18,242,476,90,47,1,0,-1,-1
1539,19,43,485,69,30,1,0,-1,-1
1540,3,118,856,245,138,1,0,-1,-1
1540,4,7,758,190,111,1,0,-1,-1
1540,5,459,532,122,62,1,0,-1,-1
1540,6,481,698,168,103,1,0,-1,-1
1540,7,656,603,161,65,1,0,-1,-1
1540,8,841,709,77,79,1,0,-1,-1
1540,9,1387,642,169,65,1,0,-1,-1
1540,10,1056,622,148,66,1,0,-1,-1
1540,11,883,482,112,48,1,0,-1,-1
1540,13,800,505,119,45,1,0,-1,-1
1540,14,824,547,141,61,1,0,-1,-1
1540,15,1094,490,104,41,1,0,-1,-1
1540,17,83,448,96,38,1,0,-1,-1
1540,18,242,476,90,47,1,0,-1,-1
1540,19,42,485,72,32,1,0,-1,-1
1541,3,118,856,245,138,1,0,-1,-1
1541,4,5,758,190,111,1,0,-1,-1
1541,5,459,532,122,62,1,0,-1,-1
1541,6,482,698,168,103,1,0,-1,-1
1541,7,657,602,161,65,1,0,-1,-1
1541,8,842,709,77,79,1,0,-1,-1
1541,9,1387,642,169,65,1,0,-1,-1
1541,10,1056,623,148,66,1,0,-1,-1
1541,11,883,483,112,48,1,0,-1,-1
1541,13,800,506,119,45,1,0,-1,-1
1541,14,825,547,141,61,1,0,-1,-1
1541,15,1095,490,104,41,1,0,-1,-1
1541,17,83,449,96,38,1,0,-1,-1
1541,18,244,476,90,47,1,0,-1,-1
1541,19,42,485,72,32,1,0,-1,-1
1542,3,117,856,245,138,1,0,-1,-1
1542,4,6,758,190,111,1,0,-1,-1
1542,5,459,531,122,62,1,0,-1,-1
1542,6,481,697,168,103,1,0,-1,-1
1542,7,656,603,161,65,1,0,-1,-1
1542,8,841,708,77,79,1,0,-1,-1
1542,9,1387,643,169,65,1,0,-1,-1
1542,10,1055,622,148,66,1,0,-1,-1
1542,11,884,482,112,48,1,0,-1,-1
1542,13,800,505,119,45,1,0,-1,-1
1542,14,825,547,141,61,1,0,-1,-1
1542,15,1096,489,104,41,1,0,-1,-1
1542,17,83,448,96,38,1,0,-1,-1
1542,18,243,476,90,47,1,0,-1,-1
1542,19,44,484,72,32,1,0,-1,-1
1543,3,117,855,245,138,1,0,-1,-1
1543,4,5,757,190,111,1,0,-1,-1
1543,5,460,531,122,62,1,0,-1,-1
1543,6,481,698,168,103,1,0,-1,-1
1543,7,657,602,161,65,1,0,-1,-1
1543,8,840,709,77,79,1,0,-1,-1
1543,9,1387,643,169,65,1,0,-1,-1
1543,10,1056,623,148,66,1,0,-1,-1
1543,11,883,483,112,48,1,0,-1,-1
1543,13,800,506,119,45,1,0,-1,-1
1543,14,824,548,141,61,1,0,-1,-1
1543,15,1096,489,104,41,1,0,-1,-1
1543,17,85,448,96,38,1,0,-1,-1
1543,18,243,475,90,47,1,0,-1,-1
1543,19,44,484,72,32,1,0,-1,-1
1544,3,115,855,245,138,1,0,-1,-1
1544,4,6,757,190,111,1,0,-1,-1
1544,5,460,532,122,62,1,0,-1,-1
1544,6,482,697,168,103,1,0,-1,-1
1544,7,657,602,161,65,1,0,-1,-1
1544,8,840,709,77,79,1,0,-1,-1
1544,9,1387,643,169,65,1,0,-1,-1
1544,10,1056,622,148,66,1,0,-1,-1
1544,11,884,482,112,48,1,0,-1,-1
1544,13,801,505,119,45,1,0,-1,-1
1544,14,825,548,141,61,1,0,-1,-1
1544,15,1095,490,104,41,1,0,-1,-1
1544,17,85,448,96,38,1,0,-1,-1
1544,18,243,476,90,47,1,0,-1,-1
1544,19,44,483,72,32,1,0,-1,-1
1545,3,114,854,245,138,1,0,-1,-1
1545,4,4,756,190,111,1,0,-1,-1
1545,5,460,532,122,62,1,0,-1,-1
1545,6,482,697,168,103,1,0,-1,-1
1545,7,656,602,161,65,1,0,-1,-1
1545,8,838,709,77,79,1,0,-1,-1
1545,9,1387,643,169,65,1,0,-1,-1
1545,10,1055,622,148,66,1,0,-1,-1
1545,11,884,483,112,48,1,0,-1,-1
1545,13,800,504,119,45,1,0,-1,-1
1545,14,824,547,141,61,1,0,-1,-1
1545,15,1095,489,104,41,1,0,-1,-1
1545,17,84,448,96,38,1,0,-1,-1
1545,18,244,475,90,47,1,0,-1,-1
1545,19,45,484,72,32,1,0,-1,-1
1546,3,113,854,245,138,1,0,-1,-1
1546,4,4,756,190,111,1,0,-1,-1
1546,5,460,532,122,62,1,0,-1,-1
1546,6,480,696,168,103,1,0,-1,-1
1546,7,657,601,161,65,1,0,-1,-1
1546,8,839,708,77,79,1,0,-1,-1
1546,9,1383,641,177,68,1,0,-1,-1
1546,10,1055,622,148,66,1,0,-1,-1
1546,11,883,483,112,48,1,0,-1,-1
1546,13,800,505,119,45,1,0,-1,-1
1546,14,825,548,141,61,1,0,-1,-1
1546,15,1096,490,104,41,1,0,-1,-1
1546,17,86,447,96,38,1,0,-1,-1
1546,18,244,476,90,47,1,0,-1,-1
1546,19,44,482,72,32,1,0,-1,-1
1547,3,114,853,245,138,1,0,-1,-1
1547,4,5,756,190,111,1,0,-1,-1
1547,5,461,532,122,62,1,0,-1,-1
1547,6,481,697,168,103,1,0,-1,-1
1547,7,656,601,161,65,1,0,-1,-1
1547,8,839,709,77,79,1,0,-1,-1
1547,9,1383,641,177,68,1,0,-1,-1
1547,10,1054,623,148,66,1,0,-1,-1
1547,11,883,482,112,48,1,0,-1,-1
1547,13,800,505,119,45,1,0,-1,-1
1547,14,825,548,141,61,1,0,-1,-1
1547,15,1096,490,104,41,1,0,-1,-1
1547,17,85,448,96,38,1,0,-1,-1
1547,18,244,475,90,47,1,0,-1,-1
1547,19,46,482,72,32,1,0,-1,-1
1548,3,113,854,245,138,1,0,-1,-1
1548,4,4,756,190,111,1,0,-1,-1
1548,5,460,531,122,62,1,0,-1,-1
1548,6,479,696,168,103,1,0,-1,-1
1548,7,655,602,161,65,1,0,-1,-1
1548,8,837,709,77,79,1,0,-1,-1
1548,9,1384,641,177,68,1,0,-1,-1
1548,10,1055,623,148,66,1,0,-1,-1
1548,11,883,482,112,48,1,0,-1,-1
1548,13,801,505,119,45,1,0,-1,-1
1548,14,825,547,141,61,1,0,-1,-1
1548,15,1095,490,104,41,1,0,-1,-1
1548,17,85,447,96,38,1,0,-1,-1
1548,18,245,475,90,47,1,0,-1,-1
1548,19,46,482,72,32,1,0,-1,-1
1549,3,112,853,245,138,1,0,-1,-1
1549,4,3,756,190,111,1,0,-1,-1
1549,5,460,531,122,62,1,0,-1,-1
1549,6,480,696,168,103,1,0,-1,-1
1549,7,655,601,161,65,1,0,-1,-1
1549,8,837,708,77,79,1,0,-1,-1
1549,9,1383,641,177,68,1,0,-1,-1
1549,10,1052,620,155,69,1,0,-1,-1
1549,11,883,481,112,48,1,0,-1,-1
1549,13,798,503,125,47,1,0,-1,-1
1549,14,825,547,141,61,1,0,-1,-1
1549,15,1095,490,104,41,1,0,-1,-1
1549,17,86,448,96,38,1,0,-1,-1
1549,18,245,476,90,47,1,0,-1,-1
1549,19,45,482,72,32,1,0,-1,-1
1550,3,112,854,245,138,1,0,-1,-1
1550,4,4,755,190,111,1,0,-1,-1
1550,5,460,531,122,62,1,0,-1,-1
1550,6,479,696,168,103,1,0,-1,-1
1550,7,656,602,161,65,1,0,-1,-1
1550,8,837,709,77,79,1,0,-1,-1
1550,9,1383,641,177,68,1,0,-1,-1
1550,10,1051,620,155,69,1,0,-1,-1
1550,11,883,481,112,48,1,0,-1,-1
1550,13,798,504,125,47,1,0,-1,-1
1550,14,823,547,141,61,1,0,-1,-1
1550,15,1096,490,104,41,1,0,-1,-1
1550,17,87,447,96,38,1,0,-1,-1
1550,18,246,476,90,47,1,0,-1,-1
1550,19,47,482,72,32,1,0,-1,-1
1551,3,111,854,245,138,1,0,-1,-1
1551,4,3,756,190,111,1,0,-1,-1
1551,5,461,531,122,62,1,0,-1,-1
1551,6,480,695,168,103,1,0,-1,-1
1551,7,655,602,161,65,1,0,-1,-1
1551,8,836,709,77,79,1,0,-1,-1
1551,9,1382,642,177,68,1,0,-1,-1
1551,10,1051,621,155,69,1,0,-1,-1
1551,11,884,481,112,48,1,0,-1,-1
1551,13,799,504,125,47,1,0,-1,-1
1551,14,824,547,141,61,1,0,-1,-1
1551,15,1096,489,104,41,1,0,-1,-1
1551,17,88,448,96,38,1,0,-1,-1
1551,18,246,477,90,47,1,0,-1,-1
1551,19,46,482,72,32,1,0,-1,-1
1552,3,110,854,245,138,1,0,-1,-1
1552,4,3,755,190,111,1,0,-1,-1
1552,5,462,531,122,62,1,0,-1,-1
1552,6,480,696,168,103,1,0,-1,-1
1552,7,656,601,161,65,1,0,-1,-1
1552,8,836,709,77,79,1,0,-1,-1
1552,9,1383,642,177,68,1,0,-1,-1
1552,10,1050,620,155,69,1,0,-1,-1
1552,11,884,481,112,48,1,0,-1,-1
1552,13,799,503,125,47,1,0,-1,-1
1552,14,823,547,141,61,1,0,-1,-1
1552,15,1097,489,104,41,1,0,-1,-1
1552,17,87,447,96,38,1,0,-1,-1
1552,18,245,476,90,47,1,0,-1,-1
1552,19,47,482,72,32,1,0,-1,-1
1553,3,110,853,245,138,1,0,-1,-1
1553,4,2,755,190,111,1,0,-1,-1
1553,5,461,532,122,62,1,0,-1,-1
1553,6,478,697,168,103,1,0,-1,-1
1553,7,656,602,161,65,1,0,-1,-1
1553,8,837,709,77,79,1,0,-1,-1
1553,9,1383,642,177,68,1,0,-1,-1
1553,10,1051,620,155,69,1,0,-1,-1
1553,11,884,481,112,48,1,0,-1,-1
1553,13,800,503,125,47,1,0,-1,-1
1553,14,824,547,141,61,1,0,-1,-1
1553,15,1097,490,104,41,1,0,-1,-1
1553,17,88,448,96,38,1,0,-1,-1
1553,18,245,477,90,47,1,0,-1,-1
1553,19,47,482,72,32,1,0,-1,-1
1554,3,108,851,245,138,1,0,-1,-1
1554,4,1,756,190,111,1,0,-1,-1
1554,5,462,532,122,62,1,0,-1,-1
1554,6,478,695,168,103,1,0,-1,-1
1554,7,655,602,161,65,1,0,-1,-1
1554,8,835,707,77,79,1,0,-1,-1
1554,9,1382,641,177,68,1,0,-1,-1
1554,10,1051,621,155,69,1,0,-1,-1
1554,11,884,481,112,48,1,0,-1,-1
1554,13,801,505,119,45,1,0,-1,-1
1554,14,823,547,141,61,1,0,-1,-1
1554,15,1096,490,104,41,1,0,-1,-1
1554,17,90,447,96,38,1,0,-1,-1
1554,18,247,475,90,47,1,0,-1,-1
1554,19,49,483,72,32,1,0,-1,-1
1555,3,107,852,245,138,1,0,-1,-1
1555,4,2,754,190,111,1,0,-1,-1
1555,5,462,530,122,62,1,0,-1,-1
1555,6,478,695,168,103,1,0,-1,-1
1555,7,656,601,161,65,1,0,-1,-1
1555,8,836,708,77,79,1,0,-1,-1
1555,9,1383,641,177,68,1,0,-1,-1
1555,10,1050,621,155,69,1,0,-1,-1
1555,11,884,481,112,48,1,0,-1,-1
1555,13,802,504,119,45,1,0,-1,-1
1555,14,825,547,141,61,1,0,-1,-1
1555,15,1097,490,104,41,1,0,-1,-1
1555,17,89,447,96,38,1,0,-1,-1
1555,18,247,475,90,47,1,0,-1,-1
1555,19,49,481,72,32,1,0,-1,-1
1556,3,107,852,245,138,1,0,-1,-1
1556,4,1,754,190,111,1,0,-1,-1
1556,5,461,531,122,62,1,0,-1,-1
1556,6,479,696,168,103,1,0,-1,-1
1556,7,656,602,161,65,1,0,-1,-1
1556,8,836,707,77,79,1,0,-1,-1
1556,9,1381,641,177,68,1,0,-1,-1
1556,10,1050,620,155,69,1,0,-1,-1
1556,11,885,481,112,48,1,0,-1,-1
1556,13,802,505,119,45,1,0,-1,-1
1556,14,824,548,141,61,1,0,-1,-1
1556,15,1099,490,99,39,1,0,-1,-1
1556,17,90,448,96,38,1,0,-1,-1
1556,18,248,475,90,47,1,0,-1,-1
1556,19,49,483,72,32,1,0,-1,-1
1557,3,106,851,245,138,1,0,-1,-1
1557,4,1,753,190,111,1,0,-1,-1
1557,5,462,531,122,62,1,0,-1,-1
1557,6,477,694,168,103,1,0,-1,-1
1557,7,656,602,161,65,1,0,-1,-1
1557,8,835,708,77,79,1,0,-1,-1
1557,9,1381,641,177,68,1,0,-1,-1
1557,10,1050,621,155,69,1,0,-1,-1
1557,11,884,482,112,48,1,0,-1,-1
1557,13,801,504,119,45,1,0,-1,-1
1557,14,824,548,141,61,1,0,-1,-1
1557,15,1098,491,99,39,1,0,-1,-1
1557,17,90,447,96,38,1,0,-1,-1
1557,18,249,476,90,47,1,0,-1,-1
1557,19,50,482,72,32,1,0,-1,-1
1558,3,104,852,245,138,1,0,-1,-1
1558,4,0,755,190,111,1,0,-1,-1
1558,5,462,530,122,62,1,0,-1,-1
1558,6,477,694,168,103,1,0,-1,-1
1558,7,656,602,161,65,1,0,-1,-1
1558,8,833,708,77,79,1,0,-1,-1
1558,9,1381,641,177,68,1,0,-1,-1
1558,10,1050,620,155,69,1,0,-1,-1
1558,11,884,482,112,48,1,0,-1,-1
1558,13,802,505,119,45,1,0,-1,-1
1558,14,825,548,141,61,1,0,-1,-1
1558,15,1099,491,99,39,1,0,-1,-1
1558,17,92,447,96,38,1,0,-1,-1
1558,18,249,475,90,47,1,0,-1,-1
1558,19,50,482,72,32,1,0,-1,-1
1559,3,103,852,245,138,1,0,-1,-1
1559,4,1,754,190,111,1,0,-1,-1
1559,5,461,530,122,62,1,0,-1,-1
1559,6,478,695,168,103,1,0,-1,-1
1559,7,656,601,161,65,1,0,-1,-1
1559,8,835,707,77,79,1,0,-1,-1
1559,9,1381,641,177,68,1,0,-1,-1
1559,10,1049,621,155,69,1,0,-1,-1
1559,11,884,483,112,48,1,0,-1,-1
1559,13,802,504,119,45,1,0,-1,-1
1559,14,824,547,141,61,1,0,-1,-1
1559,15,1099,491,99,39,1,0,-1,-1
1559,17,92,447,96,38,1,0,-1,-1
1559,18,249,475,90,47,1,0,-1,-1
1559,19,49,482,72,32,1,0,-1,-1
1560,3,103,852,245,138,1,0,-1,-1
1560,4,-1,754,190,111,1,0,-1,-1
1560,5,461,530,122,62,1,0,-1,-1
1560,6,476,695,168,103,1,0,-1,-1
1560,7,656,601,161,65,1,0,-1,-1
1560,8,833,709,77,79,1,0,-1,-1
1560,9,1381,642,177,68,1,0,-1,-1
1560,10,1049,621,155,69,1,0,-1,-1
1560,11,884,481,112,48,1,0,-1,-1
1560,13,801,505,119,45,1,0,-1,-1
1560,14,824,547,141,61,1,0,-1,-1
1560,15,1100,491,99,39,1,0,-1,-1
1560,17,92,447,96,38,1,0,-1,-1
1560,18,249,475,90,47,1,0,-1,-1
1560,19,50,480,72,32,1,0,-1,-1
1561,3,102,852,245,138,1,0,-1,-1
1561,4,0,753,190,111,1,0,-1,-1
1561,5,461,531,122,62,1,0,-1,-1
1561,6,477,694,168,103,1,0,-1,-1
1561,7,655,601,161,65,1,0,-1,-1
1561,8,833,708,77,79,1,0,-1,-1
1561,9,1381,643,177,68,1,0,-1,-1
1561,10,1048,620,155,69,1,0,-1,-1
1561,11,885,481,112,48,1,0,-1,-1
1561,13,803,505,119,45,1,0,-1,-1
1561,14,824,547,141,61,1,0,-1,-1
1561,15,1100,491,99,39,1,0,-1,-1
1561,17,91,446,96,38,1,0,-1,-1
1561,18,249,476,90,47,1,0,-1,-1
1561,19,51,481,72,32,1,0,-1,-1
1562,3,101,852,245,138,1,0,-1,-1
1562,4,-1,753,190,111,1,0,-1,-1
1562,5,461,531,122,62,1,0,-1,-1
1562,6,477,694,168,103,1,0,-1,-1
1562,7,656,602,161,65,1,0,-1,-1
1562,8,832,708,77,79,1,0,-1,-1
1562,9,1381,643,177,68,1,0,-1,-1
1562,10,1045,618,163,72,1,0,-1,-1
1562,11,886,481,112,48,1,0,-1,-1
1562,13,803,504,119,45,1,0,-1,-1
1562,14,825,548,141,61,1,0,-1,-1
1562,15,1099,490,99,39,1,0,-1,-1
1562,17,93,447,96,38,1,0,-1,-1
1562,18,250,474,90,47,1,0,-1,-1
1562,19,51,480,72,32,1,0,-1,-1
1563,3,101,850,245,138,1,0,-1,-1
1563,4,-1,754,190,111,1,0,-1,-1
1563,5,461,531,122,62,1,0,-1,-1
1563,6,475,695,168,103,1,0,-1,-1
1563,7,656,600,161,65,1,0,-1,-1
1563,8,833,708,77,79,1,0,-1,-1
1563,9,1381,643,177,68,1,0,-1,-1
1563,10,1045,619,163,72,1,0,-1,-1
1563,11,886,481,112,48,1,0,-1,-1
1563,13,803,505,119,45,1,0,-1,-1
1563,14,825,547,141,61,1,0,-1,-1
1563,15,1100,491,99,39,1,0,-1,-1
1563,17,92,446,96,38,1,0,-1,-1
1563,18,250,475,90,47,1,0,-1,-1
1563,19,51,480,72,32,1,0,-1,-1
1564,3,99,850,245,138,1,0,-1,-1
1564,4,-1,753,190,111,1,0,-1,-1
1564,5,461,529,122,62,1,0,-1,-1
1564,6,476,695,168,103,1,0,-1,-1
1564,7,656,600,161,65,1,0,-1,-1
1564,8,831,709,77,79,1,0,-1,-1
1564,9,1382,642,177,68,1,0,-1,-1
1564,10,1045,618,163,72,1,0,-1,-1
1564,11,886,481,112,48,1,0,-1,-1
1564,13,802,505,119,45,1,0,-1,-1
1564,14,825,547,141,61,1,0,-1,-1
1564,15,1099,490,99,39,1,0,-1,-1
1564,17,92,445,96,38,1,0,-1,-1
1564,18,251,474,90,47,1,0,-1,-1
1564,19,51,480,72,32,1,0,-1,-1
1565,3,99,850,245,138,1,0,-1,-1
1565,4,-1,754,190,111,1,0,-1,-1
1565,5,461,530,122,62,1,0,-1,-1
1565,6,474,695,168,103,1,0,-1,-1
1565,7,654,601,161,65,1,0,-1,-1
1565,8,832,707,77,79,1,0,-1,-1
1565,9,1382,642,177,68,1,0,-1,-1
1565,10,1046,619,163,72,1,0,-1,-1
1565,11,886,482,112,48,1,0,-1,-1
1565,13,802,504,119,45,1,0,-1,-1
1565,14,826,547,141,61,1,0,-1,-1
1565,15,1100,491,99,39,1,0,-1,-1
1565,17,93,446,96,38,1,0,-1,-1
1565,18,251,475,90,47,1,0,-1,-1
1565,19,52,480,72,32,1,0,-1,-1
1566,3,99,850,245,138,1,0,-1,-1
1566,4,-1,752,190,111,1,0,-1,-1
1566,5,462,529,122,62,1,0,-1,-1
1566,6,475,695,168,103,1,0,-1,-1
1566,7,655,600,161,65,1,0,-1,-1
1566,8,832,709,77,79,1,0,-1,-1
1566,9,1382,643,177,68,1,0,-1,-1
1566,10,1046,618,163,72,1,0,-1,-1
1566,11,885,481,112,48,1,0,-1,-1
1566,13,803,504,119,45,1,0,-1,-1
1566,14,826,547,141,61,1,0,-1,-1
1566,15,1100,491,99,39,1,0,-1,-1
1566,17,93,445,96,38,1,0,-1,-1
1566,18,252,475,90,47,1,0,-1,-1
1566,19,52,481,72,32,1,0,-1,-1
1567,3,98,850,245,138,1,0,-1,-1
1567,4,0,751,190,111,1,0,-1,-1
1567,5,462,530,122,62,1,0,-1,-1
1567,6,473,695,168,103,1,0,-1,-1
1567,7,655,601,161,65,1,0,-1,-1
1567,8,831,708,77,79,1,0,-1,-1
1567,9,1381,642,177,68,1,0,-1,-1
1567,10,1044,619,163,72,1,0,-1,-1
1567,11,886,482,112,48,1,0,-1,-1
1567,13,802,505,119,45,1,0,-1,-1
1567,14,826,547,141,61,1,0,-1,-1
1567,15,1098,490,104,41,1,0,-1,-1
1567,17,94,446,96,38,1,0,-1,-1
1567,18,251,474,90,47,1,0,-1,-1
1567,19,52,481,72,32,1,0,-1,-1
1568,3,99,850,245,138,1,0,-1,-1
1568,4,0,751,190,111,1,0,-1,-1
1568,5,462,529,122,62,1,0,-1,-1
1568,6,474,694,168,103,1,0,-1,-1
1568,7,655,600,161,65,1,0,-1,-1
1568,8,831,708,77,79,1,0,-1,-1
1568,9,1382,642,177,68,1,0,-1,-1
1568,10,1045,619,163,72,1,0,-1,-1
1568,11,887,481,112,48,1,0,-1,-1
1568,13,803,504,119,45,1,0,-1,-1
1568,14,825,547,141,61,1,0,-1,-1
1568,15,1098,490,104,41,1,0,-1,-1
1568,17,95,446,96,38,1,0,-1,-1
1568,18,251,475,90,47,1,0,-1,-1
1568,19,52,481,72,32,1,0,-1,-1
1569,3,99,848,245,138,1,0,-1,-1
1569,4,0,750,190,111,1,0,-1,-1
1569,5,461,530,122,62,1,0,-1,-1
1569,6,474,693,168,103,1,0,-1,-1
1569,7,654,600,161,65,1,0,-1,-1
1569,8,829,709,77,79,1,0,-1,-1
1569,9,1381,644,177,68,1,0,-1,-1
1569,10,1044,619,163,72,1,0,-1,-1
1569,11,887,481,112,48,1,0,-1,-1
1569,13,803,505,119,45,1,0,-1,-1
1569,14,826,546,141,61,1,0,-1,-1
1569,15,1098,490,104,41,1,0,-1,-1
1569,17,97,446,96,38,1,0,-1,-1
1569,18,253,475,90,47,1,0,-1,-1
1569,19,53,479,72,32,1,0,-1,-1
1570,3,98,849,245,138,1,0,-1,-1
1570,4,-1,750,190,111,1,0,-1,-1
1570,5,463,529,122,62,1,0,-1,-1
1570,6,474,694,168,103,1,0,-1,-1
1570,7,655,601,161,65,1,0,-1,-1
1570,8,829,709,77,79,1,0,-1,-1
1570,9,1381,644,177,68,1,0,-1,-1
1570,10,1045,618,163,72,1,0,-1,-1
1570,11,886,482,112,48,1,0,-1,-1
1570,13,802,505,119,45,1,0,-1,-1
1570,14,825,546,141,61,1,0,-1,-1
1570,15,1099,490,104,41,1,0,-1,-1
1570,17,96,446,96,38,1,0,-1,-1
1570,18,253,474,90,47,1,0,-1,-1
1570,19,54,481,69,30,1,0,-1,-1
1571,3,98,848,245,138,1,0,-1,-1
1571,4,0,750,190,111,1,0,-1,-1
1571,5,463,529,122,62,1,0,-1,-1
1571,6,474,693,168,103,1,0,-1,-1
1571,7,654,600,161,65,1,0,-1,-1
1571,8,830,708,77,79,1,0,-1,-1
1571,9,1380,644,177,68,1,0,-1,-1
1571,10,1045,619,163,72,1,0,-1,-1
1571,11,886,482,112,48,1,0,-1,-1
1571,13,802,504,119,45,1,0,-1,-1
1571,14,825,546,141,61,1,0,-1,-1
1571,15,1098,490,104,41,1,0,-1,-1
1571,17,97,447,96,38,1,0,-1,-1
1571,18,253,474,90,47,1,0,-1,-1
1571,19,54,480,69,30,1,0,-1,-1
1572,3,96,849,245,138,1,0,-1,-1
1572,4,0,751,190,111,1,0,-1,-1
1572,5,462,529,122,62,1,0,-1,-1
1572,6,473,694,168,103,1,0,-1,-1
1572,7,655,601,161,65,1,0,-1,-1
1572,8,828,709,77,79,1,0,-1,-1
1572,9,1380,643,177,68,1,0,-1,-1
1572,10,1044,617,163,72,1,0,-1,-1
1572,11,886,482,112,48,1,0,-1,-1
1572,13,802,504,119,45,1,0,-1,-1
1572,14,825,547,141,61,1,0,-1,-1
1572,15,1099,490,104,41,1,0,-1,-1
1572,17,98,446,96,38,1,0,-1,-1
1572,18,254,474,90,47,1,0,-1,-1
1572,19,56,481,69,30,1,0,-1,-1
1573,3,97,848,245,138,1,0,-1,-1
1573,4,0,750,190,111,1,0,-1,-1
1573,5,462,528,122,62,1,0,-1,-1
1573,6,472,693,168,103,1,0,-1,-1
1573,7,655,600,161,65,1,0,-1,-1
1573,8,829,708,77,79,1,0,-1,-1
1573,9,1381,643,177,68,1,0,-1,-1
1573,10,1044,617,163,72,1,0,-1,-1
1573,11,887,482,112,48,1,0,-1,-1
1573,13,802,505,119,45,1,0,-1,-1
1573,14,825,547,141,61,1,0,-1,-1
1573,15,1099,489,104,41,1,0,-1,-1
1573,17,99,445,96,38,1,0,-1,-1
1573,18,254,474,90,47,1,0,-1,-1
1573,19,56,480,69,30,1,0,-1,-1
1574,3,96,848,245,138,1,0,-1,-1
1574,4,0,750,190,111,1,0,-1,-1
1574,5,462,529,122,62,1,0,-1,-1
1574,6,473,694,168,103,1,0,-1,-1
1574,7,654,600,161,65,1,0,-1,-1
1574,8,828,707,77,79,1,0,-1,-1
1574,9,1380,644,177,68,1,0,-1,-1
1574,10,1044,619,163,72,1,0,-1,-1
1574,11,887,482,112,48,1,0,-1,-1
1574,13,802,504,119,45,1,0,-1,-1
1574,14,824,546,141,61,1,0,-1,-1
1574,15,1100,490,104,41,1,0,-1,-1
1574,17,99,446,96,38,1,0,-1,-1
1574,18,255,474,90,47,1,0,-1,-1
1574,19,55,479,72,32,1,0,-1,-1
1575,3,94,847,245,138,1,0,-1,-1
1575,4,-1,749,190,111,1,0,-1,-1
1575,5,464,528,122,62,1,0,-1,-1
1575,6,471,693,168,103,1,0,-1,-1
1575,7,655,600,161,65,1,0,-1,-1
1575,8,828,708,77,79,1,0,-1,-1
1575,9,1381,643,177,68,1,0,-1,-1
1575,10,1043,617,163,72,1,0,-1,-1
1575,11,887,480,112,48,1,0,-1,-1
1575,13,803,505,119,45,1,0,-1,-1
1575,14,825,546,141,61,1,0,-1,-1
1575,15,1100,490,104,41,1,0,-1,-1
1575,17,98,446,96,38,1,0,-1,-1
1575,18,254,474,90,47,1,0,-1,-1
1575,19,55,478,72,32,1,0,-1,-1
1576,3,95,847,245,138,1,0,-1,-1
1576,4,0,749,190,111,1,0,-1,-1
1576,5,463,529,122,62,1,0,-1,-1
1576,6,470,694,168,103,1,0,-1,-1
1576,7,654,600,161,65,1,0,-1,-1
1576,8,828,707,77,79,1,0,-1,-1
1576,9,1381,644,177,68,1,0,-1,-1
1576,10,1043,618,163,72,1,0,-1,-1
1576,11,888,481,112,48,1,0,-1,-1
1576,13,802,504,119,45,1,0,-1,-1
1576,14,825,547,141,61,1,0,-1,-1
1576,15,1100,489,104,41,1,0,-1,-1
1576,17,100,445,96,38,1,0,-1,-1
1576,18,254,474,90,47,1,0,-1,-1
1576,19,57,480,69,30,1,0,-1,-1
1577,3,94,848,245,138,1,0,-1,-1
1577,4,0,750,190,111,1,0,-1,-1
1577,5,464,528,122,62,1,0,-1,-1
1577,6,470,694,168,103,1,0,-1,-1
1577,7,654,601,161,65,1,0,-1,-1
1577,8,827,708,77,79,1,0,-1,-1
1577,9,1381,644,177,68,1,0,-1,-1
1577,10,1042,617,163,72,1,0,-1,-1
1577,11,887,481,112,48,1,0,-1,-1
1577,13,802,505,119,45,1,0,-1,-1
1577,14,824,547,141,61,1,0,-1,-1
1577,15,1100,489,104,41,1,0,-1,-1
1577,17,98,446,96,38,1,0,-1,-1
1577,18,254,474,90,47,1,0,-1,-1
1577,19,56,480,69,30,1,0,-1,-1
1578,3,96,850,233,132,1,0,-1,-1
1578,4,-1,749,190,111,1,0,-1,-1
1578,5,464,529,122,62,1,0,-1,-1
1578,6,470,693,168,103,1,0,-1,-1
1578,7,654,600,161,65,1,0,-1,-1
1578,8,827,706,77,79,1,0,-1,-1
1578,9,1379,643,177,68,1,0,-1,-1
1578,10,1042,619,163,72,1,0,-1,-1
1578,11,888,480,112,48,1,0,-1,-1
1578,13,803,504,119,45,1,0,-1,-1
1578,14,824,547,141,61,1,0,-1,-1
1578,15,1101,490,104,41,1,0,-1,-1
1578,17,99,446,96,38,1,0,-1,-1
1578,18,256,474,90,47,1,0,-1,-1
1578,19,57,479,69,30,1,0,-1,-1
1579,3,95,849,233,132,1,0,-1,-1
1579,4,-1,749,190,111,1,0,-1,-1
1579,5,463,528,122,62,1,0,-1,-1
1579,6,469,692,168,103,1,0,-1,-1
1579,7,655,601,161,65,1,0,-1,-1
1579,8,826,706,77,79,1,0,-1,-1
1579,9,1380,644,177,68,1,0,-1,-1
1579,10,1041,617,163,72,1,0,-1,-1
1579,11,887,480,112,48,1,0,-1,-1
1579,13,805,504,119,45,1,0,-1,-1
1579,14,825,547,141,61,1,0,-1,-1
1579,15,1100,490,104,41,1,0,-1,-1
1579,17,101,445,96,38,1,0,-1,-1
1579,18,256,474,90,47,1,0,-1,-1
1579,19,58,480,69,30,1,0,-1,-1
1580,3,95,849,233,132,1,0,-1,-1
1580,4,-1,749,190,111,1,0,-1,-1
1580,5,463,529,122,62,1,0,-1,-1
1580,6,469,692,168,103,1,0,-1,-1
1580,7,655,600,161,65,1,0,-1,-1
1580,8,827,706,77,79,1,0,-1,-1
1580,9,1381,644,177,68,1,0,-1,-1
1580,10,1041,618,163,72,1,0,-1,-1
1580,11,888,481,112,48,1,0,-1,-1
1580,13,804,505,119,45,1,0,-1,-1
1580,14,824,546,141,61,1,0,-1,-1
1580,15,1101,489,104,41,1,0,-1,-1
1580,17,100,445,96,38,1,0,-1,-1
1580,18,256,474,90,47,1,0,-1,-1
1580,19,58,479,69,30,1,0,-1,-1
1581,3,93,850,233,132,1,0,-1,-1
1581,4,0,747,190,111,1,0,-1,-1
1581,5,464,529,122,62,1,0,-1,-1
1581,6,469,692,168,103,1,0,-1,-1
1581,7,653,599,161,65,1,0,-1,-1
1581,8,825,705,77,79,1,0,-1,-1
1581,9,1380,645,177,68,1,0,-1,-1
1581,10,1041,618,163,72,1,0,-1,-1
1581,11,887,481,112,48,1,0,-1,-1
1581,13,805,504,119,45,1,0,-1,-1
1581,14,825,547,141,61,1,0,-1,-1
1581,15,1101,490,104,41,1,0,-1,-1
1581,17,101,445,96,38,1,0,-1,-1
1581,18,256,473,90,47,1,0,-1,-1
1581,19,59,478,69,30,1,0,-1,-1
1582,3,93,849,233,132,1,0,-1,-1
1582,4,-1,748,190,111,1,0,-1,-1
1582,5,465,529,122,62,1,0,-1,-1
1582,6,468,693,168,103,1,0,-1,-1
1582,7,654,600,161,65,1,0,-1,-1
1582,8,826,704,77,79,1,0,-1,-1
1582,9,1379,644,177,68,1,0,-1,-1
1582,10,1042,618,163,72,1,0,-1,-1
1582,11,888,482,112,48,1,0,-1,-1
1582,13,804,504,119,45,1,0,-1,-1
1582,14,825,547,141,61,1,0,-1,-1
1582,15,1100,490,104,41,1,0,-1,-1
1582,17,102,445,96,38,1,0,-1,-1
1582,18,256,474,90,47,1,0,-1,-1
1582,19,59,478,69,30,1,0,-1,-1
1583,3,92,850,233,132,1,0,-1,-1
1583,4,-1,748,190,111,1,0,-1,-1
1583,5,465,528,122,62,1,0,-1,-1
1583,6,469,692,168,103,1,0,-1,-1
1583,7,653,599,161,65,1,0,-1,-1
1583,8,825,706,77,79,1,0,-1,-1
1583,9,1379,644,177,68,1,0,-1,-1
1583,10,1041,618,163,72,1,0,-1,-1
1583,11,888,481,112,48,1,0,-1,-1
1583,13,804,503,119,45,1,0,-1,-1
1583,14,826,548,141,61,1,0,-1,-1
1583,15,1100,489,104,41,1,0,-1,-1
1583,17,103,446,96,38,1,0,-1,-1
1583,18,257,474,90,47,1,0,-1,-1
1583,19,58,478,69,30,1,0,-1,-1
1584,3,92,849,233,132,1,0,-1,-1
1584,4,-1,746,190,111,1,0,-1,-1
1584,5,464,529,122,62,1,0,-1,-1
1584,6,467,692,168,103,1,0,-1,-1
1584,7,654,600,161,65,1,0,-1,-1
1584,8,823,706,77,79,1,0,-1,-1
1584,9,1378,645,177,68,1,0,-1,-1
1584,10,1041,617,163,72,1,0,-1,-1
1584,11,888,482,112,48,1,0,-1,-1
1584,13,804,504,119,45,1,0,-1,-1
1584,14,825,547,141,61,1,0,-1,-1
1584,15,1101,490,104,41,1,0,-1,-1
1584,17,103,446,96,38,1,0,-1,-1
1584,18,257,472,90,47,1,0,-1,-1
1584,19,59,479,69,30,1,0,-1,-1
1585,3,91,849,233,132,1,0,-1,-1
1585,4,0,747,190,111,1,0,-1,-1
1585,5,464,529,122,62,1,0,-1,-1
1585,6,468,693,168,103,1,0,-1,-1
1585,7,653,599,161,65,1,0,-1,-1
1585,8,823,705,77,79,1,0,-1,-1
1585,9,1378,645,177,68,1,0,-1,-1
1585,10,1041,617,163,72,1,0,-1,-1
1585,11,888,481,112,48,1,0,-1,-1
1585,13,805,504,119,45,1,0,-1,-1
1585,14,825,546,141,61,1,0,-1,-1
1585,15,1102,489,104,41,1,0,-1,-1
1585,17,104,446,96,38,1,0,-1,-1
1585,18,258,472,90,47,1,0,-1,-1
1585,19,60,478,69,30,1,0,-1,-1
1586,3,91,849,233,132,1,0,-1,-1
1586,4,0,747,190,111,1,0,-1,-1
1586,5,464,527,122,62,1,0,-1,-1
1586,6,467,692,168,103,1,0,-1,-1
1586,7,654,599,161,65,1,0,-1,-1
1586,8,822,705,77,79,1,0,-1,-1
1586,9,1378,644,177,68,1,0,-1,-1
1586,10,1041,618,163,72,1,0,-1,-1
1586,11,888,481,112,48,1,0,-1,-1
1586,13,804,504,119,45,1,0,-1,-1
1586,14,825,547,141,61,1,0,-1,-1
1586,15,1101,490,104,41,1,0,-1,-1
1586,17,103,444,96,38,1,0,-1,-1
1586,18,257,473,90,47,1,0,-1,-1
1586,19,61,478,69,30,1,0,-1,-1
1587,3,91,848,233,132,1,0,-1,-1
1587,4,0,747,190,111,1,0,-1,-1
1587,5,465,528,122,62,1,0,-1,-1
1587,6,467,693,168,103,1,0,-1,-1
1587,7,654,599,161,65,1,0,-1,-1
1587,8,822,706,77,79,1,0,-1,-1
1587,9,1378,645,177,68,1,0,-1,-1
1587,10,1040,618,163,72,1,0,-1,-1
1587,11,888,481,112,48,1,0,-1,-1
1587,13,806,504,119,45,1,0,-1,-1
1587,14,825,548,141,61,1,0,-1,-1
1587,15,1103,489,104,41,1,0,-1,-1
1587,17,104,445,96,38,1,0,-1,-1
1587,18,258,473,90,47,1,0,-1,-1
1587,19,62,479,69,30,1,0,-1,-1
1588,3,90,849,233,132,1,0,-1,-1
1588,4,0,746,190,111,1,0,-1,-1
1588,5,464,528,122,62,1,0,-1,-1
1588,6,466,692,168,103,1,0,-1,-1
1588,7,654,599,161,65,1,0,-1,-1
1588,8,823,705,77,79,1,0,-1,-1
1588,9,1378,644,177,68,1,0,-1,-1
1588,10,1040,617,163,72,1,0,-1,-1
1588,11,888,481,112,48,1,0,-1,-1
1588,13,805,503,119,45,1,0,-1,-1
1588,14,825,547,141,61,1,0,-1,-1
1588,15,1101,489,104,41,1,0,-1,-1
1588,17,103,443,96,38,1,0,-1,-1
1588,18,258,473,90,47,1,0,-1,-1
1588,19,61,478,69,30,1,0,-1,-1
1589,3,86,845,245,138,1,0,-1,-1
1589,4,0,750,181,106,1,0,-1,-1
1589,5,465,527,122,62,1,0,-1,-1
1589,6,465,693,168,103,1,0,-1,-1
1589,7,653,599,161,65,1,0,-1,-1
1589,8,821,706,77,79,1,0,-1,-1
1589,9,1378,644,177,68,1,0,-1,-1
1589,10,1040,618,163,72,1,0,-1,-1
1589,11,888,481,112,48,1,0,-1,-1
1589,13,806,503,119,45,1,0,-1,-1
1589,14,825,547,141,61,1,0,-1,-1
1589,15,1101,489,104,41,1,0,-1,-1
1589,17,103,442,96,38,1,0,-1,-1
1589,18,258,473,90,47,1,0,-1,-1
1589,19,61,478,69,30,1,0,-1,-1
1590,3,86,844,245,138,1,0,-1,-1
1590,4,-1,750,181,106,1,0,-1,-1
1590,5,464,527,122,62,1,0,-1,-1
1590,6,465,692,168,103,1,0,-1,-1
1590,7,652,599,161,65,1,0,-1,-1
1590,8,821,706,77,79,1,0,-1,-1
1590,9,1378,645,177,68,1,0,-1,-1
1590,10,1039,618,163,72,1,0,-1,-1
1590,11,889,480,112,48,1,0,-1,-1
1590,13,805,505,119,45,1,0,-1,-1
1590,14,825,547,141,61,1,0,-1,-1
1590,15,1102,489,104,41,1,0,-1,-1
1590,17,105,443,96,38,1,0,-1,-1
1590,18,259,473,90,47,1,0,-1,-1
1590,19,63,479,69,30,1,0,-1,-1
1591,3,85,845,245,138,1,0,-1,-1
1591,4,-1,749,181,106,1,0,-1,-1
1591,5,465,528,122,62,1,0,-1,-1
1591,6,464,693,168,103,1,0,-1,-1
1591,7,652,600,161,65,1,0,-1,-1
1591,8,820,707,77,79,1,0,-1,-1
1591,9,1377,644,177,68,1,0,-1,-1
1591,10,1039,617,163,72,1,0,-1,-1
1591,11,889,480,112,48,1,0,-1,-1
1591,13,806,504,119,45,1,0,-1,-1
1591,14,825,547,141,61,1,0,-1,-1
1591,15,1102,490,104,41,1,0,-1,-1
1591,17,105,442,96,38,1,0,-1,-1
1591,18,259,472,90,47,1,0,-1,-1
1591,19,62,479,69,30,1,0,-1,-1
1592,3,84,845,245,138,1,0,-1,-1
1592,4,-1,749,181,106,1,0,-1,-1
1592,5,464,528,122,62,1,0,-1,-1
1592,6,464,693,168,103,1,0,-1,-1
1592,7,653,599,161,65,1,0,-1,-1
1592,8,820,706,77,79,1,0,-1,-1
1592,9,1377,645,177,68,1,0,-1,-1
1592,10,1039,617,163,72,1,0,-1,-1
1592,11,888,481,112,48,1,0,-1,-1
1592,13,805,505,119,45,1,0,-1,-1
1592,14,824,547,141,61,1,0,-1,-1
1592,15,1103,490,104,41,1,0,-1,-1
1592,17,106,442,96,38,1,0,-1,-1
1592,18,259,472,90,47,1,0,-1,-1
1592,19,63,478,69,30,1,0,-1,-1
1593,3,83,845,245,138,1,0,-1,-1
1593,4,0,749,181,106,1,0,-1,-1
1593,5,465,528,122,62,1,0,-1,-1
1593,6,465,692,168,103,1,0,-1,-1
1593,7,652,600,161,65,1,0,-1,-1
1593,8,821,706,77,79,1,0,-1,-1
1593,9,1378,644,177,68,1,0,-1,-1
1593,10,1042,618,155,69,1,0,-1,-1
1593,11,889,481,112,48,1,0,-1,-1
1593,13,807,505,119,45,1,0,-1,-1
1593,14,825,547,141,61,1,0,-1,-1
1593,15,1102,489,104,41,1,0,-1,-1
1593,17,106,443,96,38,1,0,-1,-1
1593,18,260,473,90,47,1,0,-1,-1
1593,19,64,478,69,30,1,0,-1,-1
1594,3,84,844,245,138,1,0,-1,-1
1594,4,0,748,181,106,1,0,-1,-1
1594,5,464,528,122,62,1,0,-1,-1
1594,6,464,692,168,103,1,0,-1,-1
1594,7,653,599,161,65,1,0,-1,-1
1594,8,820,707,77,79,1,0,-1,-1
1594,9,1378,645,177,68,1,0,-1,-1
1594,10,1043,619,155,69,1,0,-1,-1
1594,11,888,481,112,48,1,0,-1,-1
1594,13,807,505,119,45,1,0,-1,-1
1594,14,828,550,134,58,1,0,-1,-1
1594,15,1103,490,104,41,1,0,-1,-1
1594,17,107,442,96,38,1,0,-1,-1
1594,18,259,472,90,47,1,0,-1,-1
1594,19,64,478,69,30,1,0,-1,-1
