715,39,882,258,139,76,0.8480,0,-1,-1
715,40,1079,553,86,155,0.7982,0,-1,-1
716,39,882,258,139,76,0.8480,0,-1,-1
716,40,1079,554,85,154,0.7969,0,-1,-1
717,39,883,258,138,76,0.8490,0,-1,-1
717,40,1082,556,85,153,0.6960,0,-1,-1
718,39,882,259,138,75,0.8510,0,-1,-1
718,40,1082,554,86,156,0.7786,0,-1,-1
719,39,882,259,138,75,0.8490,0,-1,-1
719,40,1083,555,86,155,0.7866,0,-1,-1
720,39,881,259,139,76,0.8480,0,-1,-1
720,40,1084,556,85,155,0.7520,0,-1,-1
721,39,882,259,137,75,0.8490,0,-1,-1
721,40,1084,555,87,157,0.6809,0,-1,-1
722,39,882,259,137,75,0.8490,0,-1,-1
722,40,1083,555,87,158,0.7170,0,-1,-1
723,39,883,260,135,74,0.8539,0,-1,-1
723,40,1082,556,87,159,0.7840,0,-1,-1
724,39,884,260,133,73,0.8539,0,-1,-1
724,40,1082,557,88,161,0.7786,0,-1,-1
725,39,884,260,133,73,0.8520,0,-1,-1
725,40,1082,559,88,159,0.7957,0,-1,-1
726,39,883,260,135,73,0.8520,0,-1,-1
726,40,1082,561,87,158,0.7058,0,-1,-1
727,39,882,259,137,75,0.8500,0,-1,-1
727,40,1082,563,86,157,0.7866,0,-1,-1
728,39,881,259,139,75,0.8500,0,-1,-1
728,40,1081,563,87,158,0.7853,0,-1,-1
729,39,881,259,139,76,0.8500,0,-1,-1
729,40,1081,564,86,157,0.7866,0,-1,-1
730,39,881,260,139,75,0.8529,0,-1,-1
731,39,881,260,139,75,0.8520,0,-1,-1
732,39,881,259,139,76,0.8529,0,-1,-1
732,40,1079,563,89,163,0.7879,0,-1,-1
733,39,881,259,140,76,0.8510,0,-1,-1
734,39,881,259,141,76,0.8510,0,-1,-1
735,39,881,258,141,77,0.8480,0,-1,-1
735,40,1079,566,90,164,0.7074,0,-1,-1
736,39,880,258,143,77,0.8500,0,-1,-1
736,40,1080,568,91,164,0.7691,0,-1,-1
737,39,880,258,142,77,0.8490,0,-1,-1
737,40,1080,566,92,167,0.7295,0,-1,-1
738,39,880,258,142,77,0.8500,0,-1,-1
738,40,1078,567,93,166,0.7217,0,-1,-1
738,43,1227,198,38,49,0.6206,0,-1,-1
739,39,880,258,141,77,0.8500,0,-1,-1
739,40,1078,567,93,167,0.8117,0,-1,-1
739,43,1227,199,38,49,0.6460,0,-1,-1
740,39,880,258,142,77,0.8459,0,-1,-1
740,40,1077,568,93,166,0.8141,0,-1,-1
740,43,1227,201,38,47,0.6723,0,-1,-1
741,39,881,258,140,76,0.8470,0,-1,-1
741,40,1075,564,97,174,0.8069,0,-1,-1
741,43,1227,202,38,47,0.6654,0,-1,-1
742,39,882,258,139,76,0.8449,0,-1,-1
742,40,1075,565,98,175,0.8081,0,-1,-1
742,43,1228,202,36,46,0.6671,0,-1,-1
743,39,882,258,138,75,0.8459,0,-1,-1
743,40,1075,568,96,172,0.8129,0,-1,-1
743,43,1228,203,36,45,0.6723,0,-1,-1
744,39,882,258,138,75,0.8490,0,-1,-1
744,40,1076,571,95,170,0.7957,0,-1,-1
744,43,1228,203,36,45,0.6478,0,-1,-1
745,39,882,258,138,75,0.8500,0,-1,-1
745,40,1075,568,97,175,0.8093,0,-1,-1
745,43,1228,204,36,44,0.6206,0,-1,-1
746,39,882,259,137,74,0.8510,0,-1,-1
746,40,1075,570,96,173,0.7994,0,-1,-1
747,39,882,258,137,75,0.8470,0,-1,-1
747,40,1075,572,96,174,0.8187,0,-1,-1
748,39,881,258,139,75,0.8490,0,-1,-1
748,40,1075,573,98,174,0.8032,0,-1,-1
749,39,881,258,139,75,0.8470,0,-1,-1
749,40,1075,572,98,176,0.8164,0,-1,-1
750,39,881,258,139,75,0.8470,0,-1,-1
750,40,1075,572,99,178,0.8081,0,-1,-1
751,39,880,257,141,76,0.8470,0,-1,-1
751,40,1075,573,99,178,0.8210,0,-1,-1
752,39,880,257,141,77,0.8480,0,-1,-1
752,40,1076,574,99,177,0.8245,0,-1,-1
753,39,880,257,141,77,0.8480,0,-1,-1
753,40,1076,574,100,178,0.8300,0,-1,-1
754,39,880,257,141,77,0.8459,0,-1,-1
754,40,1077,576,99,176,0.8117,0,-1,-1
755,39,880,257,141,77,0.8459,0,-1,-1
755,40,1077,576,99,176,0.8007,0,-1,-1
756,39,880,257,141,77,0.8439,0,-1,-1
756,40,1077,578,98,175,0.8289,0,-1,-1
757,39,880,257,141,76,0.8429,0,-1,-1
757,40,1078,582,97,172,0.8278,0,-1,-1
758,39,880,256,141,78,0.8429,0,-1,-1
758,40,1074,583,98,171,0.8081,0,-1,-1
759,39,880,256,141,77,0.8418,0,-1,-1
759,40,1072,583,100,172,0.8311,0,-1,-1
760,39,880,255,141,78,0.8418,0,-1,-1
760,40,1071,582,101,174,0.8333,0,-1,-1
761,39,880,255,141,78,0.8439,0,-1,-1
761,40,1072,581,103,176,0.8355,0,-1,-1
762,39,879,254,143,79,0.8418,0,-1,-1
762,40,1073,580,104,178,0.8333,0,-1,-1
763,39,879,254,143,79,0.8397,0,-1,-1
763,40,1072,579,106,178,0.8164,0,-1,-1
764,39,879,254,143,78,0.8397,0,-1,-1
764,40,1071,578,107,181,0.8032,0,-1,-1
765,39,880,254,142,78,0.8408,0,-1,-1
765,40,1068,579,107,179,0.8056,0,-1,-1
766,39,880,255,141,77,0.8429,0,-1,-1
766,40,1069,580,106,177,0.8129,0,-1,-1
767,39,881,255,140,77,0.8429,0,-1,-1
767,40,1070,581,105,176,0.8233,0,-1,-1
768,39,880,253,141,78,0.8366,0,-1,-1
768,40,1069,580,106,177,0.7786,0,-1,-1
769,39,880,253,142,78,0.8387,0,-1,-1
769,40,1069,581,105,177,0.7759,0,-1,-1
770,39,880,253,141,78,0.8418,0,-1,-1
770,40,1069,582,104,176,0.7677,0,-1,-1
770,43,1225,204,38,47,0.6114,0,-1,-1
771,39,880,253,140,77,0.8439,0,-1,-1
771,40,1070,584,102,172,0.7759,0,-1,-1
772,39,880,252,141,78,0.8439,0,-1,-1
772,40,1071,584,102,173,0.7786,0,-1,-1
773,39,880,252,141,77,0.8439,0,-1,-1
773,40,1072,585,100,171,0.7853,0,-1,-1
774,39,879,252,142,77,0.8245,0,-1,-1
774,40,1071,585,100,170,0.7606,0,-1,-1
775,39,879,251,143,79,0.8233,0,-1,-1
775,40,1069,583,101,172,0.7918,0,-1,-1
776,39,879,251,143,78,0.8129,0,-1,-1
776,40,1068,580,102,175,0.7957,0,-1,-1
777,39,880,252,141,77,0.8210,0,-1,-1
777,40,1067,578,103,179,0.7994,0,-1,-1
778,39,881,252,139,76,0.8333,0,-1,-1
778,40,1064,578,103,178,0.7800,0,-1,-1
779,39,882,252,136,75,0.8429,0,-1,-1
779,40,1063,578,104,177,0.7663,0,-1,-1
780,39,882,252,135,74,0.8480,0,-1,-1
780,40,1067,579,100,173,0.8187,0,-1,-1
781,39,881,251,136,75,0.8366,0,-1,-1
781,40,1067,576,101,175,0.8164,0,-1,-1
782,39,881,251,136,74,0.8397,0,-1,-1
782,40,1066,576,101,176,0.8164,0,-1,-1
783,39,880,250,138,75,0.8210,0,-1,-1
783,40,1067,577,99,173,0.8176,0,-1,-1
784,39,881,250,136,75,0.8355,0,-1,-1
784,40,1066,576,99,174,0.8199,0,-1,-1
785,39,881,249,136,75,0.8366,0,-1,-1
785,40,1066,575,98,173,0.7691,0,-1,-1
786,39,881,249,136,75,0.8322,0,-1,-1
786,40,1065,575,97,172,0.7705,0,-1,-1
787,39,881,249,135,75,0.8245,0,-1,-1
787,40,1064,574,97,172,0.7564,0,-1,-1
788,39,881,249,135,74,0.8176,0,-1,-1
788,40,1062,572,98,173,0.7387,0,-1,-1
789,39,881,248,134,74,0.8267,0,-1,-1
789,40,1063,573,96,170,0.7372,0,-1,-1
790,39,880,246,135,75,0.8376,0,-1,-1
790,40,1063,576,95,166,0.7827,0,-1,-1
791,39,880,245,136,75,0.8510,0,-1,-1
791,40,1063,575,95,166,0.7892,0,-1,-1
792,39,881,245,134,74,0.8480,0,-1,-1
792,40,1061,572,96,168,0.7718,0,-1,-1
793,39,881,245,134,74,0.8568,0,-1,-1
793,40,1060,570,96,166,0.7957,0,-1,-1
794,39,881,246,133,72,0.8597,0,-1,-1
794,40,1060,571,95,164,0.7621,0,-1,-1
795,39,882,245,133,73,0.8587,0,-1,-1
795,40,1059,571,95,161,0.7663,0,-1,-1
796,39,882,245,132,71,0.8539,0,-1,-1
796,40,1058,570,95,161,0.7025,2,-1,-1
797,39,882,244,132,72,0.8520,0,-1,-1
797,40,1060,570,94,159,0.7732,0,-1,-1
798,39,880,243,133,72,0.8606,0,-1,-1
798,40,1058,564,94,161,0.6058,0,-1,-1
799,39,880,243,134,72,0.8606,0,-1,-1
799,40,1057,565,94,159,0.7311,0,-1,-1
800,39,881,243,133,71,0.8578,0,-1,-1
800,40,1056,563,93,158,0.7233,0,-1,-1
801,39,881,242,133,72,0.8539,0,-1,-1
801,40,1057,563,91,155,0.7356,0,-1,-1
802,39,880,242,133,71,0.8606,0,-1,-1
802,40,1057,561,90,154,0.7387,0,-1,-1
803,39,880,241,134,72,0.8558,0,-1,-1
803,40,1057,559,89,155,0.7732,0,-1,-1
804,39,881,241,132,72,0.8634,0,-1,-1
804,40,1056,559,88,153,0.7800,0,-1,-1
805,39,881,241,131,71,0.8558,0,-1,-1
805,40,1055,558,87,151,0.7264,0,-1,-1
806,39,880,241,132,70,0.8568,0,-1,-1
806,40,1055,555,87,152,0.7476,0,-1,-1
807,39,880,239,132,71,0.8376,0,-1,-1
807,40,1052,551,90,158,0.7506,2,-1,-1
807,48,1208,198,41,45,0.6993,0,-1,-1
808,39,881,239,129,69,0.8549,0,-1,-1
808,40,1051,547,92,160,0.7746,0,-1,-1
808,48,1209,199,39,44,0.7249,0,-1,-1
809,39,882,239,127,68,0.8539,0,-1,-1
809,40,1052,548,90,157,0.7621,0,-1,-1
809,48,1209,200,39,43,0.6843,0,-1,-1
810,39,880,236,132,71,0.8429,0,-1,-1
810,40,1051,546,90,157,0.8164,0,-1,-1
811,39,880,236,131,70,0.8459,0,-1,-1
811,40,1052,546,89,156,0.8210,0,-1,-1
812,39,880,235,132,71,0.8470,0,-1,-1
812,40,1053,546,89,156,0.8187,0,-1,-1
813,39,880,235,132,70,0.8480,0,-1,-1
813,40,1052,544,88,154,0.8176,0,-1,-1
814,39,881,235,130,70,0.8480,0,-1,-1
814,40,1052,545,87,152,0.8222,0,-1,-1
815,39,882,235,128,69,0.8490,0,-1,-1
815,40,1052,544,86,151,0.8187,0,-1,-1
816,39,880,234,130,70,0.8387,0,-1,-1
816,40,1051,540,87,152,0.8117,0,-1,-1
817,39,879,233,131,70,0.8439,0,-1,-1
817,40,1050,538,86,152,0.8129,0,-1,-1
818,39,879,232,131,71,0.8449,0,-1,-1
818,40,1051,539,85,149,0.8152,0,-1,-1
819,39,879,232,131,71,0.8397,0,-1,-1
819,40,1050,539,85,148,0.8081,0,-1,-1
820,39,878,230,133,73,0.8300,0,-1,-1
820,40,1049,537,86,150,0.8032,0,-1,-1
821,39,878,230,133,73,0.8176,0,-1,-1
821,40,1050,535,86,151,0.7918,0,-1,-1
822,39,879,230,131,71,0.7402,0,-1,-1
822,40,1050,535,86,149,0.7944,0,-1,-1
823,39,879,229,130,71,0.7549,0,-1,-1
823,40,1049,534,85,149,0.7866,0,-1,-1
824,39,878,229,130,71,0.7957,0,-1,-1
824,40,1049,534,84,148,0.7718,0,-1,-1
825,39,878,230,130,70,0.8333,0,-1,-1
825,40,1049,534,82,145,0.7773,0,-1,-1
826,39,878,230,129,69,0.8333,0,-1,-1
826,40,1046,527,86,151,0.8032,0,-1,-1
827,39,878,229,130,70,0.8222,0,-1,-1
827,40,1044,526,87,151,0.8044,0,-1,-1
828,39,879,229,128,69,0.8093,0,-1,-1
828,40,1045,527,85,150,0.7905,0,-1,-1
829,39,879,229,128,68,0.7879,0,-1,-1
829,40,1046,529,84,146,0.7918,0,-1,-1
830,39,878,228,130,69,0.7800,0,-1,-1
830,40,1047,531,83,143,0.7944,0,-1,-1
831,39,876,226,133,71,0.7813,0,-1,-1
831,40,1046,530,83,144,0.7800,0,-1,-1
832,39,874,225,135,73,0.8141,0,-1,-1
832,40,1045,527,84,147,0.8007,0,-1,-1
833,39,875,225,134,72,0.8199,0,-1,-1
833,40,1043,525,86,148,0.8141,0,-1,-1
834,39,876,225,133,71,0.8210,0,-1,-1
834,40,1043,524,86,148,0.8152,0,-1,-1
835,39,876,224,133,72,0.8007,0,-1,-1
835,40,1041,520,87,152,0.8032,0,-1,-1
836,39,877,224,132,72,0.8081,0,-1,-1
836,40,1040,520,87,152,0.8105,0,-1,-1
837,39,877,224,132,72,0.8019,0,-1,-1
837,40,1040,519,87,152,0.8141,0,-1,-1
838,39,877,224,130,71,0.8093,0,-1,-1
838,40,1040,519,86,151,0.8176,0,-1,-1
839,39,876,224,131,71,0.8141,0,-1,-1
839,40,1040,518,85,151,0.8093,0,-1,-1
840,39,876,223,131,72,0.8210,0,-1,-1
840,40,1040,517,85,151,0.8117,0,-1,-1
841,39,877,223,130,71,0.8233,0,-1,-1
841,40,1038,518,85,150,0.8187,0,-1,-1
842,39,878,223,129,71,0.8267,0,-1,-1
842,40,1037,519,85,148,0.8176,0,-1,-1
843,39,879,222,128,71,0.8322,0,-1,-1
843,40,1038,520,83,146,0.8245,0,-1,-1
844,39,879,222,128,70,0.8311,0,-1,-1
844,40,1038,520,82,146,0.8199,0,-1,-1
845,39,879,222,128,70,0.8311,0,-1,-1
845,40,1038,519,82,147,0.8117,0,-1,-1
846,39,878,222,130,71,0.8245,0,-1,-1
846,40,1037,513,84,152,0.7957,0,-1,-1
847,39,880,222,127,70,0.8256,0,-1,-1
847,40,1037,513,85,152,0.7233,0,-1,-1
848,39,880,222,127,70,0.8256,0,-1,-1
848,40,1036,510,85,154,0.7491,2,-1,-1
848,51,1040,512,79,151,0.6243,0,-1,-1
849,39,881,222,124,68,0.8387,0,-1,-1
849,40,1036,510,84,154,0.7372,2,-1,-1
849,51,1041,514,77,147,0.7535,0,-1,-1
850,39,882,221,122,67,0.8397,0,-1,-1
850,40,1036,508,85,155,0.7879,0,-1,-1
851,39,882,221,122,67,0.8418,0,-1,-1
852,39,881,221,124,67,0.8429,0,-1,-1
852,40,1037,512,82,149,0.7718,0,-1,-1
853,39,880,220,126,69,0.8397,0,-1,-1
853,52,1038,514,81,147,0.7154,0,-1,-1
853,40,1035,512,83,150,0.7402,2,-1,-1
854,39,880,220,126,69,0.8387,0,-1,-1
855,39,882,220,123,68,0.8344,0,-1,-1
855,40,1038,514,79,145,0.7773,0,-1,-1
856,39,881,219,124,68,0.8366,0,-1,-1
856,40,1037,513,79,145,0.7918,0,-1,-1
857,39,881,219,124,68,0.8344,0,-1,-1
857,40,1036,512,80,147,0.8267,0,-1,-1
858,39,880,218,126,68,0.8418,0,-1,-1
858,40,1035,512,80,147,0.8210,0,-1,-1
859,39,881,218,124,68,0.8418,0,-1,-1
859,40,1034,511,80,147,0.8019,0,-1,-1
860,39,881,218,124,67,0.8387,0,-1,-1
860,40,1034,511,79,145,0.8093,0,-1,-1
861,39,881,217,124,68,0.8355,0,-1,-1
861,40,1032,507,81,148,0.8093,0,-1,-1
862,39,880,216,126,68,0.8344,0,-1,-1
862,40,1031,506,82,150,0.8081,0,-1,-1
863,39,880,216,126,69,0.8366,0,-1,-1
863,40,1030,506,83,150,0.8081,0,-1,-1
864,39,881,216,124,68,0.8376,0,-1,-1
864,40,1029,504,85,152,0.8176,0,-1,-1
865,39,881,216,124,67,0.8387,0,-1,-1
865,40,1030,506,83,150,0.7879,0,-1,-1
866,39,881,216,124,67,0.8387,0,-1,-1
866,40,1030,508,82,147,0.7957,0,-1,-1
867,39,883,216,121,66,0.8490,0,-1,-1
867,40,1033,511,79,141,0.8019,0,-1,-1
868,39,883,216,120,65,0.8510,0,-1,-1
868,40,1031,510,80,141,0.8093,0,-1,-1
869,39,883,217,120,64,0.8549,0,-1,-1
869,40,1029,509,81,142,0.8093,0,-1,-1
870,39,883,217,120,65,0.8539,0,-1,-1
870,40,1030,510,80,140,0.8117,0,-1,-1
871,39,883,217,121,65,0.8500,0,-1,-1
871,40,1030,508,81,142,0.8105,0,-1,-1
872,39,883,217,121,65,0.8490,0,-1,-1
872,40,1030,508,81,141,0.8105,0,-1,-1
873,39,882,216,122,66,0.8311,0,-1,-1
873,40,1028,503,83,147,0.8032,0,-1,-1
874,39,882,216,122,66,0.8164,0,-1,-1
874,40,1029,502,82,148,0.7879,0,-1,-1
875,39,881,215,124,67,0.8210,0,-1,-1
875,40,1029,502,82,147,0.8056,0,-1,-1
876,39,881,214,124,67,0.8344,0,-1,-1
876,40,1028,500,83,149,0.8233,0,-1,-1
877,39,881,214,124,67,0.8366,0,-1,-1
877,40,1026,497,86,152,0.8256,0,-1,-1
878,39,881,213,124,67,0.8376,0,-1,-1
878,40,1025,497,86,152,0.8222,0,-1,-1
879,39,882,212,122,66,0.8355,0,-1,-1
879,40,1026,501,83,147,0.7931,0,-1,-1
880,39,882,212,122,66,0.8366,0,-1,-1
880,40,1027,503,81,144,0.7879,0,-1,-1
881,39,881,212,123,67,0.8333,0,-1,-1
881,40,1026,502,81,144,0.8199,0,-1,-1
882,39,881,212,122,67,0.8333,0,-1,-1
882,40,1027,503,80,143,0.7994,0,-1,-1
883,39,882,212,120,65,0.8344,0,-1,-1
883,40,1025,500,82,145,0.7866,0,-1,-1
884,39,882,212,119,65,0.8311,0,-1,-1
884,40,1025,499,83,145,0.7944,0,-1,-1
885,39,882,212,119,64,0.8322,0,-1,-1
885,40,1024,495,85,149,0.7994,0,-1,-1
886,39,881,211,120,66,0.8355,0,-1,-1
886,40,1024,494,85,150,0.7663,0,-1,-1
886,54,1184,191,40,40,0.6095,0,-1,-1
887,39,881,211,120,66,0.8311,0,-1,-1
887,40,1023,494,86,150,0.7879,0,-1,-1
887,54,1184,192,40,39,0.6151,0,-1,-1
888,39,881,212,121,65,0.8366,0,-1,-1
888,40,1023,495,84,148,0.7705,0,-1,-1
889,39,882,211,119,65,0.8355,0,-1,-1
889,40,1024,498,83,145,0.8032,0,-1,-1
890,39,882,211,119,65,0.8366,0,-1,-1
890,40,1025,499,82,143,0.7944,0,-1,-1
891,39,883,210,117,64,0.8333,0,-1,-1
891,40,1024,498,82,144,0.7827,0,-1,-1
892,39,883,209,117,64,0.8300,0,-1,-1
892,40,1023,497,83,144,0.7813,0,-1,-1
893,39,882,209,118,64,0.8311,0,-1,-1
893,40,1023,496,83,144,0.7718,0,-1,-1
894,39,881,209,120,65,0.8333,0,-1,-1
894,40,1024,496,81,142,0.7677,0,-1,-1
895,39,880,209,121,66,0.8300,0,-1,-1
895,40,1025,497,79,139,0.7372,0,-1,-1
896,39,880,209,121,66,0.8333,0,-1,-1
896,40,1025,497,79,137,0.6910,0,-1,-1
897,39,880,209,121,65,0.8256,0,-1,-1
897,40,1025,497,79,137,0.7341,0,-1,-1
898,39,881,208,120,65,0.8245,0,-1,-1
898,40,1024,496,79,139,0.7249,0,-1,-1
899,39,882,208,119,65,0.8233,0,-1,-1
899,40,1025,497,78,138,0.7341,0,-1,-1
900,39,881,208,120,64,0.8069,0,-1,-1
900,40,1025,496,78,138,0.7621,0,-1,-1
901,39,881,208,118,63,0.8141,0,-1,-1
902,39,881,207,117,64,0.8093,0,-1,-1
902,40,1023,493,80,140,0.6706,0,-1,-1
903,39,881,207,117,63,0.8019,0,-1,-1
903,40,1023,492,80,142,0.6671,0,-1,-1
904,39,881,207,118,63,0.8007,0,-1,-1
904,40,1023,492,80,142,0.6619,0,-1,-1
905,39,881,207,118,63,0.7931,0,-1,-1
905,40,1023,492,80,142,0.6926,0,-1,-1
906,39,881,206,120,64,0.8081,0,-1,-1
906,40,1021,490,82,145,0.7186,0,-1,-1
907,39,881,206,120,64,0.8141,0,-1,-1
907,40,1020,488,83,146,0.7402,0,-1,-1
908,39,882,206,119,64,0.8129,0,-1,-1
908,40,1022,488,83,143,0.7387,0,-1,-1
909,39,882,206,119,63,0.8256,0,-1,-1
909,40,1022,489,82,140,0.7535,0,-1,-1
909,55,-1,142,124,107,0.6549,0,-1,-1
910,39,882,206,119,63,0.8289,0,-1,-1
910,40,1020,486,84,142,0.7106,0,-1,-1
910,55,0,143,122,105,0.6169,0,-1,-1
911,39,883,206,118,63,0.8311,0,-1,-1
911,40,1020,484,84,144,0.6910,0,-1,-1
911,55,1,145,119,102,0.6478,0,-1,-1
912,39,882,206,119,63,0.8300,0,-1,-1
912,40,1020,484,83,144,0.6826,0,-1,-1
912,55,0,145,122,104,0.7025,0,-1,-1
913,39,883,205,117,63,0.8322,0,-1,-1
913,55,0,143,124,107,0.7138,0,-1,-1
914,39,883,205,117,63,0.8333,0,-1,-1
914,55,0,142,125,107,0.7058,0,-1,-1
914,40,1021,484,83,142,0.6602,0,-1,-1
915,39,883,205,117,63,0.8344,0,-1,-1
915,55,1,144,122,104,0.7249,0,-1,-1
915,40,1020,485,82,141,0.7122,0,-1,-1
916,39,882,205,118,63,0.8176,0,-1,-1
916,55,0,143,123,105,0.6876,0,-1,-1
916,40,1019,484,82,143,0.7326,0,-1,-1
917,39,881,205,119,64,0.8176,0,-1,-1
917,55,0,142,123,106,0.6809,0,-1,-1
917,40,1018,484,82,144,0.7280,0,-1,-1
918,39,879,205,122,65,0.8093,0,-1,-1
918,55,0,142,124,106,0.7074,0,-1,-1
918,40,1018,483,82,144,0.7249,0,-1,-1
919,39,879,205,122,65,0.8129,0,-1,-1
919,55,0,142,123,106,0.7074,0,-1,-1
919,40,1017,481,83,146,0.7138,0,-1,-1
920,39,880,205,121,64,0.8044,0,-1,-1
920,55,0,141,125,108,0.6689,0,-1,-1
920,40,1018,481,83,147,0.7058,0,-1,-1
921,39,881,204,118,63,0.8019,0,-1,-1
921,55,-1,139,127,111,0.6280,0,-1,-1
921,40,1020,480,82,145,0.7341,0,-1,-1
922,39,882,204,117,62,0.8105,0,-1,-1
922,55,3,142,120,103,0.6225,0,-1,-1
922,40,1019,482,81,141,0.7058,0,-1,-1
923,39,882,204,117,62,0.8056,0,-1,-1
923,55,5,144,116,99,0.6584,0,-1,-1
923,40,1019,482,80,141,0.6775,0,-1,-1
924,39,882,204,117,62,0.8187,0,-1,-1
924,55,1,144,124,104,0.7387,0,-1,-1
924,40,1017,482,81,142,0.7106,0,-1,-1
925,39,882,203,118,63,0.8245,0,-1,-1
925,55,5,145,117,98,0.7074,0,-1,-1
925,40,1017,483,80,141,0.7341,0,-1,-1
926,39,882,204,118,62,0.8256,0,-1,-1
926,55,6,146,115,95,0.6893,0,-1,-1
926,40,1017,483,80,140,0.7356,0,-1,-1
927,39,884,203,115,61,0.8245,0,-1,-1
927,55,8,148,112,91,0.7773,0,-1,-1
927,40,1018,485,78,137,0.6206,0,-1,-1
928,39,885,203,113,60,0.8278,0,-1,-1
928,55,8,147,113,91,0.7718,0,-1,-1
929,39,885,203,113,59,0.8278,0,-1,-1
929,55,7,146,115,91,0.7578,0,-1,-1
929,40,1017,482,79,140,0.6637,0,-1,-1
930,39,886,202,112,59,0.8278,0,-1,-1
930,55,8,148,114,89,0.7491,0,-1,-1
930,40,1015,481,79,141,0.6876,0,-1,-1
931,39,886,202,113,59,0.8289,0,-1,-1
931,55,7,148,117,90,0.7606,0,-1,-1
931,40,1015,481,79,141,0.7009,0,-1,-1
932,39,885,202,113,59,0.8278,0,-1,-1
932,55,6,147,120,91,0.7491,0,-1,-1
932,40,1015,480,79,142,0.7202,0,-1,-1
933,39,885,201,113,60,0.8311,0,-1,-1
933,55,6,147,120,90,0.7326,0,-1,-1
933,40,1015,481,76,138,0.7009,0,-1,-1
934,39,885,201,113,60,0.8300,0,-1,-1
934,55,6,147,121,90,0.7549,0,-1,-1
934,40,1016,481,76,138,0.7535,0,-1,-1
935,39,885,201,113,59,0.8267,0,-1,-1
935,55,6,147,123,91,0.7592,0,-1,-1
935,40,1016,481,76,138,0.7417,0,-1,-1
936,39,886,201,112,58,0.8233,0,-1,-1
936,55,2,142,132,98,0.7549,0,-1,-1
936,40,1016,482,75,135,0.7295,0,-1,-1
937,39,887,201,111,58,0.8199,0,-1,-1
937,55,0,140,137,101,0.7649,0,-1,-1
937,40,1017,483,75,134,0.7705,0,-1,-1
938,39,887,200,112,59,0.8176,0,-1,-1
938,55,0,139,138,103,0.7387,0,-1,-1
938,40,1017,483,75,135,0.6860,0,-1,-1
939,39,887,200,112,58,0.8199,0,-1,-1
939,55,-1,139,140,105,0.7447,0,-1,-1
939,40,1016,484,76,135,0.7311,0,-1,-1
940,39,885,199,115,59,0.8129,0,-1,-1
940,55,-1,139,142,106,0.7025,0,-1,-1
940,40,1016,484,76,134,0.6689,0,-1,-1
941,39,885,198,115,60,0.8093,0,-1,-1
941,55,-2,138,145,109,0.7106,0,-1,-1
941,40,1016,485,75,133,0.6723,0,-1,-1
942,39,884,198,116,60,0.8164,0,-1,-1
942,55,2,142,137,102,0.6826,0,-1,-1
942,40,1016,485,75,131,0.6298,0,-1,-1
943,39,883,197,117,61,0.8176,0,-1,-1
943,55,4,144,135,98,0.6943,0,-1,-1
943,40,1016,483,75,132,0.7813,0,-1,-1
944,39,884,198,115,60,0.8233,0,-1,-1
944,55,4,144,136,98,0.7025,0,-1,-1
944,40,1015,481,76,135,0.7892,0,-1,-1
945,39,884,198,116,60,0.8344,0,-1,-1
945,55,3,143,138,100,0.6132,0,-1,-1
945,40,1014,480,77,135,0.7813,0,-1,-1
946,39,885,198,115,60,0.8397,0,-1,-1
946,40,1015,480,77,134,0.7866,0,-1,-1
947,39,885,198,116,60,0.8387,0,-1,-1
947,40,1015,480,77,134,0.7918,0,-1,-1
948,39,885,197,116,61,0.8408,0,-1,-1
948,40,1015,477,77,135,0.7249,0,-1,-1
949,39,885,197,116,61,0.8397,0,-1,-1
949,40,1013,476,78,136,0.7944,0,-1,-1
950,39,885,197,116,60,0.8397,0,-1,-1
950,40,1013,477,77,135,0.8019,0,-1,-1
951,39,885,197,116,60,0.8439,0,-1,-1
951,40,1013,478,76,133,0.7853,0,-1,-1
951,55,-1,137,154,113,0.6619,0,-1,-1
952,39,886,196,115,60,0.8408,0,-1,-1
952,40,1012,477,76,134,0.8081,0,-1,-1
952,55,-1,137,154,113,0.6002,0,-1,-1
953,39,885,196,116,61,0.8449,0,-1,-1
953,40,1012,476,75,133,0.7813,0,-1,-1
954,39,884,196,116,61,0.8418,0,-1,-1
954,40,1012,476,75,133,0.7520,0,-1,-1
954,55,1,140,147,106,0.6169,0,-1,-1
955,39,884,196,115,60,0.8439,0,-1,-1
955,40,1012,475,75,134,0.7461,0,-1,-1
955,55,4,141,142,103,0.6169,0,-1,-1
956,39,884,196,115,60,0.8397,0,-1,-1
956,40,1010,474,77,136,0.8069,0,-1,-1
956,55,6,142,138,98,0.7009,0,-1,-1
957,39,884,195,115,60,0.8418,0,-1,-1
957,40,1011,474,77,137,0.8007,0,-1,-1
957,55,6,142,139,96,0.7476,0,-1,-1
958,39,884,195,116,61,0.8449,0,-1,-1
958,40,1011,473,77,138,0.7387,0,-1,-1
958,55,7,141,137,95,0.7677,0,-1,-1
959,39,885,194,115,61,0.8387,0,-1,-1
959,40,1010,472,77,138,0.7705,0,-1,-1
959,55,7,142,137,93,0.7746,0,-1,-1
960,39,884,194,115,61,0.8439,0,-1,-1
960,40,1010,472,76,135,0.7520,0,-1,-1
960,55,6,142,140,94,0.7138,0,-1,-1
961,39,883,194,117,62,0.8366,0,-1,-1
961,40,1011,472,75,133,0.7491,0,-1,-1
961,55,5,142,143,96,0.6775,0,-1,-1
962,39,884,194,115,61,0.8418,0,-1,-1
962,40,1011,473,75,133,0.6943,0,-1,-1
962,55,3,140,148,99,0.7025,0,-1,-1
963,39,884,194,115,61,0.8490,0,-1,-1
963,40,1011,473,74,132,0.6261,0,-1,-1
963,55,1,137,151,101,0.6671,0,-1,-1
964,39,885,194,113,61,0.8510,0,-1,-1
964,40,1011,472,74,132,0.6261,0,-1,-1
964,55,0,137,154,104,0.6298,0,-1,-1
965,39,886,195,111,59,0.8549,0,-1,-1
965,40,1011,473,74,130,0.6943,0,-1,-1
966,39,886,195,111,59,0.8568,0,-1,-1
967,39,885,194,113,60,0.8597,0,-1,-1
968,39,885,194,113,60,0.8587,0,-1,-1
969,39,884,193,115,61,0.8549,0,-1,-1
970,39,885,192,114,61,0.8500,0,-1,-1
971,39,886,192,113,60,0.8470,0,-1,-1
971,40,1013,470,75,130,0.6021,0,-1,-1
972,39,886,192,112,60,0.8520,0,-1,-1
972,40,1011,470,76,130,0.7813,0,-1,-1
972,55,9,138,143,93,0.6058,0,-1,-1
973,39,885,191,113,61,0.8470,0,-1,-1
973,40,1011,468,77,133,0.7621,0,-1,-1
973,55,6,137,149,96,0.6225,0,-1,-1
974,39,885,191,113,60,0.8366,0,-1,-1
974,40,1010,467,77,133,0.7564,0,-1,-1
974,55,4,135,154,99,0.7009,0,-1,-1
975,39,884,191,114,61,0.8387,0,-1,-1
975,40,1009,468,76,131,0.6496,0,-1,-1
975,55,2,134,159,102,0.7326,0,-1,-1
976,39,884,190,114,61,0.8387,0,-1,-1
976,40,1009,469,75,129,0.6809,0,-1,-1
976,55,5,136,153,97,0.7506,0,-1,-1
977,39,884,190,114,61,0.8322,0,-1,-1
977,40,1010,471,73,126,0.7564,0,-1,-1
977,55,6,137,151,95,0.7866,0,-1,-1
978,39,884,189,115,62,0.8233,0,-1,-1
978,40,1010,472,73,125,0.6619,0,-1,-1
978,55,8,138,150,93,0.7663,0,-1,-1
979,39,884,188,115,63,0.8129,0,-1,-1
979,40,1008,471,73,125,0.7009,0,-1,-1
979,55,7,136,155,95,0.7311,0,-1,-1
980,39,884,188,115,62,0.8129,0,-1,-1
980,40,1008,471,73,125,0.6976,0,-1,-1
980,55,6,135,158,95,0.7233,0,-1,-1
981,39,884,188,115,62,0.8141,0,-1,-1
981,40,1009,469,73,127,0.7372,0,-1,-1
981,55,4,134,163,98,0.7280,0,-1,-1
982,39,884,187,115,62,0.8164,0,-1,-1
982,40,1010,469,72,126,0.7491,0,-1,-1
982,55,1,129,169,102,0.6826,0,-1,-1
983,39,884,186,115,62,0.8069,0,-1,-1
983,40,1009,469,72,126,0.7506,0,-1,-1
983,55,-1,125,175,106,0.6298,0,-1,-1
984,39,884,186,114,62,0.8093,0,-1,-1
984,40,1008,471,71,124,0.7402,0,-1,-1
984,55,-5,122,183,112,0.6021,0,-1,-1
985,39,883,186,115,62,0.8019,0,-1,-1
985,40,1008,470,71,124,0.7402,0,-1,-1
985,55,-3,122,180,111,0.6740,0,-1,-1
986,39,883,186,114,62,0.7957,0,-1,-1
986,40,1007,469,71,125,0.7233,0,-1,-1
986,55,-4,120,181,112,0.6910,0,-1,-1
987,39,882,186,115,63,0.7892,0,-1,-1
987,40,1007,468,72,127,0.7326,0,-1,-1
987,55,-5,118,184,115,0.7520,0,-1,-1
988,39,881,186,116,62,0.7813,0,-1,-1
988,40,1007,467,72,127,0.6943,0,-1,-1
988,55,-5,116,185,117,0.7535,0,-1,-1
988,56,1006,463,72,131,0.6843,2,-1,-1
989,39,882,186,115,62,0.7773,0,-1,-1
989,40,1007,466,73,128,0.7535,0,-1,-1
989,55,-6,115,187,119,0.7592,0,-1,-1
990,39,882,185,116,63,0.7718,0,-1,-1
990,40,1008,465,73,128,0.7635,0,-1,-1
990,55,-3,119,179,114,0.7759,0,-1,-1
991,39,882,185,116,63,0.7827,0,-1,-1
991,40,1007,467,72,125,0.7520,0,-1,-1
991,55,-2,120,175,111,0.7732,0,-1,-1
992,39,882,185,116,63,0.7918,0,-1,-1
992,40,1007,467,71,124,0.7138,2,-1,-1
992,55,-2,120,174,111,0.7606,0,-1,-1
993,39,882,185,116,63,0.7892,0,-1,-1
993,40,1007,465,71,124,0.7341,2,-1,-1
993,55,0,122,172,108,0.7154,0,-1,-1
994,39,882,185,116,63,0.7957,0,-1,-1
994,40,1006,464,72,124,0.7592,2,-1,-1
994,55,4,125,164,103,0.7578,0,-1,-1
995,39,882,185,116,62,0.8019,0,-1,-1
995,40,1006,464,71,124,0.7746,2,-1,-1
995,55,5,127,162,100,0.7592,0,-1,-1
996,39,883,185,114,62,0.7969,0,-1,-1
996,40,1007,466,70,120,0.7879,2,-1,-1
996,55,2,123,168,104,0.7705,0,-1,-1
997,39,884,185,112,60,0.8081,0,-1,-1
997,40,1007,464,69,119,0.7520,2,-1,-1
997,55,1,122,169,105,0.7635,0,-1,-1
998,39,884,185,111,60,0.7982,0,-1,-1
998,40,1006,463,70,121,0.6976,2,-1,-1
998,55,1,122,170,105,0.7535,0,-1,-1
999,39,886,185,110,58,0.7994,0,-1,-1
999,55,2,122,171,106,0.7635,0,-1,-1
1000,39,887,184,109,58,0.7957,0,-1,-1
1000,55,3,122,172,106,0.7549,0,-1,-1
1001,39,886,184,110,58,0.7969,0,-1,-1
1001,55,2,122,174,107,0.7592,0,-1,-1
1002,39,886,184,111,59,0.8032,0,-1,-1
1002,55,3,123,172,105,0.7549,0,-1,-1
1003,39,887,184,109,58,0.8129,0,-1,-1
1003,55,6,126,166,101,0.7491,0,-1,-1
1003,40,1006,461,72,123,0.6243,0,-1,-1
1004,39,887,184,109,57,0.8176,0,-1,-1
1004,55,7,128,164,98,0.7759,0,-1,-1
1004,40,1004,461,73,124,0.6095,0,-1,-1
1005,39,888,184,107,56,0.8141,0,-1,-1
1005,55,6,128,166,98,0.7840,0,-1,-1
1006,39,889,184,105,55,0.8152,0,-1,-1
1006,55,6,127,167,98,0.7341,0,-1,-1
1007,39,888,184,105,55,0.8081,0,-1,-1
1007,55,6,127,168,98,0.7520,0,-1,-1
1008,39,887,184,106,55,0.8007,0,-1,-1
1008,55,6,127,169,98,0.7506,0,-1,-1
1009,39,887,184,106,54,0.8069,0,-1,-1
1009,55,6,127,171,98,0.7326,0,-1,-1
1010,39,887,184,106,54,0.8081,0,-1,-1
1010,55,5,126,174,99,0.7402,0,-1,-1
1011,39,888,183,104,54,0.8019,0,-1,-1
1011,55,5,125,175,99,0.7506,0,-1,-1
1011,40,1000,453,73,124,0.7090,2,-1,-1
1012,39,887,183,106,54,0.8032,0,-1,-1
1012,55,2,123,180,102,0.7635,0,-1,-1
1012,40,1001,453,72,123,0.7233,2,-1,-1
1013,39,886,182,107,55,0.7994,0,-1,-1
1013,55,3,123,178,102,0.7663,0,-1,-1
1013,40,1002,453,70,123,0.7295,2,-1,-1
1014,39,886,182,108,55,0.8044,0,-1,-1
1014,55,5,127,174,98,0.7461,0,-1,-1
1015,39,886,182,109,55,0.7982,0,-1,-1
1015,55,3,125,179,100,0.7217,0,-1,-1
1016,39,886,181,108,55,0.7969,0,-1,-1
1016,55,0,121,185,104,0.7341,0,-1,-1
1016,40,1002,457,71,121,0.6261,0,-1,-1
1017,39,885,181,110,56,0.7879,0,-1,-1
1017,55,-1,118,189,107,0.7535,0,-1,-1
1017,40,1000,455,70,120,0.6893,2,-1,-1
1018,39,885,181,110,55,0.7944,0,-1,-1
1018,55,1,119,185,104,0.6723,0,-1,-1
1018,40,999,453,71,121,0.6316,2,-1,-1
1019,39,885,181,110,55,0.7931,0,-1,-1
1019,55,1,118,186,104,0.6114,0,-1,-1
1019,40,1002,457,69,117,0.7042,0,-1,-1
1020,39,885,180,110,56,0.7866,0,-1,-1
1020,55,-1,113,192,109,0.6352,0,-1,-1
1020,40,1002,457,69,116,0.6424,0,-1,-1
1021,39,886,179,109,56,0.7813,0,-1,-1
1021,55,2,117,186,104,0.6243,0,-1,-1
1022,39,888,179,107,55,0.7691,0,-1,-1
1022,55,4,120,182,101,0.6225,0,-1,-1
1023,39,888,179,107,54,0.7705,0,-1,-1
1024,39,888,179,107,54,0.7606,0,-1,-1
1024,55,0,115,191,106,0.6442,0,-1,-1
1025,39,888,178,107,55,0.7786,0,-1,-1
1025,55,0,115,191,106,0.6943,0,-1,-1
1026,39,888,178,107,55,0.8093,0,-1,-1
1026,55,3,117,187,103,0.6910,0,-1,-1
1026,40,997,454,70,118,0.6792,2,-1,-1
1027,39,887,178,107,55,0.8164,0,-1,-1
1027,55,3,118,187,103,0.6706,0,-1,-1
1027,40,996,453,70,120,0.6225,2,-1,-1
1028,39,886,178,108,55,0.8141,0,-1,-1
1028,55,3,117,189,104,0.6584,0,-1,-1
1029,39,885,178,110,56,0.8141,0,-1,-1
1029,55,5,119,186,102,0.7476,0,-1,-1
1030,39,886,178,109,56,0.8245,0,-1,-1
1030,55,3,118,190,103,0.7170,0,-1,-1
1031,39,886,178,109,56,0.8245,0,-1,-1
1031,55,3,117,190,104,0.6758,0,-1,-1
1032,39,886,178,108,55,0.8233,0,-1,-1
1032,55,1,116,194,105,0.7202,0,-1,-1
1033,39,885,177,110,56,0.8233,0,-1,-1
1033,55,0,115,197,106,0.7009,0,-1,-1
1033,40,996,455,69,117,0.7578,0,-1,-1
1034,39,885,177,110,56,0.8210,0,-1,-1
1034,55,0,115,198,107,0.7233,0,-1,-1
1034,40,997,455,68,115,0.7461,0,-1,-1
1035,39,885,176,110,57,0.8222,0,-1,-1
1035,55,1,115,196,106,0.6671,0,-1,-1
1035,40,999,456,67,113,0.7042,0,-1,-1
1036,39,885,176,110,57,0.8210,0,-1,-1
1036,55,3,116,193,104,0.6706,0,-1,-1
1036,40,999,457,66,112,0.7402,0,-1,-1
1037,39,885,175,110,57,0.8222,0,-1,-1
1037,55,4,117,192,103,0.6619,0,-1,-1
1037,40,999,457,66,112,0.7535,0,-1,-1
1038,39,885,175,111,57,0.8245,0,-1,-1
1038,55,6,119,190,101,0.6723,0,-1,-1
1038,40,997,451,70,119,0.6893,0,-1,-1
1039,39,886,175,109,56,0.8245,0,-1,-1
1039,40,995,446,73,124,0.7186,0,-1,-1
1040,39,887,175,109,56,0.8300,0,-1,-1
1040,40,994,442,75,127,0.7186,0,-1,-1
1040,55,9,123,186,97,0.6352,0,-1,-1
1041,39,887,175,108,56,0.8333,0,-1,-1
1041,40,997,450,69,118,0.7311,0,-1,-1
1041,55,6,120,189,99,0.6442,0,-1,-1
1042,39,887,175,108,56,0.8333,0,-1,-1
1042,40,998,455,65,112,0.7461,0,-1,-1
1042,55,5,119,192,99,0.7106,0,-1,-1
1043,39,887,174,109,57,0.8333,0,-1,-1
1043,40,998,456,64,110,0.7564,0,-1,-1
1043,55,10,123,184,94,0.7520,0,-1,-1
1044,39,887,174,109,57,0.8289,0,-1,-1
1044,40,998,455,65,112,0.7090,0,-1,-1
1044,55,13,127,178,88,0.7578,0,-1,-1
1045,39,888,175,107,55,0.8311,0,-1,-1
1045,40,997,453,67,114,0.7217,0,-1,-1
1045,55,15,127,176,86,0.7663,0,-1,-1
1046,39,888,175,107,56,0.8300,0,-1,-1
1046,40,997,452,68,115,0.7311,0,-1,-1
1046,55,14,126,181,87,0.7402,0,-1,-1
1047,39,887,174,109,57,0.8267,0,-1,-1
1047,40,996,449,70,118,0.7402,0,-1,-1
1047,55,14,124,187,89,0.7520,0,-1,-1
1048,39,887,174,109,57,0.8300,0,-1,-1
1048,40,995,447,71,119,0.7476,0,-1,-1
1048,55,10,121,196,93,0.7606,0,-1,-1
1049,39,887,174,109,57,0.8333,0,-1,-1
1049,40,995,448,70,117,0.7447,0,-1,-1
1049,55,7,118,204,96,0.7564,0,-1,-1
1050,39,888,173,107,57,0.8376,0,-1,-1
1050,40,995,449,70,115,0.7461,0,-1,-1
1050,55,13,123,192,89,0.7621,0,-1,-1
1051,39,888,173,107,57,0.8387,0,-1,-1
1051,40,996,449,68,113,0.7461,0,-1,-1
1051,55,13,122,194,88,0.7154,0,-1,-1
1052,39,888,173,107,56,0.8376,0,-1,-1
1052,40,996,450,67,111,0.7549,0,-1,-1
1052,55,13,121,197,88,0.7025,0,-1,-1
1346,60,528,698,167,103,0.8480,0,-1,-1
1346,61,1545,364,49,27,0.8141,0,-1,-1
1346,62,1389,604,162,78,0.8056,0,-1,-1
1346,63,239,875,233,157,0.7994,0,-1,-1
1346,64,55,785,176,108,0.7892,0,-1,-1
1346,65,1065,594,153,77,0.7813,0,-1,-1
1346,66,665,601,162,63,0.7813,0,-1,-1
1346,67,1056,474,83,42,0.7732,0,-1,-1
1346,68,765,500,90,43,0.7564,0,-1,-1
1346,69,1671,328,43,22,0.7326,0,-1,-1
1346,70,7,544,145,60,0.7356,2,-1,-1
1346,71,845,471,91,44,0.7356,0,-1,-1
1346,72,904,687,78,95,0.6775,0,-1,-1
1346,73,410,536,137,58,0.6602,0,-1,-1
1346,74,957,406,80,33,0.6334,0,-1,-1
1346,75,316,447,82,44,0.6261,0,-1,-1
1346,77,318,382,68,33,0.6442,0,-1,-1
1346,78,501,355,62,33,0.6114,0,-1,-1
1347,60,529,700,165,102,0.8549,0,-1,-1
1347,61,1545,364,50,27,0.8069,0,-1,-1
1347,62,1390,605,162,78,0.8069,0,-1,-1
1347,63,237,873,237,160,0.7931,0,-1,-1
1347,64,50,782,184,112,0.7417,0,-1,-1
1347,65,1064,594,156,79,0.7800,0,-1,-1
1347,66,663,600,164,65,0.7759,0,-1,-1
1347,67,1056,475,83,42,0.7840,0,-1,-1
1347,68,765,500,89,43,0.7264,0,-1,-1
1347,69,1673,329,42,21,0.7578,0,-1,-1
1347,70,11,544,142,58,0.7759,2,-1,-1
1347,71,843,469,95,45,0.7356,0,-1,-1
1347,73,410,535,140,59,0.7090,0,-1,-1
1347,74,958,407,79,34,0.6225,0,-1,-1
1347,77,318,381,70,35,0.6531,0,-1,-1
1347,78,501,354,65,34,0.6151,0,-1,-1
1348,60,528,700,167,102,0.8539,0,-1,-1
1348,61,1547,365,49,26,0.7957,0,-1,-1
1348,62,1388,605,165,79,0.8056,0,-1,-1
1348,63,235,872,240,161,0.7705,0,-1,-1
1348,64,49,781,185,114,0.7606,0,-1,-1
1348,65,1064,593,157,79,0.7840,0,-1,-1
1348,66,663,599,166,66,0.7827,0,-1,-1
1348,67,1056,474,84,44,0.7773,0,-1,-1
1348,68,766,501,88,41,0.7106,0,-1,-1
1348,69,1673,328,43,22,0.7592,0,-1,-1
1348,70,13,545,141,57,0.7905,2,-1,-1
1348,71,845,469,94,45,0.7356,0,-1,-1
1348,73,413,536,136,58,0.7138,0,-1,-1
1348,74,959,407,79,34,0.6206,0,-1,-1
1348,79,148,488,93,52,0.6316,2,-1,-1
1348,75,311,447,81,44,0.6021,0,-1,-1
1349,60,528,700,167,102,0.8510,0,-1,-1
1349,61,1547,365,49,26,0.7944,0,-1,-1
1349,62,1389,605,164,79,0.8056,0,-1,-1
1349,63,236,872,238,160,0.7732,0,-1,-1
1349,64,50,780,184,114,0.7233,0,-1,-1
1349,65,1066,594,154,78,0.7800,0,-1,-1
1349,66,663,599,168,66,0.7800,0,-1,-1
1349,67,1057,475,84,43,0.7746,0,-1,-1
1349,68,768,501,87,41,0.7233,0,-1,-1
1349,69,1675,328,42,22,0.7564,0,-1,-1
1349,70,14,545,140,58,0.7892,2,-1,-1
1349,71,844,468,96,46,0.7447,0,-1,-1
1349,73,412,536,138,58,0.7217,0,-1,-1
1349,74,958,406,81,35,0.6243,0,-1,-1
1349,79,148,486,94,53,0.6280,2,-1,-1
1349,80,306,447,130,45,0.6637,0,-1,-1
1349,75,310,447,81,44,0.6206,0,-1,-1
1350,60,529,699,166,103,0.8529,0,-1,-1
1350,61,1547,365,50,27,0.7918,0,-1,-1
1350,62,1393,607,156,75,0.8044,0,-1,-1
1350,63,237,873,236,160,0.6809,0,-1,-1
1350,64,49,780,185,114,0.7506,0,-1,-1
1350,65,1067,593,152,77,0.7813,0,-1,-1
1350,66,663,598,167,66,0.7853,0,-1,-1
1350,67,1057,474,86,44,0.7635,0,-1,-1
1350,68,767,500,91,43,0.7264,0,-1,-1
1350,69,1676,328,42,22,0.7663,0,-1,-1
1350,70,15,546,139,56,0.7827,2,-1,-1
1350,71,847,469,93,45,0.7447,0,-1,-1
1350,73,415,537,133,56,0.6943,0,-1,-1
1350,74,960,406,79,34,0.6114,0,-1,-1
1350,79,149,486,94,52,0.6132,2,-1,-1
1350,81,815,547,141,54,0.6243,0,-1,-1
1350,72,903,693,74,89,0.6352,0,-1,-1
1350,77,321,381,67,33,0.6370,0,-1,-1
1351,60,528,699,167,102,0.8480,0,-1,-1
1351,61,1549,366,50,26,0.7866,0,-1,-1
1351,62,1395,608,153,73,0.8007,0,-1,-1
1351,63,240,877,228,153,0.7311,0,-1,-1
1351,64,50,780,183,114,0.7564,0,-1,-1
1351,65,1066,594,153,77,0.7759,0,-1,-1
1351,66,663,598,167,66,0.7840,0,-1,-1
1351,67,1058,474,85,43,0.7606,0,-1,-1
1351,68,768,500,89,43,0.7090,0,-1,-1
1351,69,1677,327,44,23,0.7718,0,-1,-1
1351,70,16,545,139,57,0.7786,2,-1,-1
1351,71,847,469,94,45,0.7635,0,-1,-1
1351,73,416,536,133,56,0.7186,0,-1,-1
1351,72,903,692,75,90,0.6531,0,-1,-1
1351,77,322,380,68,34,0.6169,0,-1,-1
1351,78,505,353,63,34,0.6169,0,-1,-1
1351,80,307,446,133,46,0.6206,0,-1,-1
1351,75,310,448,82,43,0.6039,0,-1,-1
1352,60,528,699,167,103,0.8470,0,-1,-1
1352,61,1550,366,49,26,0.7853,0,-1,-1
1352,62,1396,608,151,72,0.8032,0,-1,-1
1352,63,242,877,225,151,0.7564,0,-1,-1
1352,64,50,781,182,113,0.7982,0,-1,-1
1352,65,1068,594,150,76,0.7705,0,-1,-1
1352,66,663,598,167,66,0.7827,0,-1,-1
1352,67,1059,473,84,43,0.7549,0,-1,-1
1352,68,767,500,89,43,0.6993,0,-1,-1
1352,69,1678,328,44,22,0.7677,0,-1,-1
1352,70,15,544,140,57,0.7853,2,-1,-1
1352,71,846,468,97,47,0.7677,0,-1,-1
1352,73,416,536,133,56,0.7122,0,-1,-1
1352,72,903,692,75,91,0.6478,0,-1,-1
1352,78,505,353,63,33,0.6151,0,-1,-1
1352,80,308,446,133,46,0.6225,0,-1,-1
1352,74,962,406,79,33,0.6002,0,-1,-1
1352,81,818,549,136,52,0.6132,0,-1,-1
1353,60,529,699,166,102,0.8480,0,-1,-1
1353,61,1550,365,50,27,0.7746,0,-1,-1
1353,62,1397,608,151,72,0.8056,0,-1,-1
1353,63,242,877,224,150,0.6758,0,-1,-1
1353,64,52,782,179,111,0.8199,0,-1,-1
1353,65,1066,594,154,77,0.7759,0,-1,-1
1353,66,664,598,165,66,0.7892,0,-1,-1
1353,67,1059,474,84,43,0.7663,0,-1,-1
1353,68,764,501,84,42,0.6654,0,-1,-1
1353,69,1678,327,45,23,0.7931,0,-1,-1
1353,70,15,544,142,57,0.7786,2,-1,-1
1353,71,846,468,98,47,0.7635,0,-1,-1
1353,73,417,535,134,56,0.6976,0,-1,-1
1353,72,903,692,75,91,0.6775,0,-1,-1
1353,78,508,355,59,32,0.6188,0,-1,-1
1353,80,311,444,130,45,0.6114,0,-1,-1
1353,74,962,406,79,33,0.6206,0,-1,-1
1353,81,823,552,128,49,0.6225,2,-1,-1
1353,77,322,379,72,36,0.6095,0,-1,-1
1354,60,527,698,168,104,0.8480,0,-1,-1
1354,61,1550,364,52,28,0.7879,0,-1,-1
1354,62,1392,606,161,77,0.8056,0,-1,-1
1354,63,241,876,224,150,0.6809,0,-1,-1
1354,64,54,783,176,109,0.8199,0,-1,-1
1354,65,1064,593,157,79,0.7732,0,-1,-1
1354,66,664,597,166,66,0.7853,0,-1,-1
1354,67,1059,474,84,44,0.7663,0,-1,-1
1354,68,762,503,81,40,0.6602,0,-1,-1
1354,69,1680,328,46,23,0.7677,0,-1,-1
1354,70,16,544,143,57,0.7773,2,-1,-1
1354,71,847,467,99,49,0.7718,0,-1,-1
1354,73,415,534,138,58,0.7106,0,-1,-1
1354,78,510,356,58,31,0.6169,0,-1,-1
1354,80,311,445,131,45,0.6496,0,-1,-1
1354,74,963,406,78,33,0.6280,0,-1,-1
1354,77,322,378,73,36,0.6280,0,-1,-1
1355,60,528,699,166,103,0.8510,0,-1,-1
1355,61,1550,364,54,29,0.7905,0,-1,-1
1355,62,1392,607,161,76,0.8105,0,-1,-1
1355,63,240,876,226,151,0.7090,0,-1,-1
1355,64,55,784,174,108,0.8267,0,-1,-1
1355,65,1066,595,154,77,0.7773,0,-1,-1
1355,66,664,597,166,67,0.7853,0,-1,-1
1355,67,1059,474,85,44,0.7621,0,-1,-1
1355,68,761,503,79,40,0.6619,0,-1,-1
1355,69,1682,328,44,23,0.7606,0,-1,-1
1355,70,18,544,141,58,0.7621,2,-1,-1
1355,71,847,467,99,49,0.7677,0,-1,-1
1355,73,415,534,140,59,0.7122,0,-1,-1
1355,78,510,356,59,31,0.6077,0,-1,-1
1355,80,312,445,129,45,0.6002,0,-1,-1
1355,74,964,406,78,33,0.6169,0,-1,-1
1355,77,323,378,72,36,0.6169,0,-1,-1
1355,72,902,691,76,93,0.6021,0,-1,-1
1356,60,529,698,165,103,0.8470,0,-1,-1
1356,61,1551,364,53,30,0.7592,0,-1,-1
1356,62,1392,607,161,77,0.8044,0,-1,-1
1356,63,239,875,227,151,0.7217,0,-1,-1
1356,64,55,784,175,108,0.7944,0,-1,-1
1356,65,1066,594,156,79,0.7800,0,-1,-1
1356,66,663,598,169,68,0.7879,0,-1,-1
1356,67,1059,474,85,44,0.7520,0,-1,-1
1356,68,765,503,80,40,0.6370,0,-1,-1
1356,69,1681,327,46,24,0.7718,0,-1,-1
1356,70,18,543,144,58,0.7606,2,-1,-1
1356,71,848,468,98,48,0.7476,0,-1,-1
1356,73,417,534,138,58,0.7202,0,-1,-1
1356,78,512,356,57,29,0.6567,0,-1,-1
1356,80,310,444,134,46,0.6478,0,-1,-1
1356,74,965,406,77,33,0.6225,0,-1,-1
1356,77,326,379,70,35,0.6442,0,-1,-1
1356,72,901,689,79,95,0.7009,0,-1,-1
1357,60,531,700,161,100,0.8470,0,-1,-1
1357,61,1552,365,52,28,0.7786,0,-1,-1
1357,62,1391,608,163,77,0.8032,0,-1,-1
1357,63,239,875,226,151,0.6021,0,-1,-1
1357,64,52,783,179,110,0.7931,0,-1,-1
1357,65,1066,594,156,79,0.7879,0,-1,-1
1357,66,662,597,169,68,0.7827,0,-1,-1
1357,67,1060,474,85,44,0.7461,0,-1,-1
1357,68,770,502,82,41,0.6876,0,-1,-1
1357,69,1684,328,44,23,0.7549,0,-1,-1
1357,70,18,542,143,58,0.7122,2,-1,-1
1357,71,849,469,96,48,0.7326,0,-1,-1
1357,73,419,535,136,57,0.7356,0,-1,-1
1357,78,513,355,57,30,0.6460,0,-1,-1
1357,80,309,444,136,47,0.6298,0,-1,-1
1357,74,966,406,77,33,0.6388,0,-1,-1
1357,77,326,378,71,35,0.6549,0,-1,-1
1357,72,901,688,79,96,0.7402,0,-1,-1
1357,83,0,586,113,55,0.6058,0,-1,-1
1357,84,506,402,75,30,0.6151,0,-1,-1
1357,75,312,446,89,47,0.6388,0,-1,-1
1358,60,531,700,161,99,0.8480,0,-1,-1
1358,61,1553,365,52,28,0.7879,0,-1,-1
1358,62,1392,608,162,77,0.8019,0,-1,-1
1358,64,54,784,176,108,0.8044,0,-1,-1
1358,65,1066,594,157,79,0.7866,0,-1,-1
1358,66,663,597,169,68,0.7840,0,-1,-1
1358,67,1060,474,86,44,0.7461,0,-1,-1
1358,68,772,501,82,41,0.6960,0,-1,-1
1358,69,1685,329,43,21,0.7718,0,-1,-1
1358,70,18,542,143,58,0.7074,2,-1,-1
1358,71,851,469,94,47,0.7356,0,-1,-1
1358,73,421,535,133,56,0.7387,0,-1,-1
1358,78,513,355,57,30,0.6370,0,-1,-1
1358,74,967,406,76,33,0.6388,0,-1,-1
1358,77,327,378,71,35,0.6602,0,-1,-1
1358,72,902,688,78,95,0.7217,0,-1,-1
1358,83,0,586,112,54,0.6460,0,-1,-1
1358,84,506,402,76,31,0.6095,0,-1,-1
1358,75,316,445,92,48,0.6442,0,-1,-1
1359,60,531,700,160,99,0.8480,0,-1,-1
1359,61,1554,365,52,29,0.7879,0,-1,-1
1359,62,1390,607,165,79,0.7969,0,-1,-1
1359,64,56,783,174,108,0.7840,0,-1,-1
1359,65,1065,593,158,80,0.7773,0,-1,-1
1359,66,664,597,166,68,0.7732,0,-1,-1
1359,67,1061,474,84,44,0.7417,0,-1,-1
1359,68,773,502,81,41,0.6261,0,-1,-1
1359,69,1685,328,46,22,0.7621,0,-1,-1
1359,70,17,542,147,59,0.6424,2,-1,-1
1359,71,851,470,92,46,0.7506,0,-1,-1
1359,73,420,534,136,57,0.7170,0,-1,-1
1359,78,514,355,58,30,0.6424,0,-1,-1
1359,77,329,378,69,35,0.6584,0,-1,-1
1359,72,903,689,76,92,0.7090,0,-1,-1
1359,79,159,488,89,49,0.6002,0,-1,-1
1359,81,820,548,138,52,0.7042,2,-1,-1
1359,63,238,877,226,149,0.6442,0,-1,-1
1360,60,530,700,161,99,0.8387,0,-1,-1
1360,61,1555,365,51,28,0.7866,0,-1,-1
1360,62,1394,607,158,76,0.8019,0,-1,-1
1360,64,53,781,178,110,0.7621,0,-1,-1
1360,65,1065,592,158,80,0.7827,0,-1,-1
1360,66,664,597,164,67,0.7746,0,-1,-1
1360,67,1062,474,83,43,0.7372,0,-1,-1
1360,69,1687,329,45,21,0.7663,0,-1,-1
1360,70,17,541,149,60,0.6243,2,-1,-1
1360,71,851,470,92,47,0.7506,0,-1,-1
1360,73,419,533,138,59,0.7280,0,-1,-1
1360,78,516,355,57,30,0.6334,0,-1,-1
1360,77,330,379,68,34,0.6637,0,-1,-1
1360,72,902,689,76,91,0.7264,0,-1,-1
1360,81,821,550,137,50,0.6993,2,-1,-1
1360,80,315,444,131,44,0.6549,0,-1,-1
1361,60,529,700,163,99,0.8387,0,-1,-1
1361,61,1556,364,52,30,0.7918,0,-1,-1
1361,62,1392,606,161,77,0.8032,0,-1,-1
1361,64,53,780,178,111,0.7649,0,-1,-1
1361,65,1065,592,159,81,0.7759,0,-1,-1
1361,66,664,597,163,67,0.7800,0,-1,-1
1361,67,1062,473,83,43,0.7356,0,-1,-1
1361,69,1687,328,46,23,0.7800,0,-1,-1
1361,71,852,470,91,47,0.7520,0,-1,-1
1361,73,420,533,137,58,0.7341,0,-1,-1
1361,78,516,355,58,30,0.6280,0,-1,-1
1361,77,330,378,69,35,0.6723,0,-1,-1
1361,72,901,689,77,91,0.7042,0,-1,-1
1361,81,822,550,137,50,0.7106,2,-1,-1
1361,80,315,444,131,44,0.6792,0,-1,-1
1361,68,772,503,80,40,0.6039,0,-1,-1
1362,60,527,698,166,103,0.8256,0,-1,-1
1362,61,1558,365,51,28,0.7621,0,-1,-1
1362,62,1391,606,163,79,0.8044,0,-1,-1
1362,64,53,779,178,112,0.7461,0,-1,-1
1362,65,1066,593,156,79,0.7746,0,-1,-1
1362,66,666,598,161,66,0.7879,0,-1,-1
1362,67,1064,474,81,42,0.7295,0,-1,-1
1362,69,1689,328,46,23,0.7506,0,-1,-1
1362,71,854,470,92,47,0.7549,0,-1,-1
1362,73,421,534,136,57,0.7217,0,-1,-1
1362,78,517,355,60,30,0.6654,0,-1,-1
1362,77,332,379,68,34,0.6689,0,-1,-1
1362,72,901,689,75,90,0.6926,0,-1,-1
1362,81,823,551,135,49,0.7432,2,-1,-1
1362,80,313,444,136,46,0.6826,0,-1,-1
1362,68,773,502,82,41,0.6206,0,-1,-1
1363,60,525,697,169,104,0.8311,0,-1,-1
1363,61,1561,365,50,29,0.7535,0,-1,-1
1363,62,1391,606,164,79,0.8069,0,-1,-1
1363,64,53,779,178,112,0.7341,0,-1,-1
1363,65,1066,594,156,78,0.7718,0,-1,-1
1363,66,667,598,160,66,0.7866,0,-1,-1
1363,67,1065,474,80,41,0.7326,0,-1,-1
1363,69,1690,329,46,22,0.7535,0,-1,-1
1363,71,856,471,90,45,0.7506,0,-1,-1
1363,73,423,534,134,56,0.7233,0,-1,-1
1363,78,518,355,60,30,0.6775,0,-1,-1
1363,77,333,379,68,34,0.6442,0,-1,-1
1363,72,901,690,75,88,0.6637,0,-1,-1
1363,81,823,552,134,47,0.7326,2,-1,-1
1363,68,777,502,82,40,0.6993,0,-1,-1
1363,63,236,875,225,148,0.6388,0,-1,-1
1363,70,23,542,145,58,0.6132,2,-1,-1
1364,60,523,696,173,107,0.8289,0,-1,-1
1364,61,1562,365,49,29,0.7578,0,-1,-1
1364,62,1389,605,168,81,0.8069,0,-1,-1
1364,64,52,778,179,112,0.7106,0,-1,-1
1364,65,1067,594,154,78,0.7705,0,-1,-1
1364,66,666,599,161,65,0.7879,0,-1,-1
1364,67,1066,474,80,41,0.7295,0,-1,-1
1364,69,1689,328,47,23,0.7621,0,-1,-1
1364,71,856,471,88,45,0.7535,0,-1,-1
1364,73,423,534,134,56,0.7170,0,-1,-1
1364,78,518,355,61,30,0.6706,0,-1,-1
1364,77,334,379,68,34,0.6388,0,-1,-1
1364,72,901,689,75,88,0.6442,0,-1,-1
1364,81,824,552,133,47,0.7606,2,-1,-1
1364,68,779,502,82,40,0.7058,0,-1,-1
1364,70,24,542,146,59,0.6758,2,-1,-1
1365,60,523,696,172,107,0.8222,0,-1,-1
1365,61,1563,366,48,28,0.7506,0,-1,-1
1365,62,1388,603,170,83,0.8056,0,-1,-1
1365,64,51,776,181,115,0.6549,0,-1,-1
1365,65,1068,595,153,77,0.7677,0,-1,-1
1365,66,666,599,162,66,0.7931,0,-1,-1
1365,67,1065,474,81,42,0.7341,0,-1,-1
1365,69,1692,328,46,23,0.7074,0,-1,-1
1365,71,857,471,88,44,0.7635,0,-1,-1
1365,73,423,534,134,56,0.7202,0,-1,-1
1365,78,518,354,62,32,0.6602,0,-1,-1
1365,77,337,379,66,34,0.6388,0,-1,-1
1365,72,902,689,73,87,0.6261,0,-1,-1
1365,81,823,552,135,47,0.7677,2,-1,-1
1365,68,778,501,84,41,0.7154,0,-1,-1
1365,70,26,543,145,58,0.6188,2,-1,-1
1365,80,318,446,131,45,0.6002,0,-1,-1
1366,60,523,696,170,107,0.8300,0,-1,-1
1366,61,1564,365,48,29,0.7621,0,-1,-1
1366,62,1389,603,170,83,0.8069,0,-1,-1
1366,64,51,776,181,115,0.7106,0,-1,-1
1366,65,1069,595,152,77,0.7773,0,-1,-1
1366,66,666,600,162,66,0.7944,0,-1,-1
1366,67,1066,474,81,42,0.7372,0,-1,-1
1366,69,1693,328,46,23,0.7074,0,-1,-1
1366,71,857,470,88,45,0.7606,0,-1,-1
1366,73,424,534,133,56,0.7341,0,-1,-1
1366,78,518,355,62,31,0.6567,0,-1,-1
1366,77,338,380,66,33,0.6132,0,-1,-1
1366,81,821,551,139,48,0.7606,2,-1,-1
1366,68,779,502,84,39,0.7280,0,-1,-1
1366,70,27,542,144,58,0.6280,2,-1,-1
1366,79,164,488,90,49,0.6689,2,-1,-1
1367,60,523,697,170,105,0.8322,0,-1,-1
1367,61,1566,365,47,28,0.7691,0,-1,-1
1367,62,1390,603,169,83,0.8081,0,-1,-1
1367,64,51,776,181,115,0.7170,0,-1,-1
1367,65,1068,595,152,77,0.7773,0,-1,-1
1367,66,666,600,164,67,0.7969,0,-1,-1
1367,67,1066,474,80,41,0.7387,0,-1,-1
1367,69,1692,328,47,23,0.7311,0,-1,-1
1367,71,858,470,87,44,0.7535,0,-1,-1
1367,73,425,534,132,56,0.7341,0,-1,-1
1367,78,518,355,62,31,0.6531,0,-1,-1
1367,81,820,550,142,48,0.7549,2,-1,-1
1367,68,779,502,84,39,0.7295,0,-1,-1
1367,70,29,543,141,56,0.6671,2,-1,-1
1367,79,163,487,92,50,0.7202,2,-1,-1
1367,63,236,875,222,145,0.6960,0,-1,-1
1368,60,524,697,168,105,0.8397,0,-1,-1
1368,61,1567,365,48,29,0.7813,0,-1,-1
1368,62,1391,603,167,83,0.8105,0,-1,-1
1368,64,52,776,179,114,0.7564,0,-1,-1
1368,65,1070,596,149,74,0.7732,0,-1,-1
1368,66,665,599,166,68,0.8032,0,-1,-1
1368,67,1066,475,81,41,0.7461,0,-1,-1
1368,69,1695,328,46,23,0.7106,0,-1,-1
1368,71,859,472,85,43,0.7447,0,-1,-1
1368,73,424,534,135,56,0.7280,0,-1,-1
1368,78,520,354,62,32,0.6602,0,-1,-1
1368,81,817,548,149,50,0.7122,2,-1,-1
1368,68,780,502,83,40,0.6976,0,-1,-1
1368,79,165,489,90,49,0.7372,2,-1,-1
1368,85,2,443,70,52,0.6740,2,-1,-1
1368,83,4,587,113,55,0.6261,2,-1,-1
1369,60,524,697,169,105,0.8397,0,-1,-1
1369,61,1569,365,47,28,0.7800,0,-1,-1
1369,62,1392,604,164,81,0.8129,0,-1,-1
1369,64,52,776,178,113,0.7564,0,-1,-1
1369,65,1069,596,150,75,0.7827,0,-1,-1
1369,66,665,599,165,68,0.8081,0,-1,-1
1369,67,1066,475,81,41,0.7491,0,-1,-1
1369,69,1695,328,47,23,0.7341,0,-1,-1
1369,71,860,474,82,41,0.7295,0,-1,-1
1369,73,423,533,137,57,0.7295,0,-1,-1
1369,78,521,354,61,32,0.6619,0,-1,-1
1369,81,816,547,151,51,0.7170,2,-1,-1
1369,68,780,502,85,39,0.7009,0,-1,-1
1369,79,165,490,91,48,0.7025,2,-1,-1
1369,85,2,444,70,51,0.6370,2,-1,-1
1369,75,315,447,85,44,0.6188,0,-1,-1
1369,63,231,874,226,146,0.6993,0,-1,-1
1370,60,523,697,171,106,0.8387,0,-1,-1
1370,61,1569,365,47,28,0.7813,0,-1,-1
1370,62,1394,605,161,79,0.8141,0,-1,-1
1370,64,54,776,174,111,0.7592,0,-1,-1
1370,65,1070,597,149,74,0.7853,0,-1,-1
1370,66,666,599,164,67,0.8044,0,-1,-1
1370,67,1066,475,83,42,0.7520,0,-1,-1
1370,69,1696,328,46,23,0.7280,0,-1,-1
1370,71,860,474,83,41,0.7356,0,-1,-1
1370,73,423,532,138,58,0.7356,0,-1,-1
1370,78,521,354,61,32,0.6637,0,-1,-1
1370,81,818,547,150,51,0.7202,2,-1,-1
1370,68,780,502,86,39,0.7090,0,-1,-1
1370,79,165,490,92,48,0.6460,2,-1,-1
1370,85,3,444,69,51,0.6077,2,-1,-1
1370,75,316,447,82,44,0.6095,0,-1,-1
1370,63,232,874,225,145,0.7170,0,-1,-1
1371,60,524,697,169,106,0.8333,0,-1,-1
1371,61,1570,365,46,28,0.8344,0,-1,-1
1371,62,1395,606,159,79,0.8129,0,-1,-1
1371,64,54,776,173,109,0.7564,0,-1,-1
1371,65,1070,596,151,75,0.7840,0,-1,-1
1371,66,667,599,163,67,0.8032,0,-1,-1
1371,67,1067,474,82,43,0.7535,0,-1,-1
1371,69,1698,328,46,23,0.7402,0,-1,-1
1371,71,859,473,84,41,0.7372,0,-1,-1
1371,73,423,532,138,59,0.7326,0,-1,-1
1371,78,522,354,61,32,0.6758,0,-1,-1
1371,81,817,547,151,51,0.7170,2,-1,-1
1371,68,781,501,88,40,0.7578,0,-1,-1
1371,85,2,443,71,52,0.6514,2,-1,-1
1371,63,229,875,227,145,0.6706,0,-1,-1
1371,70,23,541,147,59,0.6496,2,-1,-1
1372,60,524,697,168,105,0.8333,0,-1,-1
1372,61,1570,365,46,28,0.8311,0,-1,-1
1372,62,1396,607,156,77,0.8081,0,-1,-1
1372,64,54,776,173,109,0.7718,0,-1,-1
1372,65,1069,596,153,75,0.7786,0,-1,-1
1372,66,668,599,160,65,0.8032,0,-1,-1
1372,67,1067,475,82,42,0.7535,0,-1,-1
1372,69,1698,327,47,24,0.7677,0,-1,-1
1372,71,859,472,86,42,0.7592,0,-1,-1
1372,73,423,532,139,59,0.7372,0,-1,-1
1372,78,523,354,61,31,0.6976,0,-1,-1
1372,81,817,547,151,51,0.7042,2,-1,-1
1372,68,781,500,89,40,0.7691,0,-1,-1
1372,85,3,444,70,50,0.6298,2,-1,-1
1372,70,25,541,147,59,0.7233,2,-1,-1
1372,72,901,689,72,85,0.6225,0,-1,-1
1372,75,318,448,80,42,0.6095,0,-1,-1
1373,60,524,698,167,104,0.8376,0,-1,-1
1373,61,1571,365,46,28,0.8245,0,-1,-1
1373,62,1396,607,157,78,0.8081,0,-1,-1
1373,64,54,776,172,109,0.7718,0,-1,-1
1373,65,1068,596,155,76,0.7773,0,-1,-1
1373,66,668,598,160,66,0.8069,0,-1,-1
1373,67,1068,475,81,42,0.7506,0,-1,-1
1373,69,1698,327,48,24,0.7621,0,-1,-1
1373,71,858,470,89,44,0.7635,0,-1,-1
1373,73,424,533,137,58,0.7341,0,-1,-1
1373,78,524,354,60,31,0.6976,0,-1,-1
1373,81,817,547,152,51,0.6876,2,-1,-1
1373,68,780,500,91,40,0.7705,0,-1,-1
1373,70,26,541,147,59,0.7417,2,-1,-1
1373,72,899,689,73,85,0.6424,0,-1,-1
1373,75,318,448,80,42,0.6637,0,-1,-1
1373,83,7,589,110,52,0.6478,2,-1,-1
1374,60,524,697,166,104,0.8210,0,-1,-1
1374,61,1573,365,45,28,0.8278,0,-1,-1
1374,62,1395,607,159,78,0.8105,0,-1,-1
1374,64,54,775,172,108,0.7249,0,-1,-1
1374,65,1069,595,154,77,0.7732,0,-1,-1
1374,66,668,598,160,66,0.8081,0,-1,-1
1374,67,1068,475,82,42,0.7520,0,-1,-1
1374,69,1700,328,48,24,0.7564,0,-1,-1
1374,71,859,470,87,43,0.7476,0,-1,-1
1374,73,424,532,137,59,0.7372,0,-1,-1
1374,78,525,355,60,30,0.6671,0,-1,-1
1374,81,817,546,152,52,0.7090,2,-1,-1
1374,68,780,499,93,42,0.7800,0,-1,-1
1374,70,28,540,148,60,0.7649,2,-1,-1
1374,75,320,448,78,43,0.6826,0,-1,-1
1374,79,169,489,91,48,0.6114,0,-1,-1
1374,85,4,444,71,50,0.6637,2,-1,-1
1375,60,523,697,168,105,0.8245,0,-1,-1
1375,61,1573,365,46,28,0.8199,0,-1,-1
1375,62,1396,608,156,76,0.8129,0,-1,-1
1375,64,53,776,173,108,0.6976,0,-1,-1
1375,65,1069,596,153,75,0.7759,0,-1,-1
1375,66,668,599,161,65,0.8019,0,-1,-1
1375,67,1069,475,81,42,0.7520,0,-1,-1
1375,69,1700,327,49,24,0.7853,0,-1,-1
1375,71,859,470,87,43,0.7417,0,-1,-1
1375,73,424,532,139,59,0.7402,0,-1,-1
1375,78,526,354,59,31,0.6637,0,-1,-1
1375,81,817,546,153,53,0.7122,2,-1,-1
1375,68,779,499,94,42,0.7732,0,-1,-1
1375,70,30,541,147,59,0.7233,2,-1,-1
1375,75,321,449,77,42,0.6654,0,-1,-1
1375,79,169,489,92,48,0.6775,0,-1,-1
1375,85,4,443,71,51,0.6567,2,-1,-1
1376,60,522,697,169,105,0.8300,0,-1,-1
1376,61,1573,365,46,28,0.8164,0,-1,-1
1376,62,1394,607,160,78,0.8093,0,-1,-1
1376,64,54,776,172,107,0.7372,0,-1,-1
1376,65,1071,596,152,74,0.7718,0,-1,-1
1376,66,669,599,161,66,0.7994,0,-1,-1
1376,67,1069,475,83,42,0.7520,0,-1,-1
1376,69,1700,327,49,24,0.7813,0,-1,-1
1376,71,859,470,87,43,0.7356,0,-1,-1
1376,73,424,532,139,60,0.7417,0,-1,-1
1376,78,527,354,58,30,0.6654,0,-1,-1
1376,81,817,546,153,53,0.7170,2,-1,-1
1376,68,780,499,94,42,0.7840,0,-1,-1
1376,70,32,541,145,59,0.7233,2,-1,-1
1376,75,321,449,77,42,0.6460,0,-1,-1
1376,79,169,488,93,49,0.6876,0,-1,-1
1376,85,4,444,71,50,0.6406,2,-1,-1
1376,72,896,687,76,88,0.6298,0,-1,-1
1377,60,521,695,171,108,0.8355,0,-1,-1
1377,61,1574,365,45,27,0.8187,0,-1,-1
1377,62,1395,608,158,77,0.8093,0,-1,-1
1377,64,55,776,172,107,0.8007,0,-1,-1
1377,65,1071,596,152,74,0.7732,0,-1,-1
1377,66,669,598,160,66,0.7994,0,-1,-1
1377,67,1070,475,83,42,0.7506,0,-1,-1
1377,69,1702,327,48,25,0.7432,0,-1,-1
1377,71,858,470,89,44,0.7233,0,-1,-1
1377,73,424,533,139,60,0.7432,0,-1,-1
1377,78,527,354,60,31,0.6654,0,-1,-1
1377,81,817,546,153,53,0.7170,2,-1,-1
1377,68,780,499,95,42,0.7786,0,-1,-1
1377,70,33,540,143,59,0.6893,2,-1,-1
1377,75,321,448,76,42,0.6114,0,-1,-1
1377,79,168,486,95,51,0.7326,0,-1,-1
1377,72,896,688,76,87,0.6151,0,-1,-1
1378,60,521,695,172,108,0.8376,0,-1,-1
1378,61,1576,366,44,26,0.8152,0,-1,-1
1378,62,1393,607,163,79,0.8069,0,-1,-1
1378,64,55,775,172,107,0.8233,0,-1,-1
1378,65,1071,596,152,74,0.7746,0,-1,-1
1378,66,668,598,162,66,0.8019,0,-1,-1
1378,67,1071,475,83,42,0.7506,0,-1,-1
1378,69,1703,327,49,25,0.7827,0,-1,-1
1378,71,858,470,89,44,0.7122,0,-1,-1
1378,73,424,532,140,61,0.7491,0,-1,-1
1378,78,527,354,62,32,0.6352,0,-1,-1
1378,81,816,546,155,53,0.6993,2,-1,-1
1378,68,781,499,95,42,0.7649,0,-1,-1
1378,70,34,540,142,59,0.6077,2,-1,-1
1378,75,322,448,75,42,0.6531,0,-1,-1
1378,79,168,485,96,52,0.7138,0,-1,-1
1379,60,522,696,168,106,0.8289,0,-1,-1
1379,61,1576,365,46,28,0.8117,0,-1,-1
1379,62,1393,606,164,80,0.8069,0,-1,-1
1379,64,56,774,172,107,0.8256,0,-1,-1
1379,65,1070,596,154,74,0.7746,0,-1,-1
1379,66,667,598,163,66,0.8007,0,-1,-1
1379,67,1071,476,84,42,0.7520,0,-1,-1
1379,69,1703,327,49,24,0.7773,0,-1,-1
1379,71,858,471,89,43,0.6993,0,-1,-1
1379,73,425,532,140,61,0.7264,0,-1,-1
1379,78,528,354,61,31,0.6352,0,-1,-1
1379,81,817,546,154,52,0.6960,2,-1,-1
1379,68,782,499,95,42,0.7621,0,-1,-1
1379,70,36,541,139,57,0.6460,2,-1,-1
1379,79,169,486,94,50,0.6775,0,-1,-1
1379,85,4,444,72,50,0.6478,2,-1,-1
1380,60,523,697,165,104,0.8322,0,-1,-1
1380,61,1575,364,47,29,0.8056,0,-1,-1
1380,62,1396,607,158,78,0.8105,0,-1,-1
1380,64,57,774,171,106,0.8459,0,-1,-1
1380,65,1071,597,154,74,0.7691,0,-1,-1
1380,66,666,598,166,69,0.7982,0,-1,-1
1380,67,1071,476,84,43,0.7564,0,-1,-1
1380,69,1706,328,47,24,0.7461,0,-1,-1
1380,71,858,470,89,44,0.7186,0,-1,-1
1380,73,424,531,141,61,0.7264,0,-1,-1
1380,78,529,354,62,31,0.6370,0,-1,-1
1380,81,816,545,154,53,0.6860,2,-1,-1
1380,68,782,499,96,42,0.7621,0,-1,-1
1380,70,40,541,138,57,0.6809,2,-1,-1
1380,79,170,487,93,48,0.6706,0,-1,-1
1380,85,4,444,73,50,0.6188,2,-1,-1
1380,75,323,448,75,42,0.6316,0,-1,-1
1381,60,525,698,161,101,0.8333,0,-1,-1
1381,61,1576,364,47,28,0.8117,0,-1,-1
1381,62,1394,606,162,80,0.8105,0,-1,-1
1381,64,56,774,173,106,0.8397,0,-1,-1
1381,65,1066,595,160,78,0.7649,0,-1,-1
1381,66,665,598,168,70,0.8007,0,-1,-1
1381,67,1070,476,85,43,0.7535,0,-1,-1
1381,69,1707,328,47,23,0.7677,0,-1,-1
1381,71,858,470,91,44,0.7372,0,-1,-1
1381,73,425,530,140,61,0.7202,0,-1,-1
1381,78,530,354,62,32,0.6225,0,-1,-1
1381,81,815,546,155,53,0.6976,2,-1,-1
1381,68,782,499,95,41,0.7677,0,-1,-1
1381,70,42,540,136,58,0.7264,2,-1,-1
1381,85,4,444,73,50,0.6132,2,-1,-1
1382,60,524,698,162,100,0.8355,0,-1,-1
1382,61,1577,364,48,29,0.8152,0,-1,-1
1382,62,1393,606,164,81,0.8129,0,-1,-1
1382,64,56,773,172,106,0.8418,0,-1,-1
1382,65,1065,595,162,78,0.7649,0,-1,-1
1382,66,664,598,170,70,0.8044,0,-1,-1
1382,67,1071,476,84,43,0.7535,0,-1,-1
1382,69,1707,328,48,23,0.7476,0,-1,-1
1382,71,859,470,90,43,0.7447,0,-1,-1
1382,73,426,530,139,61,0.7009,0,-1,-1
1382,78,530,354,62,32,0.6298,0,-1,-1
1382,81,814,544,157,55,0.6860,2,-1,-1
1382,68,782,499,95,41,0.7691,0,-1,-1
1382,70,39,539,138,58,0.7879,2,-1,-1
1382,85,5,444,73,50,0.6188,2,-1,-1
1382,63,225,874,227,144,0.6021,0,-1,-1
1383,60,524,698,160,98,0.8322,0,-1,-1
1383,61,1577,364,49,29,0.8117,0,-1,-1
1383,62,1391,606,167,82,0.8117,0,-1,-1
1383,64,56,774,171,105,0.8267,0,-1,-1
1383,65,1066,595,161,78,0.7705,0,-1,-1
1383,66,664,598,169,71,0.8007,0,-1,-1
1383,67,1071,476,84,43,0.7506,0,-1,-1
1383,69,1709,329,46,23,0.7326,0,-1,-1
1383,71,859,469,91,45,0.7461,0,-1,-1
1383,73,426,530,140,61,0.6893,0,-1,-1
1383,78,531,354,61,31,0.6151,0,-1,-1
1383,81,814,545,158,54,0.7295,2,-1,-1
1383,68,781,498,96,41,0.7773,0,-1,-1
1383,70,38,539,138,58,0.7918,2,-1,-1
1383,85,5,444,74,50,0.6206,2,-1,-1
1383,83,4,584,118,55,0.6442,2,-1,-1
1383,72,896,690,76,85,0.6549,0,-1,-1
1383,79,171,485,95,50,0.6206,2,-1,-1
1383,75,327,447,73,42,0.6039,0,-1,-1
1384,60,525,698,158,97,0.8267,0,-1,-1
1384,61,1578,364,48,30,0.8081,0,-1,-1
1384,62,1392,606,168,83,0.8117,0,-1,-1
1384,64,55,774,171,104,0.7677,0,-1,-1
1384,65,1068,596,160,77,0.7635,0,-1,-1
1384,66,665,598,168,70,0.8069,0,-1,-1
1384,67,1072,476,83,42,0.7564,0,-1,-1
1384,69,1711,329,45,22,0.7759,0,-1,-1
1384,71,860,470,90,43,0.7341,0,-1,-1
1384,73,427,531,139,61,0.7106,0,-1,-1
1384,81,815,545,158,55,0.7264,2,-1,-1
1384,68,782,498,97,41,0.7786,0,-1,-1
1384,70,42,540,134,57,0.7387,2,-1,-1
1384,79,172,485,94,49,0.6058,2,-1,-1
1384,75,327,447,74,42,0.6095,0,-1,-1
1385,60,525,699,157,95,0.8278,0,-1,-1
1385,61,1577,363,49,30,0.8007,0,-1,-1
1385,62,1393,607,167,82,0.8069,0,-1,-1
1385,64,54,773,172,105,0.7341,0,-1,-1
1385,65,1070,596,157,75,0.7746,0,-1,-1
1385,66,665,598,167,70,0.8007,0,-1,-1
1385,67,1073,476,82,42,0.7564,0,-1,-1
1385,69,1711,329,46,23,0.7621,0,-1,-1
1385,71,861,470,89,43,0.7311,0,-1,-1
1385,73,427,531,138,60,0.7154,0,-1,-1
1385,81,817,545,154,54,0.7249,2,-1,-1
1385,68,782,498,98,41,0.7800,0,-1,-1
1385,70,44,540,133,56,0.6943,2,-1,-1
1385,79,172,485,95,49,0.6169,2,-1,-1
1386,60,523,698,161,97,0.8176,0,-1,-1
1386,61,1580,363,48,30,0.7994,0,-1,-1
1386,62,1396,607,163,81,0.8105,0,-1,-1
1386,64,53,772,173,106,0.7813,0,-1,-1
1386,65,1069,595,158,76,0.7718,0,-1,-1
1386,66,667,598,163,68,0.7931,0,-1,-1
1386,67,1073,476,83,43,0.7592,0,-1,-1
1386,69,1713,330,46,22,0.7217,0,-1,-1
1386,71,862,470,89,43,0.7249,0,-1,-1
1386,73,427,530,139,61,0.7138,0,-1,-1
1386,81,821,546,150,53,0.7356,2,-1,-1
1386,68,782,498,98,41,0.7800,0,-1,-1
1386,70,45,539,135,57,0.7506,2,-1,-1
1386,75,328,445,75,43,0.6169,0,-1,-1
1387,60,520,699,164,97,0.8176,0,-1,-1
1387,61,1581,364,47,29,0.7982,0,-1,-1
1387,62,1396,607,162,81,0.8069,0,-1,-1
1387,64,53,772,174,106,0.8176,0,-1,-1
1387,65,1068,595,159,76,0.7800,0,-1,-1
1387,66,667,598,162,68,0.7944,0,-1,-1
1387,67,1073,475,85,44,0.7606,0,-1,-1
1387,69,1713,329,47,24,0.7506,0,-1,-1
1387,71,863,470,87,43,0.7249,0,-1,-1
1387,73,426,530,140,61,0.7233,0,-1,-1
1387,81,822,546,149,52,0.7520,2,-1,-1
1387,68,782,498,98,41,0.7746,0,-1,-1
1387,70,46,540,134,56,0.7387,2,-1,-1
1387,75,329,445,74,43,0.6077,0,-1,-1
1387,78,535,353,58,31,0.6058,0,-1,-1
1387,72,894,693,76,83,0.6478,0,-1,-1
1388,60,520,699,164,98,0.8210,0,-1,-1
1388,61,1581,364,48,29,0.7982,0,-1,-1
1388,62,1397,608,161,80,0.8069,0,-1,-1
1388,64,53,773,173,105,0.8164,0,-1,-1
1388,65,1068,596,158,76,0.7786,0,-1,-1
1388,66,667,599,162,67,0.7918,0,-1,-1
1388,67,1073,475,85,44,0.7606,0,-1,-1
1388,69,1713,329,48,24,0.7461,0,-1,-1
1388,71,864,470,86,43,0.7233,0,-1,-1
1388,73,426,529,141,63,0.7202,0,-1,-1
1388,81,823,547,148,51,0.7491,2,-1,-1
1388,68,782,498,99,41,0.7677,0,-1,-1
1388,70,44,540,133,55,0.7520,2,-1,-1
1388,72,893,693,77,83,0.6406,0,-1,-1
1389,60,519,699,165,98,0.8187,0,-1,-1
1389,61,1583,365,47,28,0.7705,0,-1,-1
1389,62,1399,609,159,79,0.7994,0,-1,-1
1389,64,52,772,175,106,0.7718,0,-1,-1
1389,65,1068,595,159,77,0.7840,0,-1,-1
1389,66,666,598,163,69,0.7918,0,-1,-1
1389,67,1074,476,84,43,0.7606,0,-1,-1
1389,69,1716,330,46,23,0.6910,0,-1,-1
1389,71,864,471,87,43,0.7058,0,-1,-1
1389,73,427,530,140,61,0.7447,0,-1,-1
1389,81,822,547,147,51,0.7461,2,-1,-1
1389,68,783,498,97,41,0.7578,0,-1,-1
1389,70,43,540,134,55,0.7621,2,-1,-1
1389,72,893,693,79,84,0.6206,0,-1,-1
1390,60,517,697,169,101,0.8267,0,-1,-1
1390,61,1584,365,47,28,0.7476,0,-1,-1
1390,62,1399,611,158,78,0.8032,0,-1,-1
1390,64,52,772,175,106,0.8429,0,-1,-1
1390,65,1071,597,154,74,0.7905,0,-1,-1
1390,66,667,598,162,68,0.7944,0,-1,-1
1390,67,1074,476,83,43,0.7663,0,-1,-1
1390,69,1716,329,47,23,0.7326,0,-1,-1
1390,71,863,471,88,43,0.7249,0,-1,-1
1390,73,429,530,137,61,0.7506,0,-1,-1
1390,81,822,547,146,51,0.7461,2,-1,-1
1390,68,784,498,97,40,0.7549,0,-1,-1
1390,70,43,539,135,56,0.7635,2,-1,-1
1390,72,891,693,81,85,0.6960,0,-1,-1
1390,83,5,582,118,53,0.6723,2,-1,-1
1390,78,537,354,56,29,0.6002,0,-1,-1
1391,60,516,697,170,100,0.8267,0,-1,-1
1391,61,1584,365,47,28,0.7520,0,-1,-1
1391,62,1399,612,158,77,0.8044,0,-1,-1
1391,64,53,772,173,105,0.8449,0,-1,-1
1391,65,1072,598,153,72,0.7918,0,-1,-1
1391,66,667,598,162,68,0.7982,0,-1,-1
1391,67,1074,476,83,43,0.7691,0,-1,-1
1391,69,1716,328,48,24,0.7311,0,-1,-1
1391,71,864,470,87,43,0.7186,0,-1,-1
1391,73,430,531,136,59,0.7506,0,-1,-1
1391,81,821,547,147,51,0.7578,2,-1,-1
1391,68,784,499,97,40,0.7549,0,-1,-1
1391,70,44,539,134,56,0.7476,2,-1,-1
1391,72,890,692,82,87,0.7058,0,-1,-1
1391,86,1309,406,63,33,0.6243,0,-1,-1
1391,83,4,582,120,53,0.6723,2,-1,-1
1392,60,518,698,166,97,0.8245,0,-1,-1
1392,61,1586,365,48,29,0.7520,0,-1,-1
1392,62,1401,613,154,75,0.8044,0,-1,-1
1392,64,53,772,174,105,0.7677,0,-1,-1
1392,65,1070,598,157,74,0.7840,0,-1,-1
1392,66,668,599,162,67,0.8056,0,-1,-1
1392,67,1075,476,83,42,0.7663,0,-1,-1
1392,69,1719,329,46,23,0.6976,0,-1,-1
1392,71,866,470,86,43,0.7326,0,-1,-1
1392,73,432,531,133,59,0.7491,0,-1,-1
1392,81,821,547,147,50,0.7387,2,-1,-1
1392,68,785,500,97,39,0.7677,0,-1,-1
1392,70,46,539,135,56,0.6943,2,-1,-1
1392,72,892,693,79,83,0.6442,0,-1,-1
1392,86,1310,406,63,33,0.6261,0,-1,-1
1393,60,519,698,164,97,0.8256,0,-1,-1
1393,61,1587,365,47,29,0.7491,0,-1,-1
1393,62,1399,612,156,76,0.7944,0,-1,-1
1393,64,52,771,176,107,0.7649,0,-1,-1
1393,65,1070,597,157,75,0.7827,0,-1,-1
1393,66,669,599,161,67,0.8044,0,-1,-1
1393,67,1076,476,82,42,0.7635,0,-1,-1
1393,69,1720,328,46,24,0.7233,0,-1,-1
1393,71,866,470,86,42,0.7326,0,-1,-1
1393,73,434,532,131,58,0.7461,0,-1,-1
1393,81,822,546,147,51,0.7233,2,-1,-1
1393,68,784,499,99,39,0.7705,0,-1,-1
1393,70,48,540,135,56,0.7170,2,-1,-1
1393,72,893,694,78,81,0.6496,0,-1,-1
1393,86,1310,406,64,33,0.6225,0,-1,-1
1393,87,1308,444,68,38,0.6206,0,-1,-1
1393,78,540,354,58,29,0.6114,0,-1,-1
1394,60,520,698,164,96,0.8267,0,-1,-1
1394,61,1587,365,47,29,0.7341,0,-1,-1
1394,62,1396,611,162,79,0.7944,0,-1,-1
1394,64,50,769,179,108,0.7677,0,-1,-1
1394,65,1069,597,159,75,0.7827,0,-1,-1
1394,66,669,599,161,67,0.8056,0,-1,-1
1394,67,1076,476,82,41,0.7677,0,-1,-1
1394,69,1719,329,47,24,0.7186,0,-1,-1
1394,71,866,470,86,42,0.7372,0,-1,-1
1394,73,435,533,130,57,0.7447,0,-1,-1
1394,81,824,547,145,49,0.7042,2,-1,-1
1394,68,785,499,99,39,0.7718,0,-1,-1
1394,70,49,540,135,56,0.7170,2,-1,-1
1394,72,893,693,79,81,0.6567,0,-1,-1
1394,86,1310,406,63,33,0.6225,0,-1,-1
1394,87,1309,444,68,37,0.6151,0,-1,-1
1394,78,540,353,59,30,0.6549,0,-1,-1
1394,83,5,582,122,53,0.6584,0,-1,-1
1395,60,520,699,164,95,0.8256,0,-1,-1
1395,61,1587,366,47,28,0.7186,0,-1,-1
1395,62,1396,610,162,79,0.8044,0,-1,-1
1395,64,51,770,177,106,0.7718,0,-1,-1
1395,65,1069,596,159,76,0.7800,0,-1,-1
1395,66,669,599,161,67,0.8093,0,-1,-1
1395,67,1076,475,83,42,0.7732,0,-1,-1
1395,69,1722,329,46,23,0.7186,0,-1,-1
1395,71,867,470,85,41,0.7341,0,-1,-1
1395,73,435,534,131,56,0.7476,0,-1,-1
1395,81,824,547,145,50,0.6960,2,-1,-1
1395,68,784,498,101,41,0.7786,0,-1,-1
1395,70,51,540,133,55,0.7025,2,-1,-1
1395,72,890,691,82,84,0.6826,0,-1,-1
1395,86,1311,406,64,33,0.6388,0,-1,-1
1395,87,1308,444,69,38,0.6225,0,-1,-1
1395,78,541,353,60,31,0.6188,0,-1,-1
1395,83,4,581,125,54,0.7233,0,-1,-1
1395,79,180,485,95,49,0.6758,0,-1,-1
1396,60,519,698,165,96,0.8222,0,-1,-1
1396,61,1589,366,48,28,0.7476,0,-1,-1
1396,62,1397,610,163,79,0.8081,0,-1,-1
1396,64,50,768,178,108,0.7447,0,-1,-1
1396,65,1068,596,161,77,0.7786,0,-1,-1
1396,66,670,598,159,67,0.8019,0,-1,-1
1396,67,1075,475,85,43,0.7732,0,-1,-1
1396,69,1722,328,48,25,0.7476,0,-1,-1
1396,71,868,469,85,42,0.7264,0,-1,-1
1396,73,434,533,133,58,0.7564,0,-1,-1
1396,81,824,547,146,50,0.6792,2,-1,-1
1396,68,784,498,101,41,0.7800,0,-1,-1
1396,70,52,540,134,56,0.6960,2,-1,-1
1396,72,889,688,84,87,0.6280,0,-1,-1
1396,86,1313,406,63,33,0.6114,0,-1,-1
1396,87,1309,444,69,38,0.6316,0,-1,-1
1396,78,542,353,60,31,0.6243,0,-1,-1
1396,83,3,580,128,54,0.7233,0,-1,-1
1396,79,180,484,96,50,0.7372,0,-1,-1
1396,77,358,378,69,35,0.6316,0,-1,-1
1396,75,335,442,77,45,0.6002,0,-1,-1
1397,60,519,698,165,96,0.8222,0,-1,-1
1397,61,1589,366,49,29,0.7372,0,-1,-1
1397,62,1398,609,162,80,0.8056,0,-1,-1
1397,64,50,768,178,108,0.7138,0,-1,-1
1397,65,1067,596,163,77,0.7800,0,-1,-1
1397,66,670,598,159,66,0.8032,0,-1,-1
1397,67,1075,476,84,43,0.7773,0,-1,-1
1397,69,1722,328,49,25,0.7506,0,-1,-1
1397,71,868,469,85,42,0.7280,0,-1,-1
1397,73,434,533,135,58,0.7549,0,-1,-1
1397,81,825,548,145,49,0.6809,2,-1,-1
1397,68,783,498,103,41,0.7773,0,-1,-1
1397,70,52,540,133,56,0.7326,2,-1,-1
1397,72,889,688,84,87,0.6370,0,-1,-1
1397,87,1309,444,70,38,0.6352,0,-1,-1
1397,78,541,352,62,32,0.6689,0,-1,-1
1397,83,3,580,128,54,0.6775,0,-1,-1
1397,79,180,483,96,51,0.6843,0,-1,-1
1397,77,359,378,68,35,0.6388,0,-1,-1
1397,75,336,443,79,44,0.6132,0,-1,-1
1398,60,516,697,168,97,0.8278,0,-1,-1
1398,61,1591,366,48,28,0.7461,0,-1,-1
1398,62,1395,608,167,82,0.8081,0,-1,-1
1398,64,51,769,175,106,0.7402,0,-1,-1
1398,65,1069,597,159,76,0.7732,0,-1,-1
1398,66,669,598,160,66,0.7982,0,-1,-1
1398,67,1075,475,85,44,0.7718,0,-1,-1
1398,69,1725,329,47,25,0.7549,0,-1,-1
1398,71,868,470,84,41,0.7387,0,-1,-1
1398,73,433,532,137,60,0.7417,0,-1,-1
1398,81,826,548,143,49,0.7058,2,-1,-1
1398,68,783,498,104,41,0.7663,0,-1,-1
1398,70,52,539,135,56,0.6478,2,-1,-1
1398,72,889,689,84,85,0.6689,0,-1,-1
1398,78,542,353,62,31,0.7122,0,-1,-1
1398,79,180,483,96,51,0.7138,0,-1,-1
1398,75,344,442,85,45,0.6370,0,-1,-1
1399,60,514,696,169,98,0.8222,0,-1,-1
1399,61,1592,366,48,28,0.7564,0,-1,-1
1399,62,1395,608,169,82,0.8093,0,-1,-1
1399,64,52,769,173,105,0.7387,0,-1,-1
1399,65,1069,597,158,75,0.7732,0,-1,-1
1399,66,669,598,161,66,0.7994,0,-1,-1
1399,67,1076,476,85,43,0.7800,0,-1,-1
1399,69,1725,328,49,26,0.7840,0,-1,-1
1399,71,868,470,84,41,0.7372,0,-1,-1
1399,73,433,532,137,60,0.7417,0,-1,-1
1399,81,825,548,144,49,0.6406,2,-1,-1
1399,68,783,498,103,41,0.7649,0,-1,-1
1399,72,889,689,83,85,0.6280,0,-1,-1
1399,78,542,353,62,32,0.6960,0,-1,-1
1399,79,182,484,94,50,0.7402,0,-1,-1
1399,75,338,442,84,45,0.6388,0,-1,-1
1399,88,534,398,74,31,0.6077,0,-1,-1
1400,60,513,695,171,99,0.8267,0,-1,-1
1400,61,1593,366,48,28,0.7564,0,-1,-1
1400,62,1395,607,170,84,0.8141,0,-1,-1
1400,64,53,770,171,103,0.7606,0,-1,-1
1400,65,1068,597,158,75,0.7705,0,-1,-1
1400,66,669,597,161,67,0.8019,0,-1,-1
1400,67,1076,475,85,45,0.7813,0,-1,-1
1400,69,1726,328,49,26,0.7732,0,-1,-1
1400,71,868,470,84,41,0.7326,0,-1,-1
1400,73,434,532,136,59,0.7372,0,-1,-1
1400,81,825,548,145,49,0.6388,2,-1,-1
1400,68,783,498,103,41,0.7691,0,-1,-1
1400,72,890,690,82,85,0.6388,0,-1,-1
1400,78,542,354,62,31,0.6893,0,-1,-1
1400,79,183,485,93,49,0.7417,0,-1,-1
1400,75,337,442,84,45,0.6602,0,-1,-1
1400,88,534,398,74,31,0.6095,0,-1,-1
1401,60,514,696,170,98,0.8222,0,-1,-1
1401,61,1593,366,48,28,0.7520,0,-1,-1
1401,62,1396,607,169,84,0.8152,0,-1,-1
1401,64,52,770,172,103,0.7417,0,-1,-1
1401,65,1069,597,158,75,0.7663,0,-1,-1
1401,66,670,598,159,65,0.8007,0,-1,-1
1401,67,1077,476,85,43,0.7786,0,-1,-1
1401,69,1727,329,49,25,0.7649,0,-1,-1
1401,71,867,470,87,41,0.7264,0,-1,-1
1401,73,434,533,135,58,0.7402,0,-1,-1
1401,81,826,548,143,49,0.6243,2,-1,-1
1401,68,783,498,103,41,0.7663,0,-1,-1
1401,72,890,691,82,83,0.6442,0,-1,-1
1401,78,544,354,60,31,0.7264,0,-1,-1
1401,79,183,485,93,49,0.6960,0,-1,-1
1401,75,337,442,84,45,0.6514,0,-1,-1
1402,60,515,696,168,98,0.8210,0,-1,-1
1402,61,1593,365,48,28,0.7356,0,-1,-1
1402,62,1397,608,166,83,0.8164,0,-1,-1
1402,64,52,770,172,103,0.7705,0,-1,-1
1402,65,1070,597,157,74,0.7691,0,-1,-1
1402,66,670,597,159,65,0.8007,0,-1,-1
1402,67,1077,476,84,43,0.7732,0,-1,-1
1402,69,1727,328,50,26,0.7718,0,-1,-1
1402,71,867,469,88,42,0.7249,0,-1,-1
1402,73,434,532,136,59,0.7387,0,-1,-1
1402,68,782,498,101,41,0.7461,0,-1,-1
1402,72,890,693,81,82,0.6654,0,-1,-1
1402,78,545,353,60,31,0.7249,0,-1,-1
1402,79,185,485,91,47,0.6893,0,-1,-1
1402,75,338,442,82,45,0.6406,0,-1,-1
1402,83,10,582,120,49,0.6706,2,-1,-1
1402,70,47,534,144,61,0.6243,2,-1,-1
1403,60,515,696,168,98,0.8199,0,-1,-1
1403,61,1594,366,47,28,0.7138,0,-1,-1
1403,62,1397,609,165,81,0.8164,0,-1,-1
1403,64,52,770,172,102,0.7892,0,-1,-1
1403,65,1070,597,157,74,0.7691,0,-1,-1
1403,66,670,597,159,65,0.8007,0,-1,-1
1403,67,1078,476,84,43,0.7759,0,-1,-1
1403,69,1727,328,50,26,0.7535,0,-1,-1
1403,71,867,469,89,42,0.7202,0,-1,-1
1403,73,434,532,136,59,0.7372,0,-1,-1
1403,68,783,498,101,41,0.7476,0,-1,-1
1403,72,890,693,80,81,0.6261,0,-1,-1
1403,78,545,353,60,31,0.7058,0,-1,-1
1403,79,185,484,91,48,0.6723,0,-1,-1
1403,75,339,443,81,43,0.6388,0,-1,-1
1403,83,9,582,121,48,0.7520,2,-1,-1
1403,70,45,533,146,62,0.6637,2,-1,-1
1404,60,517,697,166,96,0.8210,0,-1,-1
1404,61,1595,366,48,29,0.7090,0,-1,-1
1404,62,1400,611,160,79,0.8187,0,-1,-1
1404,64,51,769,174,103,0.7535,0,-1,-1
1404,65,1070,597,157,74,0.7827,0,-1,-1
1404,66,670,597,159,65,0.7994,0,-1,-1
1404,67,1079,476,82,41,0.7718,0,-1,-1
1404,69,1730,329,48,25,0.7122,0,-1,-1
1404,71,868,469,87,42,0.7264,0,-1,-1
1404,73,435,532,134,58,0.7295,0,-1,-1
1404,68,782,497,105,42,0.7549,0,-1,-1
1404,78,546,353,59,31,0.7154,0,-1,-1
1404,79,186,485,90,47,0.6188,0,-1,-1
1404,75,339,442,82,44,0.6689,0,-1,-1
1404,83,8,582,124,48,0.7341,2,-1,-1
1404,70,46,532,145,63,0.7090,2,-1,-1
1404,87,1312,443,66,36,0.6095,0,-1,-1
1404,88,539,399,71,29,0.6114,0,-1,-1
1405,60,517,697,165,96,0.8199,0,-1,-1
1405,61,1596,367,48,27,0.7025,0,-1,-1
1405,62,1401,612,157,77,0.8117,0,-1,-1
1405,64,51,768,172,103,0.7295,0,-1,-1
1405,65,1071,597,155,74,0.7840,0,-1,-1
1405,66,670,598,159,65,0.7982,0,-1,-1
1405,67,1079,475,82,42,0.7705,0,-1,-1
1405,69,1730,328,49,26,0.7592,0,-1,-1
1405,71,869,469,87,42,0.7122,0,-1,-1
1405,73,436,532,133,57,0.7356,0,-1,-1
1405,68,783,497,106,42,0.7506,0,-1,-1
1405,78,547,353,59,31,0.7186,0,-1,-1
1405,75,340,441,82,45,0.6775,0,-1,-1
1405,83,7,581,127,49,0.6406,2,-1,-1
1405,70,48,533,143,61,0.6654,2,-1,-1
1405,88,540,400,69,28,0.6058,0,-1,-1
1405,81,821,547,151,51,0.6021,2,-1,-1
1405,72,888,695,80,81,0.6169,0,-1,-1
1406,60,516,697,167,96,0.8176,0,-1,-1
1406,61,1596,366,48,29,0.7122,0,-1,-1
1406,62,1402,613,156,75,0.8105,0,-1,-1
1406,64,52,768,170,101,0.7122,0,-1,-1
1406,65,1070,597,157,74,0.7853,0,-1,-1
1406,66,671,599,157,64,0.7994,0,-1,-1
1406,67,1079,476,82,41,0.7718,0,-1,-1
1406,69,1730,328,50,26,0.7506,0,-1,-1
1406,71,870,470,86,40,0.7249,0,-1,-1
1406,73,437,532,131,56,0.7432,0,-1,-1
1406,68,783,497,106,43,0.7606,0,-1,-1
1406,78,548,353,58,30,0.7202,0,-1,-1
1406,75,340,442,81,43,0.6775,0,-1,-1
1406,70,50,534,140,60,0.6602,2,-1,-1
1406,88,541,400,68,28,0.6188,0,-1,-1
1406,72,887,695,82,82,0.6740,0,-1,-1
1406,79,189,486,88,45,0.6058,0,-1,-1
1407,60,514,696,167,96,0.8245,0,-1,-1
1407,61,1596,366,49,29,0.7311,0,-1,-1
1407,62,1401,612,158,77,0.8069,0,-1,-1
1407,64,52,769,168,99,0.7606,0,-1,-1
1407,65,1071,597,156,73,0.7840,0,-1,-1
1407,66,670,598,159,65,0.7994,0,-1,-1
1407,67,1080,475,82,42,0.7773,0,-1,-1
1407,69,1733,329,48,25,0.7217,0,-1,-1
1407,71,871,470,84,40,0.7186,0,-1,-1
1407,73,436,531,132,56,0.7447,0,-1,-1
1407,68,784,497,107,43,0.7649,0,-1,-1
1407,78,547,353,61,31,0.7233,0,-1,-1
1407,75,341,443,78,42,0.6261,0,-1,-1
1407,88,540,399,71,29,0.6151,0,-1,-1
1407,72,887,694,82,81,0.6496,0,-1,-1
1407,79,188,485,92,48,0.6567,0,-1,-1
1407,87,1314,441,67,38,0.6243,0,-1,-1
1408,60,514,696,166,95,0.8233,0,-1,-1
1408,61,1598,366,49,29,0.7447,0,-1,-1
1408,62,1400,612,159,77,0.8056,0,-1,-1
1408,64,50,768,171,101,0.7691,0,-1,-1
1408,65,1070,597,157,74,0.7827,0,-1,-1
1408,66,670,598,159,65,0.8032,0,-1,-1
1408,67,1080,475,82,42,0.7746,0,-1,-1
1408,69,1733,328,49,25,0.7447,0,-1,-1
1408,71,871,470,85,40,0.7249,0,-1,-1
1408,73,437,531,130,56,0.7447,0,-1,-1
1408,68,784,497,108,43,0.7663,0,-1,-1
1408,78,547,352,62,33,0.6943,0,-1,-1
1408,88,540,399,72,30,0.6058,0,-1,-1
1408,72,886,693,83,83,0.7106,0,-1,-1
1408,79,188,485,93,48,0.6280,0,-1,-1
1408,87,1314,442,66,36,0.6619,0,-1,-1
1408,83,1,579,137,53,0.6352,0,-1,-1
1409,60,512,695,169,97,0.8267,0,-1,-1
1409,61,1598,366,49,29,0.7461,0,-1,-1
1409,62,1399,612,161,77,0.8069,0,-1,-1
1409,64,47,766,178,105,0.7918,0,-1,-1
1409,65,1070,597,157,74,0.7827,0,-1,-1
1409,66,669,598,161,66,0.8007,0,-1,-1
1409,67,1080,475,82,42,0.7746,0,-1,-1
1409,69,1733,328,50,26,0.7372,0,-1,-1
1409,71,871,470,84,40,0.7280,0,-1,-1
1409,73,437,531,130,56,0.7461,0,-1,-1
1409,68,784,497,108,43,0.7691,0,-1,-1
1409,78,548,352,61,33,0.6976,0,-1,-1
1409,88,540,399,73,30,0.6169,0,-1,-1
1409,72,887,693,82,81,0.6860,0,-1,-1
1409,79,188,486,93,47,0.6352,0,-1,-1
1409,87,1315,442,66,36,0.6619,0,-1,-1
1410,60,511,695,170,97,0.8278,0,-1,-1
1410,61,1599,367,48,28,0.7217,0,-1,-1
1410,62,1401,612,158,76,0.8199,0,-1,-1
1410,64,45,765,180,107,0.7853,0,-1,-1
1410,65,1069,596,159,75,0.7866,0,-1,-1
1410,66,666,598,167,67,0.8069,0,-1,-1
1410,67,1081,475,82,42,0.7759,0,-1,-1
1410,69,1736,329,48,25,0.6960,0,-1,-1
1410,71,870,470,86,41,0.7311,0,-1,-1
1410,73,436,531,132,56,0.7417,0,-1,-1
1410,68,784,497,107,43,0.7718,0,-1,-1
1410,78,549,353,60,31,0.6723,0,-1,-1
1410,88,541,399,73,30,0.6280,0,-1,-1
1410,72,884,691,87,86,0.7506,0,-1,-1
1410,79,188,485,94,49,0.6460,0,-1,-1
1410,87,1314,442,67,36,0.6689,0,-1,-1
1410,75,342,443,79,43,0.6206,0,-1,-1
1411,60,510,695,171,97,0.8333,0,-1,-1
1411,61,1600,367,48,27,0.7186,0,-1,-1
1411,62,1401,613,158,75,0.8164,0,-1,-1
1411,64,44,765,181,107,0.7905,0,-1,-1
1411,65,1067,596,162,76,0.7879,0,-1,-1
1411,66,667,597,165,68,0.8069,0,-1,-1
1411,67,1081,476,81,40,0.7705,0,-1,-1
1411,69,1737,330,47,24,0.7170,0,-1,-1
1411,71,870,470,86,41,0.7432,0,-1,-1
1411,73,436,530,133,57,0.7341,0,-1,-1
1411,68,785,497,105,42,0.7606,0,-1,-1
1411,78,550,353,60,31,0.6943,0,-1,-1
1411,88,543,400,70,28,0.6316,0,-1,-1
1411,72,883,689,89,89,0.7280,0,-1,-1
1411,87,1313,441,69,38,0.6792,0,-1,-1
1411,63,206,864,224,140,0.7074,0,-1,-1
1411,83,6,578,130,50,0.6843,2,-1,-1
1412,60,510,695,171,97,0.8322,0,-1,-1
1412,61,1601,366,49,29,0.7009,0,-1,-1
1412,62,1401,613,158,75,0.8199,0,-1,-1
1412,64,44,765,181,107,0.7800,0,-1,-1
1412,65,1067,596,162,76,0.7892,0,-1,-1
1412,66,667,597,165,68,0.8069,0,-1,-1
1412,67,1082,476,81,40,0.7705,0,-1,-1
1412,69,1737,329,48,25,0.7186,0,-1,-1
1412,71,870,469,87,42,0.7461,0,-1,-1
1412,73,436,531,133,56,0.7402,0,-1,-1
1412,68,785,497,104,42,0.7606,0,-1,-1
1412,78,551,353,60,31,0.6926,0,-1,-1
1412,88,544,400,69,28,0.6077,0,-1,-1
1412,72,881,688,91,90,0.7264,0,-1,-1
1412,87,1313,441,70,38,0.6860,0,-1,-1
1412,63,205,864,224,139,0.7311,0,-1,-1
1412,83,8,579,128,47,0.7042,2,-1,-1
1412,79,188,484,95,49,0.6188,0,-1,-1
1413,60,510,696,170,95,0.8278,0,-1,-1
1413,61,1601,366,49,29,0.7372,0,-1,-1
1413,62,1401,613,158,75,0.8233,0,-1,-1
1413,64,44,764,181,108,0.7813,0,-1,-1
1413,65,1066,595,163,78,0.7918,0,-1,-1
1413,66,669,598,161,65,0.8019,0,-1,-1
1413,67,1082,475,82,41,0.7635,0,-1,-1
1413,69,1738,329,48,25,0.6843,0,-1,-1
1413,71,870,469,88,42,0.7387,0,-1,-1
1413,73,438,532,132,56,0.7372,0,-1,-1
1413,68,786,498,103,41,0.7578,0,-1,-1
1413,78,552,352,61,33,0.6960,0,-1,-1
1413,88,543,399,73,30,0.6058,0,-1,-1
1413,72,881,688,91,90,0.7170,0,-1,-1
1413,87,1312,441,72,39,0.6860,0,-1,-1
1413,63,204,866,224,138,0.6567,0,-1,-1
1413,83,6,578,131,49,0.6424,2,-1,-1
1414,60,507,694,174,99,0.8322,0,-1,-1
1414,61,1601,366,50,29,0.7606,0,-1,-1
1414,62,1401,613,160,75,0.8245,0,-1,-1
1414,64,43,764,182,109,0.7691,0,-1,-1
1414,65,1067,597,161,75,0.7905,0,-1,-1
1414,66,669,597,160,66,0.8032,0,-1,-1
1414,67,1082,475,82,42,0.7718,0,-1,-1
1414,69,1740,330,47,24,0.6843,0,-1,-1
1414,71,869,469,91,42,0.7341,0,-1,-1
1414,73,437,531,134,57,0.7295,0,-1,-1
1414,68,785,498,103,41,0.7491,0,-1,-1
1414,78,552,352,61,33,0.6926,0,-1,-1
1414,88,545,400,71,29,0.6206,0,-1,-1
1414,72,882,688,89,89,0.6460,0,-1,-1
1414,87,1312,440,73,40,0.6775,0,-1,-1
1414,63,204,866,225,138,0.7042,0,-1,-1
1414,83,5,578,132,49,0.7506,2,-1,-1
1414,70,52,531,141,62,0.6021,2,-1,-1
1414,79,189,483,96,49,0.6002,0,-1,-1
1415,60,508,694,173,98,0.8333,0,-1,-1
1415,61,1601,366,50,29,0.7520,0,-1,-1
1415,62,1401,613,161,75,0.8278,0,-1,-1
1415,64,44,763,181,108,0.7621,0,-1,-1
1415,65,1069,598,158,74,0.8007,0,-1,-1
1415,66,669,597,160,66,0.8044,0,-1,-1
1415,67,1082,476,84,41,0.7663,0,-1,-1
1415,69,1740,329,48,25,0.6993,0,-1,-1
1415,71,869,468,91,44,0.7341,0,-1,-1
1415,73,437,530,135,58,0.7326,0,-1,-1
1415,68,785,498,103,41,0.7549,0,-1,-1
1415,78,553,353,60,31,0.7009,0,-1,-1
1415,88,545,400,72,29,0.6352,0,-1,-1
1415,72,882,689,88,87,0.7186,0,-1,-1
1415,87,1312,440,73,40,0.6960,0,-1,-1
1415,63,202,866,229,140,0.7311,0,-1,-1
1415,83,5,578,132,48,0.7813,2,-1,-1
1415,70,51,531,141,62,0.6002,2,-1,-1
1416,60,507,694,174,98,0.8355,0,-1,-1
1416,61,1603,367,48,28,0.7170,0,-1,-1
1416,62,1400,613,162,75,0.8300,0,-1,-1
1416,64,46,763,176,106,0.7564,0,-1,-1
1416,65,1068,596,161,76,0.7994,0,-1,-1
1416,66,667,596,163,67,0.8019,0,-1,-1
1416,67,1081,475,86,42,0.7635,0,-1,-1
1416,69,1740,329,48,25,0.7058,0,-1,-1
1416,71,869,468,91,44,0.7264,0,-1,-1
1416,73,437,530,134,58,0.7295,0,-1,-1
1416,68,785,498,103,41,0.7491,0,-1,-1
1416,78,554,353,60,32,0.7009,0,-1,-1
1416,88,547,400,70,28,0.6280,0,-1,-1
1416,72,883,690,85,85,0.6809,0,-1,-1
1416,87,1313,441,72,39,0.7058,0,-1,-1
1416,63,197,861,239,146,0.7677,0,-1,-1
1416,83,3,578,135,49,0.7813,2,-1,-1
1416,70,50,529,143,64,0.6758,2,-1,-1
1417,60,505,694,176,100,0.8376,0,-1,-1
1417,61,1604,367,48,27,0.7295,0,-1,-1
1417,62,1400,613,161,75,0.8322,0,-1,-1
1417,64,48,764,172,103,0.7491,0,-1,-1
1417,65,1068,596,161,76,0.8007,0,-1,-1
1417,66,667,596,163,67,0.8056,0,-1,-1
1417,67,1081,475,86,43,0.7635,0,-1,-1
1417,69,1743,329,46,25,0.6926,0,-1,-1
1417,71,870,469,90,43,0.7295,0,-1,-1
1417,73,437,530,135,58,0.7356,0,-1,-1
1417,68,786,498,100,41,0.7402,0,-1,-1
1417,78,554,354,60,32,0.6758,0,-1,-1
1417,88,547,400,70,27,0.6298,0,-1,-1
1417,72,885,692,83,82,0.6893,0,-1,-1
1417,87,1315,442,71,38,0.7154,0,-1,-1
1417,63,193,858,245,152,0.7280,0,-1,-1
1417,83,4,578,134,48,0.7866,2,-1,-1
1417,70,49,529,143,63,0.7042,2,-1,-1
1418,60,504,695,176,100,0.8387,0,-1,-1
1418,61,1605,367,48,27,0.7491,0,-1,-1
1418,62,1400,614,160,73,0.8333,0,-1,-1
1418,64,49,765,170,101,0.7402,0,-1,-1
1418,65,1067,596,163,77,0.8032,0,-1,-1
1418,66,667,596,162,67,0.8069,0,-1,-1
1418,67,1081,475,86,43,0.7649,0,-1,-1
1418,69,1743,329,47,25,0.7122,0,-1,-1
1418,71,870,469,91,43,0.7264,0,-1,-1
1418,73,436,530,136,58,0.7372,0,-1,-1
1418,68,786,499,100,39,0.7402,0,-1,-1
1418,78,554,354,60,32,0.6654,0,-1,-1
1418,88,548,400,69,28,0.6352,0,-1,-1
1418,72,885,691,83,83,0.7186,0,-1,-1
1418,87,1315,442,71,39,0.7186,0,-1,-1
1418,63,191,858,246,152,0.6876,0,-1,-1
1418,83,4,578,134,48,0.7813,2,-1,-1
1418,70,48,529,144,63,0.6943,2,-1,-1
1419,60,505,696,174,98,0.8333,0,-1,-1
1419,61,1605,367,48,27,0.7592,0,-1,-1
1419,62,1400,614,160,73,0.8366,0,-1,-1
1419,64,49,764,171,102,0.7476,0,-1,-1
1419,65,1066,595,164,78,0.7994,0,-1,-1
1419,66,669,597,158,65,0.8056,0,-1,-1
1419,67,1081,475,86,42,0.7691,0,-1,-1
1419,69,1743,329,48,25,0.7122,0,-1,-1
1419,71,870,469,90,43,0.7186,0,-1,-1
1419,73,437,530,135,58,0.7402,0,-1,-1
1419,68,786,498,101,41,0.7372,0,-1,-1
1419,78,555,354,59,32,0.6567,0,-1,-1
1419,88,548,400,70,27,0.6496,0,-1,-1
1419,72,884,690,84,84,0.7154,0,-1,-1
1419,87,1315,442,70,39,0.7202,0,-1,-1
1419,63,192,858,241,148,0.7840,0,-1,-1
1419,83,4,578,135,48,0.7356,2,-1,-1
1419,70,52,530,141,62,0.6352,2,-1,-1
1419,79,188,480,98,51,0.7138,0,-1,-1
1420,60,505,695,173,98,0.8311,0,-1,-1
1420,61,1606,367,48,27,0.7476,0,-1,-1
1420,62,1401,614,159,73,0.8344,0,-1,-1
1420,64,49,764,171,102,0.7663,0,-1,-1
1420,65,1066,595,163,78,0.7969,0,-1,-1
1420,66,670,597,155,63,0.8032,0,-1,-1
1420,67,1081,475,86,42,0.7663,0,-1,-1
1420,69,1743,330,47,24,0.7202,0,-1,-1
1420,71,870,469,90,42,0.7154,0,-1,-1
1420,73,437,530,135,58,0.7447,0,-1,-1
1420,68,785,498,102,41,0.7341,0,-1,-1
1420,78,556,355,58,31,0.6531,0,-1,-1
1420,88,549,400,70,27,0.6370,0,-1,-1
1420,72,881,688,88,88,0.7461,0,-1,-1
1420,87,1315,442,70,39,0.7106,0,-1,-1
1420,63,193,857,240,147,0.7994,0,-1,-1
1420,83,4,578,135,47,0.7154,2,-1,-1
1420,70,57,531,136,61,0.6039,2,-1,-1
1420,79,189,479,97,50,0.7295,0,-1,-1
1421,60,505,694,171,98,0.8311,0,-1,-1
1421,61,1607,367,48,27,0.7578,0,-1,-1
1421,62,1401,614,159,73,0.8311,0,-1,-1
1421,64,49,763,171,102,0.7800,0,-1,-1
1421,65,1066,596,162,76,0.7969,0,-1,-1
1421,66,671,597,154,62,0.8081,0,-1,-1
1421,67,1082,475,85,42,0.7592,0,-1,-1
1421,69,1745,330,46,24,0.7090,0,-1,-1
1421,71,871,470,88,42,0.7122,0,-1,-1
1421,73,438,530,134,58,0.7417,0,-1,-1
1421,68,786,497,103,42,0.7447,0,-1,-1
1421,78,557,354,57,31,0.6514,0,-1,-1
1421,88,548,400,72,28,0.6225,0,-1,-1
1421,72,881,687,88,89,0.7122,0,-1,-1
1421,87,1316,442,70,38,0.7090,0,-1,-1
1421,63,193,856,240,147,0.7663,0,-1,-1
1421,83,4,577,136,48,0.6261,2,-1,-1
1421,79,190,478,95,51,0.7476,0,-1,-1
1422,60,504,693,172,98,0.8322,0,-1,-1
1422,61,1607,367,49,28,0.7341,0,-1,-1
1422,62,1401,614,159,73,0.8366,0,-1,-1
1422,64,46,763,174,103,0.7866,0,-1,-1
1422,65,1066,595,161,76,0.7892,0,-1,-1
1422,66,672,598,152,60,0.8129,0,-1,-1
1422,67,1082,475,85,42,0.7535,0,-1,-1
1422,69,1745,329,48,25,0.7535,0,-1,-1
1422,71,872,471,87,41,0.6926,0,-1,-1
1422,73,439,530,133,57,0.7341,0,-1,-1
1422,68,786,497,104,42,0.7387,0,-1,-1
1422,78,558,354,57,30,0.6077,0,-1,-1
1422,72,881,688,88,89,0.6567,0,-1,-1
1422,87,1316,442,70,38,0.6960,0,-1,-1
1422,63,193,855,239,146,0.7506,0,-1,-1
1422,79,191,479,93,49,0.7447,0,-1,-1
1423,60,503,693,174,100,0.8311,0,-1,-1
1423,61,1608,367,48,28,0.7326,0,-1,-1
1423,62,1401,615,158,71,0.8344,0,-1,-1
1423,64,44,762,179,107,0.7635,0,-1,-1
1423,65,1067,596,159,75,0.7879,0,-1,-1
1423,66,672,598,152,60,0.8141,0,-1,-1
1423,67,1082,475,85,42,0.7506,0,-1,-1
1423,69,1748,329,47,25,0.7520,0,-1,-1
1423,71,872,471,87,41,0.6876,0,-1,-1
1423,73,439,529,134,58,0.7372,0,-1,-1
1423,68,787,497,103,41,0.7549,0,-1,-1
1423,78,558,354,57,30,0.6225,0,-1,-1
1423,87,1317,442,69,38,0.6976,0,-1,-1
1423,63,193,854,238,146,0.7138,0,-1,-1
1423,79,193,480,90,48,0.7090,0,-1,-1
1423,90,250,391,58,38,0.6114,0,-1,-1
1423,86,1323,405,65,33,0.6114,0,-1,-1
1423,81,822,548,146,49,0.6460,0,-1,-1
1423,70,64,533,131,59,0.6021,2,-1,-1
1423,88,549,401,70,27,0.6132,0,-1,-1
1424,60,501,693,176,101,0.8344,0,-1,-1
1424,61,1608,367,48,28,0.7649,0,-1,-1
1424,62,1400,614,160,73,0.8344,0,-1,-1
1424,64,43,761,181,108,0.7718,0,-1,-1
1424,65,1065,596,161,76,0.7840,0,-1,-1
1424,66,671,597,154,61,0.8044,0,-1,-1
1424,67,1083,475,84,42,0.7506,0,-1,-1
1424,69,1750,330,45,24,0.7491,0,-1,-1
1424,71,872,471,87,41,0.6843,0,-1,-1
1424,73,439,529,134,57,0.7387,0,-1,-1
1424,68,787,497,102,40,0.7461,0,-1,-1
1424,78,559,354,56,30,0.6298,0,-1,-1
1424,87,1317,442,69,37,0.7025,0,-1,-1
1424,63,193,854,237,145,0.7387,0,-1,-1
1424,79,193,480,89,47,0.6460,0,-1,-1
1424,90,250,390,58,38,0.6058,0,-1,-1
1424,86,1322,404,67,34,0.6826,0,-1,-1
1424,81,821,548,148,49,0.6132,0,-1,-1
1424,70,64,533,131,59,0.6151,2,-1,-1
1424,88,549,401,70,27,0.6058,0,-1,-1
1424,72,878,686,91,91,0.6077,0,-1,-1
1425,60,502,695,174,99,0.8278,0,-1,-1
1425,61,1610,368,48,28,0.7827,0,-1,-1
1425,62,1399,614,162,73,0.8333,0,-1,-1
1425,64,43,761,180,108,0.7447,0,-1,-1
1425,65,1067,597,159,75,0.7905,0,-1,-1
1425,66,670,597,155,62,0.8069,0,-1,-1
1425,67,1084,475,84,42,0.7417,0,-1,-1
1425,69,1750,330,46,24,0.7663,0,-1,-1
1425,71,871,470,88,41,0.7090,0,-1,-1
1425,73,439,529,134,57,0.7372,0,-1,-1
1425,68,787,496,102,42,0.7417,0,-1,-1
1425,78,559,354,57,30,0.6225,0,-1,-1
1425,87,1318,443,69,37,0.6976,0,-1,-1
1425,63,189,852,240,147,0.7476,0,-1,-1
1425,79,195,481,86,45,0.6280,0,-1,-1
1425,86,1322,404,66,34,0.6637,0,-1,-1
1425,70,64,532,132,59,0.7074,2,-1,-1
1425,72,877,685,94,95,0.6206,0,-1,-1
1426,60,502,695,173,99,0.8311,0,-1,-1
1426,61,1611,368,47,28,0.7746,0,-1,-1
1426,62,1398,614,164,73,0.8300,0,-1,-1
1426,64,41,759,186,113,0.7853,0,-1,-1
1426,65,1067,597,160,76,0.7944,0,-1,-1
1426,66,671,598,154,60,0.8007,0,-1,-1
1426,67,1083,475,86,42,0.7402,0,-1,-1
1426,69,1750,329,48,25,0.7663,0,-1,-1
1426,71,871,469,90,42,0.7138,0,-1,-1
1426,73,439,528,135,59,0.7402,0,-1,-1
1426,68,788,496,102,42,0.7447,0,-1,-1
1426,78,560,353,57,31,0.6424,0,-1,-1
1426,87,1317,443,71,37,0.6960,0,-1,-1
1426,63,189,853,239,146,0.7564,0,-1,-1
1426,79,194,480,87,47,0.6671,0,-1,-1
1426,86,1322,404,67,34,0.6619,0,-1,-1
1426,70,65,530,131,60,0.7326,2,-1,-1
1426,72,877,685,93,96,0.6843,0,-1,-1
1426,92,10,442,102,45,0.7025,2,-1,-1
1426,83,4,576,137,47,0.6424,2,-1,-1
1427,60,501,695,174,99,0.8311,0,-1,-1
1427,61,1612,368,48,28,0.7705,0,-1,-1
1427,62,1398,613,164,75,0.8300,0,-1,-1
1427,64,40,758,188,115,0.7786,0,-1,-1
1427,65,1066,598,161,75,0.7957,0,-1,-1
1427,66,670,597,156,61,0.8007,0,-1,-1
1427,67,1083,475,86,42,0.7461,0,-1,-1
1427,69,1750,329,48,25,0.7635,0,-1,-1
1427,71,871,468,90,43,0.7106,0,-1,-1
1427,73,437,528,138,59,0.7447,0,-1,-1
1427,68,787,496,106,43,0.7432,0,-1,-1
1427,78,560,353,57,31,0.6549,0,-1,-1
1427,87,1318,442,70,39,0.6943,0,-1,-1
1427,63,188,852,240,148,0.7009,0,-1,-1
1427,79,194,479,89,48,0.6169,0,-1,-1
1427,86,1322,404,67,33,0.6424,0,-1,-1
1427,70,65,531,130,59,0.7311,2,-1,-1
1427,72,877,685,93,96,0.6514,0,-1,-1
1427,92,10,442,102,45,0.7009,2,-1,-1
1428,60,500,694,174,99,0.8322,0,-1,-1
1428,61,1613,368,49,28,0.7549,0,-1,-1
1428,62,1399,614,164,75,0.8256,0,-1,-1
1428,64,39,757,188,115,0.8187,0,-1,-1
1428,65,1067,598,161,75,0.7982,0,-1,-1
1428,66,670,596,155,61,0.8056,0,-1,-1
1428,67,1083,474,86,44,0.7461,0,-1,-1
1428,69,1751,329,48,25,0.7813,0,-1,-1
1428,71,870,467,92,44,0.7154,0,-1,-1
1428,73,438,528,137,59,0.7447,0,-1,-1
1428,68,787,495,108,44,0.7432,0,-1,-1
1428,78,561,353,56,30,0.6243,0,-1,-1
1428,87,1318,442,71,39,0.6893,0,-1,-1
1428,86,1322,404,67,33,0.6316,0,-1,-1
1428,70,65,530,131,60,0.7341,2,-1,-1
1428,72,878,685,90,94,0.7074,0,-1,-1
1428,92,11,442,103,45,0.6602,2,-1,-1
1428,75,347,442,78,42,0.6460,0,-1,-1
1428,83,5,576,136,47,0.6370,2,-1,-1
1429,60,498,693,177,101,0.8300,0,-1,-1
1429,61,1613,368,49,28,0.7800,0,-1,-1
1429,62,1399,614,165,75,0.8233,0,-1,-1
1429,64,39,756,188,116,0.8187,0,-1,-1
1429,65,1065,596,164,77,0.7957,0,-1,-1
1429,66,669,596,156,61,0.8044,0,-1,-1
1429,67,1083,474,87,44,0.7491,0,-1,-1
1429,69,1751,328,49,26,0.7691,0,-1,-1
1429,71,871,467,91,44,0.7058,0,-1,-1
1429,73,442,529,132,57,0.7372,0,-1,-1
1429,68,788,494,106,44,0.7578,0,-1,-1
1429,78,562,353,56,30,0.6316,0,-1,-1
1429,87,1319,442,70,38,0.6976,0,-1,-1
1429,86,1322,404,67,34,0.6370,0,-1,-1
1429,70,64,530,131,60,0.7402,2,-1,-1
1429,72,877,685,91,93,0.7677,0,-1,-1
1429,92,12,442,104,45,0.6298,2,-1,-1
1429,75,348,440,78,44,0.6549,0,-1,-1
1429,83,5,575,138,48,0.7025,2,-1,-1
1430,60,497,691,179,103,0.8300,0,-1,-1
1430,61,1613,368,49,28,0.7879,0,-1,-1
1430,62,1400,615,163,74,0.8233,0,-1,-1
1430,64,40,756,186,115,0.8222,0,-1,-1
1430,65,1066,597,162,76,0.7957,0,-1,-1
1430,66,668,596,158,61,0.8007,0,-1,-1
1430,67,1082,474,88,44,0.7447,0,-1,-1
1430,69,1752,328,49,26,0.7732,0,-1,-1
1430,71,871,467,90,44,0.7058,0,-1,-1
1430,73,443,529,130,57,0.7356,0,-1,-1
1430,68,788,494,106,43,0.7592,0,-1,-1
1430,78,562,353,56,30,0.6334,0,-1,-1
1430,87,1319,442,70,38,0.7009,0,-1,-1
1430,70,64,530,131,61,0.7549,2,-1,-1
1430,72,877,685,91,93,0.7879,0,-1,-1
1430,92,12,442,104,45,0.6809,2,-1,-1
1430,75,349,440,77,44,0.6370,0,-1,-1
1430,83,5,574,138,48,0.6976,2,-1,-1
1431,60,496,691,179,104,0.8311,0,-1,-1
1431,61,1614,368,50,29,0.7879,0,-1,-1
1431,62,1399,614,165,76,0.8152,0,-1,-1
1431,64,41,755,185,115,0.8300,0,-1,-1
1431,65,1065,596,164,77,0.7866,0,-1,-1
1431,66,668,596,158,62,0.7994,0,-1,-1
1431,67,1083,474,87,44,0.7447,0,-1,-1
1431,69,1754,329,49,25,0.7746,0,-1,-1
1431,71,872,467,90,44,0.7009,0,-1,-1
1431,73,443,529,130,57,0.7402,0,-1,-1
1431,68,787,494,107,44,0.7649,0,-1,-1
1431,78,562,353,58,31,0.6514,0,-1,-1
1431,87,1320,443,69,37,0.7042,0,-1,-1
1431,70,66,530,131,61,0.7432,2,-1,-1
1431,72,877,684,90,93,0.7879,0,-1,-1
1431,75,350,440,76,43,0.6602,0,-1,-1
1431,83,3,575,141,48,0.6388,2,-1,-1
1431,81,824,549,148,50,0.6188,0,-1,-1
1431,63,184,850,242,148,0.6280,0,-1,-1
1432,60,498,692,175,100,0.8289,0,-1,-1
1432,61,1616,368,49,28,0.7866,0,-1,-1
1432,62,1399,614,166,76,0.8199,0,-1,-1
1432,64,41,755,184,115,0.8300,0,-1,-1
1432,65,1064,597,166,77,0.7853,0,-1,-1
1432,66,666,596,160,62,0.8007,0,-1,-1
1432,67,1084,474,86,44,0.7447,0,-1,-1
1432,69,1754,328,50,26,0.7372,0,-1,-1
1432,71,872,467,90,44,0.6976,0,-1,-1
1432,73,443,529,131,56,0.7432,0,-1,-1
1432,68,787,494,107,44,0.7649,0,-1,-1
1432,78,563,353,58,31,0.6225,0,-1,-1
1432,87,1321,443,68,36,0.6976,0,-1,-1
1432,70,69,529,131,62,0.7025,2,-1,-1
1432,72,876,684,92,94,0.7800,0,-1,-1
1432,75,351,440,75,43,0.6549,0,-1,-1
1433,60,499,693,173,98,0.8289,0,-1,-1
1433,61,1616,367,49,29,0.7879,0,-1,-1
1433,62,1399,614,166,76,0.8187,0,-1,-1
1433,64,40,755,184,115,0.8311,0,-1,-1
1433,65,1065,597,164,77,0.7866,0,-1,-1
1433,66,666,595,160,63,0.8019,0,-1,-1
1433,67,1084,474,86,44,0.7461,0,-1,-1
1433,69,1754,328,50,27,0.7311,0,-1,-1
1433,71,873,467,89,44,0.6993,0,-1,-1
1433,73,442,528,133,57,0.7432,0,-1,-1
1433,68,786,493,109,45,0.7663,0,-1,-1
1433,78,564,353,57,31,0.6225,0,-1,-1
1433,87,1321,443,69,37,0.7025,0,-1,-1
1433,70,69,528,131,62,0.7217,2,-1,-1
1433,72,876,684,92,95,0.7759,0,-1,-1
1433,75,352,440,74,43,0.6531,0,-1,-1
1433,83,2,575,143,49,0.6039,2,-1,-1
1434,60,503,693,168,96,0.8397,0,-1,-1
1434,61,1616,368,49,28,0.8044,0,-1,-1
1434,62,1399,615,165,75,0.8278,0,-1,-1
1434,64,40,754,183,115,0.8222,0,-1,-1
1434,65,1067,598,160,75,0.7853,0,-1,-1
1434,66,666,596,159,61,0.7931,0,-1,-1
1434,67,1084,474,87,44,0.7387,0,-1,-1
1434,69,1757,330,47,25,0.7564,0,-1,-1
1434,71,872,466,92,44,0.6960,0,-1,-1
1434,73,442,528,132,58,0.7535,0,-1,-1
1434,68,787,494,107,44,0.7879,0,-1,-1
1434,78,564,353,57,31,0.6654,0,-1,-1
1434,87,1320,443,71,37,0.7170,0,-1,-1
1434,70,70,527,131,62,0.6860,2,-1,-1
1434,72,876,684,92,94,0.7578,0,-1,-1
1434,75,354,439,76,45,0.7341,0,-1,-1
1434,83,3,575,142,49,0.6039,2,-1,-1
1435,60,502,692,169,97,0.8429,0,-1,-1
1435,61,1618,368,48,28,0.7813,0,-1,-1
1435,62,1399,615,165,75,0.8256,0,-1,-1
1435,64,40,753,184,115,0.8267,0,-1,-1
1435,65,1067,598,159,74,0.7853,0,-1,-1
1435,66,667,596,158,61,0.7866,0,-1,-1
1435,67,1084,474,87,44,0.7387,0,-1,-1
1435,69,1758,330,47,25,0.7746,0,-1,-1
1435,71,871,465,93,45,0.6860,0,-1,-1
1435,73,441,528,134,58,0.7506,0,-1,-1
1435,68,787,494,107,44,0.7944,0,-1,-1
1435,78,565,353,57,30,0.6860,0,-1,-1
1435,87,1320,443,71,37,0.7090,0,-1,-1
1435,70,71,525,129,63,0.7341,2,-1,-1
1435,72,875,683,92,95,0.7606,0,-1,-1
1435,75,354,439,78,45,0.7186,0,-1,-1
1435,81,823,546,153,51,0.6095,2,-1,-1
1436,60,502,692,169,96,0.8397,0,-1,-1
1436,61,1617,368,48,28,0.7718,0,-1,-1
1436,62,1400,615,164,74,0.8267,0,-1,-1
1436,64,40,752,184,116,0.8256,0,-1,-1
1436,65,1066,597,160,74,0.7853,0,-1,-1
1436,66,667,596,158,61,0.7866,0,-1,-1
1436,67,1084,474,87,44,0.7372,0,-1,-1
1436,69,1759,330,48,25,0.7732,0,-1,-1
1436,71,870,464,95,46,0.6876,0,-1,-1
1436,73,442,529,132,57,0.7535,0,-1,-1
1436,68,787,493,108,45,0.7969,0,-1,-1
1436,78,565,353,57,30,0.6809,0,-1,-1
1436,87,1321,443,70,37,0.7058,0,-1,-1
1436,70,72,525,128,63,0.7356,2,-1,-1
1436,72,874,683,93,95,0.7663,0,-1,-1
1436,75,355,439,77,45,0.7122,0,-1,-1
1436,81,823,545,153,52,0.6002,2,-1,-1
1436,63,179,851,245,150,0.6261,0,-1,-1
1437,60,502,692,169,96,0.8344,0,-1,-1
1437,61,1620,368,46,28,0.7402,0,-1,-1
1437,62,1401,615,163,73,0.8199,0,-1,-1
1437,64,43,752,180,112,0.8289,0,-1,-1
1437,65,1066,597,160,74,0.7892,0,-1,-1
1437,66,667,596,158,60,0.7827,0,-1,-1
1437,67,1085,474,87,44,0.7447,0,-1,-1
1437,69,1761,331,46,24,0.7154,0,-1,-1
1437,71,871,465,92,45,0.6876,0,-1,-1
1437,73,440,528,136,59,0.7564,0,-1,-1
1437,68,786,493,110,45,0.8056,0,-1,-1
1437,78,565,353,58,31,0.6792,0,-1,-1
1437,87,1321,443,72,38,0.7009,0,-1,-1
1437,70,73,526,127,62,0.7931,2,-1,-1
1437,72,873,683,93,96,0.7705,0,-1,-1
1437,75,369,437,86,47,0.7090,0,-1,-1
1437,81,819,544,159,54,0.6132,2,-1,-1
1437,83,4,573,141,48,0.6316,2,-1,-1
1438,60,498,691,174,99,0.8300,0,-1,-1
1438,61,1620,368,47,28,0.7280,0,-1,-1
1438,62,1400,614,166,76,0.8210,0,-1,-1
1438,64,45,754,176,110,0.8187,0,-1,-1
1438,65,1065,597,162,74,0.7892,0,-1,-1
1438,66,667,596,158,61,0.7732,0,-1,-1
1438,67,1085,474,88,44,0.7476,0,-1,-1
1438,69,1762,331,46,24,0.7447,0,-1,-1
1438,71,871,466,93,45,0.7186,0,-1,-1
1438,73,440,527,136,59,0.7621,0,-1,-1
1438,68,786,493,110,45,0.8056,0,-1,-1
1438,78,566,353,58,31,0.6893,0,-1,-1
1438,87,1322,442,71,38,0.7009,0,-1,-1
1438,70,75,526,125,62,0.7840,2,-1,-1
1438,72,872,684,93,97,0.7649,0,-1,-1
1438,75,374,436,91,48,0.6723,0,-1,-1
1438,81,823,546,153,52,0.7154,2,-1,-1
1438,83,4,573,142,47,0.6758,2,-1,-1
1438,79,197,475,95,51,0.6039,0,-1,-1
1439,60,496,691,177,101,0.8278,0,-1,-1
1439,61,1620,368,47,28,0.7264,0,-1,-1
1439,62,1400,614,166,76,0.8164,0,-1,-1
1439,64,45,753,175,110,0.8164,0,-1,-1
1439,65,1065,597,162,74,0.7866,0,-1,-1
1439,66,666,596,159,61,0.7732,0,-1,-1
1439,67,1086,474,86,43,0.7447,0,-1,-1
1439,69,1761,331,47,24,0.7491,0,-1,-1
1439,71,870,465,94,46,0.7202,0,-1,-1
1439,73,441,527,135,59,0.7649,0,-1,-1
1439,68,787,493,109,45,0.8081,0,-1,-1
1439,78,566,353,58,31,0.7042,0,-1,-1
1439,87,1322,442,71,38,0.6943,0,-1,-1
1439,70,75,526,125,62,0.7969,2,-1,-1
1439,72,873,685,92,95,0.7506,0,-1,-1
1439,75,371,438,93,46,0.6809,0,-1,-1
1439,81,824,546,151,52,0.6860,2,-1,-1
1439,83,4,573,142,47,0.6514,2,-1,-1
1439,79,198,475,93,51,0.6058,0,-1,-1
1439,86,1325,405,70,35,0.6058,0,-1,-1
1440,60,495,689,179,102,0.8267,0,-1,-1
1440,61,1620,368,47,28,0.7387,0,-1,-1
1440,62,1399,614,168,76,0.8117,0,-1,-1
1440,64,44,754,177,111,0.8245,0,-1,-1
1440,65,1064,596,163,76,0.7786,0,-1,-1
1440,66,665,595,161,62,0.7786,0,-1,-1
1440,67,1086,474,86,43,0.7432,0,-1,-1
1440,69,1764,331,46,24,0.7295,0,-1,-1
1440,71,870,464,95,47,0.7264,0,-1,-1
1440,73,442,527,134,58,0.7663,0,-1,-1
1440,68,787,493,109,45,0.8105,0,-1,-1
1440,78,568,353,57,30,0.7217,0,-1,-1
1440,87,1323,442,70,37,0.6876,0,-1,-1
1440,70,76,525,124,62,0.7621,2,-1,-1
1440,72,874,685,90,93,0.7476,0,-1,-1
1440,75,361,440,90,45,0.6496,0,-1,-1
1440,81,825,547,149,51,0.6809,2,-1,-1
1440,83,3,572,145,49,0.6352,2,-1,-1
1440,86,1325,405,70,35,0.6021,0,-1,-1
1441,60,497,689,175,100,0.8333,0,-1,-1
1441,61,1621,369,46,26,0.7154,0,-1,-1
1441,62,1399,614,168,76,0.8187,0,-1,-1
1441,64,44,755,175,109,0.8141,0,-1,-1
1441,65,1062,595,167,78,0.7800,0,-1,-1
1441,66,664,595,163,62,0.7840,0,-1,-1
1441,67,1086,474,87,44,0.7387,0,-1,-1
1441,69,1765,331,45,23,0.7311,0,-1,-1
1441,71,870,463,95,48,0.7326,0,-1,-1
1441,73,443,528,133,57,0.7759,0,-1,-1
1441,68,788,493,108,45,0.8069,0,-1,-1
1441,78,568,352,58,31,0.7170,0,-1,-1
1441,87,1323,442,70,36,0.6860,0,-1,-1
1441,70,79,527,120,60,0.6976,2,-1,-1
1441,72,875,686,87,89,0.7491,0,-1,-1
1441,75,357,441,87,44,0.6280,0,-1,-1
1441,81,821,545,153,53,0.6316,2,-1,-1
1441,83,3,572,145,49,0.6826,2,-1,-1
1442,60,498,688,172,99,0.8333,0,-1,-1
1442,61,1622,369,46,26,0.6993,0,-1,-1
1442,62,1399,613,169,77,0.8176,0,-1,-1
1442,64,44,755,173,107,0.8141,0,-1,-1
1442,65,1064,596,164,76,0.7800,0,-1,-1
1442,66,664,595,163,62,0.7840,0,-1,-1
1442,67,1086,473,87,44,0.7402,0,-1,-1
1442,69,1765,331,46,23,0.7372,0,-1,-1
1442,71,870,463,95,48,0.7341,0,-1,-1
1442,73,444,528,132,57,0.7759,0,-1,-1
1442,68,788,493,108,45,0.8044,0,-1,-1
1442,78,569,352,58,31,0.7202,0,-1,-1
1442,87,1323,442,71,36,0.6860,0,-1,-1
1442,70,80,528,118,59,0.6926,2,-1,-1
1442,72,875,686,87,89,0.7447,0,-1,-1
1442,75,356,441,86,44,0.6388,0,-1,-1
1442,81,820,545,154,53,0.6388,2,-1,-1
1442,83,2,572,147,49,0.6943,2,-1,-1
1443,60,499,690,170,97,0.8300,0,-1,-1
1443,61,1623,368,47,28,0.7042,0,-1,-1
1443,62,1399,613,168,78,0.8176,0,-1,-1
1443,64,44,754,172,106,0.8129,0,-1,-1
1443,65,1064,595,165,77,0.7786,0,-1,-1
1443,66,664,595,163,62,0.7773,0,-1,-1
1443,67,1086,473,87,45,0.7311,0,-1,-1
1443,69,1767,331,46,23,0.7249,0,-1,-1
1443,71,872,465,93,46,0.7326,0,-1,-1
1443,73,446,528,129,56,0.7746,0,-1,-1
1443,68,789,493,107,45,0.8056,0,-1,-1
1443,78,570,353,57,31,0.7311,0,-1,-1
1443,87,1324,442,70,37,0.6943,0,-1,-1
1443,70,78,527,121,61,0.7074,2,-1,-1
1443,72,875,685,88,89,0.7491,0,-1,-1
1443,75,357,442,83,42,0.6723,0,-1,-1
1443,81,820,544,154,54,0.6514,2,-1,-1
1443,83,0,572,149,49,0.7090,2,-1,-1
1443,86,1326,407,69,34,0.6002,0,-1,-1
1444,60,499,690,170,98,0.8300,0,-1,-1
1444,61,1623,368,47,28,0.6943,0,-1,-1
1444,62,1400,613,167,77,0.8210,0,-1,-1
1444,64,43,754,172,105,0.8093,0,-1,-1
1444,65,1066,595,162,76,0.7840,0,-1,-1
1444,66,666,596,161,61,0.7759,0,-1,-1
1444,67,1086,473,86,44,0.7311,0,-1,-1
1444,69,1768,331,46,23,0.7356,0,-1,-1
1444,71,874,466,90,45,0.7249,0,-1,-1
1444,73,447,528,127,56,0.7691,0,-1,-1
1444,68,789,492,107,46,0.8093,0,-1,-1
1444,78,571,352,57,31,0.7341,0,-1,-1
1444,87,1325,443,70,36,0.6910,0,-1,-1
1444,70,74,525,125,64,0.7447,2,-1,-1
1444,72,874,684,88,89,0.7025,0,-1,-1
1444,75,357,442,82,42,0.6531,0,-1,-1
1444,81,824,545,149,52,0.6460,2,-1,-1
1444,83,0,572,147,49,0.6993,2,-1,-1
1444,86,1326,407,69,34,0.6169,0,-1,-1
1445,60,498,689,172,99,0.8256,0,-1,-1
1445,61,1623,368,47,28,0.6758,0,-1,-1
1445,62,1400,614,166,76,0.8210,0,-1,-1
1445,64,41,754,177,108,0.8164,0,-1,-1
1445,65,1066,595,162,75,0.7879,0,-1,-1
1445,66,666,596,161,61,0.7732,0,-1,-1
1445,67,1086,474,86,44,0.7326,0,-1,-1
1445,69,1767,330,47,24,0.7549,0,-1,-1
1445,71,874,464,92,47,0.7186,0,-1,-1
1445,73,448,529,126,54,0.7691,0,-1,-1
1445,68,790,493,106,45,0.8044,0,-1,-1
1445,78,571,352,57,30,0.7295,0,-1,-1
1445,87,1325,442,71,36,0.6943,0,-1,-1
1445,70,73,525,126,64,0.7746,2,-1,-1
1445,72,873,684,89,89,0.7042,0,-1,-1
1445,81,820,544,155,54,0.6243,2,-1,-1
1445,83,0,571,149,50,0.7417,2,-1,-1
1445,86,1327,407,69,34,0.6225,0,-1,-1
1446,60,499,690,169,97,0.8322,0,-1,-1
1446,61,1625,368,48,28,0.6188,0,-1,-1
1446,62,1400,614,166,77,0.8199,0,-1,-1
1446,64,39,754,178,108,0.8199,0,-1,-1
1446,65,1066,595,162,75,0.7813,0,-1,-1
1446,66,667,596,159,60,0.7800,0,-1,-1
1446,67,1086,474,86,44,0.7264,0,-1,-1
1446,69,1768,330,48,24,0.7564,0,-1,-1
1446,71,875,464,91,46,0.7122,0,-1,-1
1446,73,448,529,127,54,0.7691,0,-1,-1
1446,68,789,492,107,45,0.7944,0,-1,-1
1446,78,572,352,56,30,0.7326,0,-1,-1
1446,87,1324,442,72,36,0.6976,0,-1,-1
1446,70,74,526,124,63,0.7759,2,-1,-1
1446,72,873,685,88,88,0.7564,0,-1,-1
1446,83,2,571,146,49,0.7233,2,-1,-1
1447,60,496,691,171,97,0.8322,0,-1,-1
1447,61,1625,368,49,28,0.6496,0,-1,-1
1447,62,1399,614,168,77,0.8222,0,-1,-1
1447,64,39,755,176,106,0.8199,0,-1,-1
1447,65,1065,595,162,75,0.7800,0,-1,-1
1447,66,666,595,161,61,0.7800,0,-1,-1
1447,67,1086,474,87,44,0.7356,0,-1,-1
1447,69,1771,331,45,23,0.7549,0,-1,-1
1447,71,876,464,90,46,0.7106,0,-1,-1
1447,73,449,528,126,54,0.7549,0,-1,-1
1447,68,790,492,106,45,0.7969,0,-1,-1
1447,78,572,352,57,30,0.7341,0,-1,-1
1447,87,1324,442,72,36,0.7025,0,-1,-1
1447,70,75,526,122,62,0.7813,2,-1,-1
1447,72,873,687,86,86,0.7233,0,-1,-1
1447,83,1,570,149,50,0.7311,2,-1,-1
1447,75,359,441,82,42,0.6352,0,-1,-1
1448,60,496,691,171,97,0.8355,0,-1,-1
1448,61,1625,367,49,30,0.6531,0,-1,-1
1448,62,1400,615,166,77,0.8199,0,-1,-1
1448,64,39,755,177,107,0.8199,0,-1,-1
1448,65,1065,595,162,75,0.7759,0,-1,-1
1448,66,665,595,163,61,0.7853,0,-1,-1
1448,67,1087,474,86,44,0.7341,0,-1,-1
1448,69,1770,330,47,24,0.7718,0,-1,-1
1448,71,876,464,90,46,0.6943,0,-1,-1
1448,73,449,528,127,54,0.7578,0,-1,-1
1448,68,790,492,106,45,0.8007,0,-1,-1
1448,78,572,352,57,30,0.7341,0,-1,-1
1448,87,1324,442,73,36,0.7042,0,-1,-1
1448,70,73,525,124,63,0.7827,2,-1,-1
1448,72,873,688,84,84,0.6876,0,-1,-1
1448,83,2,571,148,49,0.7154,2,-1,-1
1448,75,359,441,83,42,0.6406,0,-1,-1
1448,79,206,476,86,48,0.6188,0,-1,-1
1449,60,494,690,173,99,0.8300,0,-1,-1
1449,62,1400,616,166,76,0.8245,0,-1,-1
1449,64,39,753,180,109,0.8210,0,-1,-1
1449,65,1067,596,158,73,0.7759,0,-1,-1
1449,66,665,594,163,62,0.7718,0,-1,-1
1449,67,1088,474,85,44,0.7295,0,-1,-1
1449,69,1771,330,48,25,0.7691,0,-1,-1
1449,71,878,466,87,44,0.6843,0,-1,-1
1449,73,448,527,129,55,0.7491,0,-1,-1
1449,68,790,492,106,45,0.8056,0,-1,-1
1449,78,572,352,57,31,0.7264,0,-1,-1
1449,87,1324,441,73,38,0.7009,0,-1,-1
1449,70,73,525,125,63,0.7918,2,-1,-1
1449,72,871,686,87,86,0.6943,0,-1,-1
1449,83,3,570,150,51,0.6602,2,-1,-1
1449,75,361,441,81,43,0.6671,0,-1,-1
1449,79,208,477,84,47,0.7058,0,-1,-1
1449,86,1329,405,71,34,0.6514,0,-1,-1
1450,60,494,691,172,98,0.8267,0,-1,-1
1450,62,1400,615,166,77,0.8289,0,-1,-1
1450,64,39,751,181,110,0.8322,0,-1,-1
1450,65,1066,596,159,73,0.7773,0,-1,-1
1450,66,665,595,163,62,0.7663,0,-1,-1
1450,67,1090,474,84,42,0.7295,0,-1,-1
1450,69,1773,331,47,23,0.7691,0,-1,-1
1450,71,878,466,88,44,0.6826,0,-1,-1
1450,73,448,527,130,55,0.7432,0,-1,-1
1450,68,790,492,106,45,0.8056,0,-1,-1
1450,78,572,351,58,32,0.7280,0,-1,-1
1450,87,1323,441,74,38,0.6943,0,-1,-1
1450,70,73,523,127,65,0.7840,2,-1,-1
1450,72,870,685,87,87,0.7122,0,-1,-1
1450,83,1,570,154,52,0.7106,2,-1,-1
1450,75,362,442,81,42,0.6334,0,-1,-1
1450,79,209,477,85,47,0.6910,0,-1,-1
1450,86,1329,405,72,34,0.6654,0,-1,-1
1450,61,1626,367,48,28,0.6225,0,-1,-1
1451,60,493,690,173,98,0.8256,0,-1,-1
1451,62,1399,615,168,78,0.8267,0,-1,-1
1451,64,39,751,180,110,0.8278,0,-1,-1
1451,65,1066,596,160,73,0.7759,0,-1,-1
1451,66,665,595,163,62,0.7649,0,-1,-1
1451,67,1090,473,84,43,0.7295,0,-1,-1
1451,69,1773,331,47,23,0.7649,0,-1,-1
1451,71,880,469,83,42,0.6843,0,-1,-1
1451,73,448,526,130,56,0.7387,0,-1,-1
1451,68,790,492,105,45,0.8056,0,-1,-1
1451,78,574,352,56,30,0.7280,0,-1,-1
1451,87,1324,441,74,38,0.6860,0,-1,-1
1451,70,74,523,127,65,0.7800,2,-1,-1
1451,72,869,685,88,87,0.7074,0,-1,-1
1451,83,2,569,153,52,0.7090,2,-1,-1
1451,75,362,442,81,42,0.6243,0,-1,-1
1451,79,210,477,85,47,0.6758,0,-1,-1
1451,86,1329,404,72,35,0.6514,0,-1,-1
1451,61,1626,367,47,27,0.6298,0,-1,-1
1452,60,493,689,173,98,0.8333,0,-1,-1
1452,62,1399,615,166,77,0.8322,0,-1,-1
1452,64,38,752,180,110,0.8233,0,-1,-1
1452,65,1065,595,161,75,0.7732,0,-1,-1
1452,66,664,595,164,63,0.7535,0,-1,-1
1452,67,1091,474,84,42,0.7249,0,-1,-1
1452,69,1774,330,48,24,0.7649,0,-1,-1
1452,71,881,469,82,42,0.7106,0,-1,-1
1452,73,447,526,131,56,0.7417,0,-1,-1
1452,68,789,491,107,46,0.8007,0,-1,-1
1452,78,575,352,55,31,0.7025,0,-1,-1
1452,87,1324,442,74,37,0.6758,0,-1,-1
1452,70,75,524,125,63,0.7461,2,-1,-1
1452,72,868,686,88,87,0.7074,0,-1,-1
1452,83,2,569,154,52,0.7058,2,-1,-1
1452,75,363,442,80,42,0.6316,0,-1,-1
1452,86,1330,404,72,35,0.6514,0,-1,-1
1452,81,824,544,153,54,0.6206,2,-1,-1
1453,60,492,689,174,99,0.8300,0,-1,-1
1453,62,1400,616,164,76,0.8256,0,-1,-1
1453,64,37,752,182,112,0.8199,0,-1,-1
1453,65,1064,595,164,75,0.7635,0,-1,-1
1453,66,665,596,162,61,0.7677,0,-1,-1
1453,67,1092,474,83,42,0.7233,0,-1,-1
1453,69,1775,329,49,25,0.7746,0,-1,-1
1453,71,881,469,82,41,0.7217,0,-1,-1
1453,73,447,526,132,56,0.7461,0,-1,-1
1453,68,790,491,107,46,0.7982,0,-1,-1
1453,78,575,353,56,30,0.6792,0,-1,-1
1453,87,1325,442,74,37,0.6860,0,-1,-1
1453,70,76,524,125,64,0.7202,2,-1,-1
1453,72,866,685,91,90,0.7106,0,-1,-1
1453,83,0,568,157,53,0.7154,2,-1,-1
1453,75,364,442,79,42,0.6114,0,-1,-1
1453,86,1330,404,72,35,0.6225,0,-1,-1
1454,60,494,689,171,98,0.8387,0,-1,-1
1454,62,1400,616,164,75,0.8322,0,-1,-1
1454,64,38,752,181,111,0.8245,0,-1,-1
1454,65,1062,593,169,78,0.7746,0,-1,-1
1454,66,665,595,162,62,0.7705,0,-1,-1
1454,67,1092,474,83,42,0.7233,0,-1,-1
1454,69,1775,330,49,24,0.7732,0,-1,-1
1454,71,881,469,83,41,0.7249,0,-1,-1
1454,73,446,526,133,56,0.7506,0,-1,-1
1454,68,791,491,106,46,0.7944,0,-1,-1
1454,78,575,353,57,31,0.6926,0,-1,-1
1454,87,1326,443,73,37,0.6860,0,-1,-1
1454,70,75,525,126,64,0.6943,2,-1,-1
1454,72,865,684,92,92,0.7233,0,-1,-1
1454,83,1,568,155,53,0.6976,2,-1,-1
1454,86,1331,404,72,35,0.6316,0,-1,-1
1454,95,1010,403,73,40,0.6058,0,-1,-1
1455,60,492,690,173,98,0.8366,0,-1,-1
1455,62,1401,616,162,75,0.8355,0,-1,-1
1455,64,38,753,179,109,0.8267,0,-1,-1
1455,65,1059,592,173,81,0.7718,0,-1,-1
1455,66,664,594,163,62,0.7677,0,-1,-1
1455,67,1093,474,83,42,0.7217,0,-1,-1
1455,69,1775,329,50,25,0.7718,0,-1,-1
1455,71,881,468,82,42,0.7295,0,-1,-1
1455,73,446,526,132,56,0.7491,0,-1,-1
1455,68,790,491,107,46,0.7994,0,-1,-1
1455,78,577,352,56,31,0.7058,0,-1,-1
1455,87,1326,442,74,37,0.6860,0,-1,-1
1455,70,74,524,128,66,0.6478,2,-1,-1
1455,72,866,684,90,90,0.6926,0,-1,-1
1455,83,3,569,153,52,0.6654,2,-1,-1
1455,81,818,542,160,57,0.6002,2,-1,-1
1456,60,491,690,174,98,0.8333,0,-1,-1
1456,62,1402,617,160,73,0.8376,0,-1,-1
1456,64,39,753,177,108,0.8278,0,-1,-1
1456,65,1057,591,175,82,0.7732,0,-1,-1
1456,66,664,594,163,62,0.7732,0,-1,-1
1456,67,1093,474,83,42,0.7217,0,-1,-1
1456,69,1775,329,51,25,0.7718,0,-1,-1
1456,71,882,468,82,41,0.7311,0,-1,-1
1456,73,447,525,132,57,0.7432,0,-1,-1
1456,68,791,491,106,46,0.7957,0,-1,-1
1456,78,578,353,56,30,0.6876,0,-1,-1
1456,87,1326,441,74,38,0.7090,0,-1,-1
1456,70,78,524,125,65,0.6792,2,-1,-1
1456,72,865,683,92,92,0.6723,0,-1,-1
1456,83,4,569,153,52,0.6654,2,-1,-1
1456,81,817,542,160,57,0.6298,2,-1,-1
1456,95,1014,405,68,38,0.6002,0,-1,-1
1457,60,490,690,175,98,0.8322,0,-1,-1
1457,62,1402,617,161,73,0.8355,0,-1,-1
1457,64,39,753,177,107,0.8245,0,-1,-1
1457,65,1056,591,176,83,0.7746,0,-1,-1
1457,66,664,594,163,62,0.7705,0,-1,-1
1457,67,1094,474,83,42,0.7202,0,-1,-1
1457,69,1777,329,50,25,0.7578,0,-1,-1
1457,71,882,468,82,41,0.7280,0,-1,-1
1457,73,447,526,131,55,0.7432,0,-1,-1
1457,68,790,491,108,46,0.7840,0,-1,-1
1457,78,579,353,56,30,0.6893,0,-1,-1
1457,87,1326,441,74,38,0.7106,0,-1,-1
1457,70,80,524,123,64,0.6943,2,-1,-1
1457,72,865,681,93,94,0.6758,0,-1,-1
1457,83,4,569,154,53,0.6809,2,-1,-1
1457,81,818,542,157,57,0.6442,2,-1,-1
1457,95,1014,404,69,39,0.6077,0,-1,-1
1457,63,179,854,226,136,0.6316,0,-1,-1
1458,60,487,689,179,101,0.8199,0,-1,-1
1458,62,1402,617,161,73,0.8311,0,-1,-1
1458,64,39,753,177,107,0.8141,0,-1,-1
1458,65,1059,592,170,81,0.7732,0,-1,-1
1458,66,665,594,161,62,0.7732,0,-1,-1
1458,67,1093,475,84,42,0.7186,0,-1,-1
1458,69,1778,329,50,25,0.7491,0,-1,-1
1458,71,881,468,83,41,0.7202,0,-1,-1
1458,73,448,527,129,55,0.7476,0,-1,-1
1458,68,791,491,106,46,0.7866,0,-1,-1
1458,78,579,353,57,30,0.6514,0,-1,-1
1458,87,1326,441,74,38,0.7170,0,-1,-1
1458,70,80,524,123,64,0.6549,2,-1,-1
1458,72,866,682,92,92,0.7249,0,-1,-1
1458,83,4,570,155,53,0.7295,2,-1,-1
1458,81,818,542,157,57,0.6584,2,-1,-1
1458,95,1015,403,69,39,0.6002,0,-1,-1
1459,60,488,690,176,99,0.8322,0,-1,-1
1459,62,1402,617,161,73,0.8289,0,-1,-1
1459,64,39,752,176,107,0.8129,0,-1,-1
1459,65,1058,591,173,82,0.7705,0,-1,-1
1459,66,664,595,162,61,0.7691,0,-1,-1
1459,67,1093,475,84,42,0.7264,0,-1,-1
1459,69,1779,329,50,25,0.7564,0,-1,-1
1459,71,882,468,83,42,0.7154,0,-1,-1
1459,73,447,526,132,56,0.7549,0,-1,-1
1459,68,792,491,104,46,0.7746,0,-1,-1
1459,78,580,353,57,31,0.6654,0,-1,-1
1459,87,1326,442,74,36,0.7138,0,-1,-1
1459,72,866,682,91,91,0.7009,0,-1,-1
1459,83,7,570,149,51,0.6860,2,-1,-1
1459,81,819,543,156,56,0.6567,2,-1,-1
1459,95,1015,403,69,39,0.6188,0,-1,-1
1460,60,489,690,174,98,0.8322,0,-1,-1
1460,62,1403,617,160,73,0.8322,0,-1,-1
1460,64,39,752,176,106,0.8164,0,-1,-1
1460,65,1058,591,172,82,0.7677,0,-1,-1
1460,66,664,595,162,61,0.7635,0,-1,-1
1460,67,1093,475,84,42,0.7264,0,-1,-1
1460,69,1779,329,50,25,0.7520,0,-1,-1
1460,71,882,468,83,42,0.7186,0,-1,-1
1460,73,447,526,132,56,0.7506,0,-1,-1
1460,68,792,491,104,46,0.7649,0,-1,-1
1460,78,581,353,56,31,0.6514,0,-1,-1
1460,87,1327,442,73,36,0.7058,0,-1,-1
1460,72,866,682,90,90,0.6826,0,-1,-1
1460,83,7,570,150,51,0.6893,2,-1,-1
1460,81,819,542,156,57,0.6460,2,-1,-1
1460,95,1015,403,69,38,0.6132,0,-1,-1
1461,60,490,689,174,97,0.8459,0,-1,-1
1461,62,1404,618,158,72,0.8418,0,-1,-1
1461,64,38,752,177,106,0.8267,0,-1,-1
1461,65,1061,593,166,79,0.7718,0,-1,-1
1461,66,664,595,163,62,0.7621,0,-1,-1
1461,67,1093,474,85,44,0.7233,0,-1,-1
1461,69,1780,330,50,25,0.7432,0,-1,-1
1461,71,883,469,82,41,0.7138,0,-1,-1
1461,73,447,526,135,57,0.7280,0,-1,-1
1461,68,792,491,104,46,0.7879,0,-1,-1
1461,87,1327,443,74,36,0.6910,0,-1,-1
1461,72,864,683,90,92,0.6976,0,-1,-1
1461,83,7,570,154,51,0.6602,2,-1,-1
1461,86,1332,403,74,36,0.6021,0,-1,-1
1462,60,491,689,172,97,0.8500,0,-1,-1
1462,62,1404,618,158,72,0.8449,0,-1,-1
1462,64,37,751,177,107,0.8289,0,-1,-1
1462,65,1063,594,162,77,0.7732,0,-1,-1
1462,66,664,596,163,61,0.7732,0,-1,-1
1462,67,1092,474,86,44,0.7295,0,-1,-1
1462,69,1780,330,51,25,0.7264,0,-1,-1
1462,71,881,467,86,43,0.7170,0,-1,-1
1462,73,447,525,136,58,0.7341,0,-1,-1
1462,68,792,491,104,46,0.7800,0,-1,-1
1462,87,1327,442,74,37,0.6910,0,-1,-1
1462,72,863,684,91,91,0.7295,0,-1,-1
1462,83,6,568,158,54,0.6602,2,-1,-1
1463,60,491,689,173,97,0.8449,0,-1,-1
1463,62,1403,618,160,72,0.8449,0,-1,-1
1463,64,36,750,179,108,0.8366,0,-1,-1
1463,65,1063,594,162,77,0.7677,0,-1,-1
1463,66,665,596,161,61,0.7746,0,-1,-1
1463,67,1092,474,87,44,0.7264,0,-1,-1
1463,69,1783,330,50,25,0.7138,0,-1,-1
1463,71,881,467,88,44,0.7138,0,-1,-1
1463,73,447,525,136,58,0.7372,0,-1,-1
1463,68,792,491,104,46,0.7931,0,-1,-1
1463,87,1328,442,73,36,0.7025,0,-1,-1
1463,72,863,684,90,90,0.6960,0,-1,-1
1463,83,7,568,157,54,0.6843,2,-1,-1
1463,96,2,490,74,30,0.6370,2,-1,-1
1463,70,78,522,126,65,0.6478,2,-1,-1
1464,60,491,689,172,97,0.8429,0,-1,-1
1464,62,1401,617,162,73,0.8449,0,-1,-1
1464,64,37,750,178,106,0.8376,0,-1,-1
1464,65,1063,594,160,77,0.7649,0,-1,-1
1464,66,665,596,161,61,0.7746,0,-1,-1
1464,67,1092,474,87,44,0.7249,0,-1,-1
1464,69,1784,331,49,24,0.7009,0,-1,-1
1464,71,884,468,83,42,0.7186,0,-1,-1
1464,73,447,524,136,59,0.7578,0,-1,-1
1464,68,792,491,104,47,0.8007,0,-1,-1
1464,87,1328,442,74,36,0.7264,0,-1,-1
1464,72,864,683,89,90,0.6792,0,-1,-1
1464,83,5,567,160,54,0.6809,2,-1,-1
1464,96,3,490,74,30,0.6514,2,-1,-1
1464,97,403,373,63,34,0.6671,0,-1,-1
1464,70,77,521,127,65,0.7122,2,-1,-1
1464,78,584,354,54,29,0.6206,0,-1,-1
1465,60,490,689,173,97,0.8376,0,-1,-1
1465,62,1400,617,164,74,0.8429,0,-1,-1
1465,64,37,748,178,107,0.8408,0,-1,-1
1465,65,1061,594,163,77,0.7578,0,-1,-1
1465,66,666,596,159,59,0.7718,0,-1,-1
1465,67,1093,474,86,44,0.7233,0,-1,-1
1465,69,1785,330,48,25,0.6876,0,-1,-1
1465,71,885,468,82,41,0.7280,0,-1,-1
1465,73,447,524,136,58,0.7578,0,-1,-1
1465,68,791,491,107,47,0.8044,0,-1,-1
1465,87,1329,442,73,36,0.7233,0,-1,-1
1465,72,864,683,89,89,0.6151,0,-1,-1
1465,83,6,566,158,55,0.7249,2,-1,-1
1465,96,4,489,73,31,0.6514,2,-1,-1
1465,97,404,373,62,34,0.6298,0,-1,-1
1465,70,79,521,125,64,0.7432,2,-1,-1
1465,98,838,409,63,33,0.6654,0,-1,-1
1465,86,1334,403,74,36,0.6095,0,-1,-1
1466,60,490,688,173,98,0.8387,0,-1,-1
1466,62,1399,616,165,75,0.8439,0,-1,-1
1466,64,38,749,177,106,0.8408,0,-1,-1
1466,65,1060,594,164,79,0.7578,0,-1,-1
1466,66,667,596,157,59,0.7732,0,-1,-1
1466,67,1093,474,85,44,0.7217,0,-1,-1
1466,69,1786,330,48,24,0.6809,0,-1,-1
1466,71,885,468,83,41,0.7311,0,-1,-1
1466,73,448,525,134,57,0.7535,0,-1,-1
1466,68,791,491,106,48,0.8032,0,-1,-1
1466,87,1330,442,73,36,0.7202,0,-1,-1
1466,72,864,683,89,89,0.6206,0,-1,-1
1466,83,7,567,157,53,0.7122,2,-1,-1
1466,96,3,490,74,30,0.6619,2,-1,-1
1466,70,77,520,127,65,0.7341,2,-1,-1
1466,98,839,410,61,31,0.6775,0,-1,-1
1467,60,489,689,173,97,0.8289,0,-1,-1
1467,62,1400,616,165,75,0.8439,0,-1,-1
1467,64,38,749,175,105,0.8278,0,-1,-1
1467,65,1063,595,159,76,0.7718,0,-1,-1
1467,66,668,596,155,58,0.7813,0,-1,-1
1467,67,1094,474,84,44,0.7217,0,-1,-1
1467,69,1788,331,47,23,0.6826,0,-1,-1
1467,71,885,467,83,42,0.7341,0,-1,-1
1467,73,447,525,136,58,0.7578,0,-1,-1
1467,68,791,491,107,48,0.7918,0,-1,-1
1467,87,1330,442,73,36,0.7249,0,-1,-1
1467,72,864,684,88,88,0.6531,0,-1,-1
1467,83,7,566,158,54,0.7249,2,-1,-1
1467,96,4,489,73,30,0.6706,2,-1,-1
1467,70,79,520,126,65,0.7249,2,-1,-1
1467,98,839,410,61,31,0.6706,0,-1,-1
1468,60,490,689,171,96,0.8245,0,-1,-1
1468,62,1399,616,167,75,0.8408,0,-1,-1
1468,64,37,750,176,105,0.8199,0,-1,-1
1468,65,1062,594,160,77,0.7746,0,-1,-1
1468,66,667,596,156,58,0.7732,0,-1,-1
1468,67,1095,475,83,42,0.7186,0,-1,-1
1468,69,1787,330,49,24,0.6993,0,-1,-1
1468,71,886,466,84,42,0.7447,0,-1,-1
1468,73,447,524,136,58,0.7476,0,-1,-1
1468,68,792,491,105,48,0.7759,0,-1,-1
1468,87,1329,442,75,36,0.7280,0,-1,-1
1468,83,8,566,156,53,0.7387,2,-1,-1
1468,96,6,489,71,29,0.6740,2,-1,-1
1468,70,77,519,127,65,0.7326,2,-1,-1
1468,98,839,409,63,33,0.6406,0,-1,-1
1468,97,405,372,65,35,0.6077,0,-1,-1
1469,60,491,690,171,95,0.8210,0,-1,-1
1469,62,1399,616,167,75,0.8408,0,-1,-1
1469,64,37,751,176,104,0.8152,0,-1,-1
1469,65,1059,593,165,79,0.7800,0,-1,-1
1469,66,667,596,156,58,0.7786,0,-1,-1
1469,67,1095,475,83,42,0.7264,0,-1,-1
1469,69,1788,329,50,25,0.6960,0,-1,-1
1469,71,886,467,84,42,0.7447,0,-1,-1
1469,73,448,524,134,58,0.7476,0,-1,-1
1469,68,792,492,104,47,0.7578,0,-1,-1
1469,87,1328,441,76,38,0.7264,0,-1,-1
1469,83,8,566,156,53,0.7154,2,-1,-1
1469,96,7,489,71,29,0.6406,2,-1,-1
1469,70,76,519,129,65,0.6740,2,-1,-1
1469,98,839,409,64,33,0.6478,0,-1,-1
1469,97,405,372,65,35,0.6132,0,-1,-1
1469,72,864,685,89,87,0.6077,0,-1,-1
1470,60,491,690,171,95,0.8210,0,-1,-1
1470,62,1398,615,169,77,0.8397,0,-1,-1
1470,64,38,750,176,104,0.8222,0,-1,-1
1470,65,1058,593,168,81,0.7773,0,-1,-1
1470,66,666,596,158,58,0.7718,0,-1,-1
1470,67,1095,475,83,42,0.7280,0,-1,-1
1470,69,1790,330,48,24,0.6843,0,-1,-1
1470,71,887,466,83,42,0.7461,0,-1,-1
1470,73,448,524,134,58,0.7202,0,-1,-1
1470,68,794,492,101,47,0.7356,0,-1,-1
1470,87,1328,441,77,38,0.7202,0,-1,-1
1470,83,8,566,157,53,0.6826,2,-1,-1
1470,96,8,489,70,29,0.6169,2,-1,-1
1470,70,78,519,128,64,0.7356,2,-1,-1
1470,98,838,408,67,35,0.6169,0,-1,-1
1470,72,863,684,90,90,0.6514,0,-1,-1
1471,60,490,690,172,95,0.8267,0,-1,-1
1471,62,1399,616,168,76,0.8459,0,-1,-1
1471,64,38,750,176,103,0.8408,0,-1,-1
1471,65,1058,593,169,82,0.7827,0,-1,-1
1471,66,666,596,159,58,0.7718,0,-1,-1
1471,67,1096,475,83,42,0.7341,0,-1,-1
1471,69,1790,330,49,24,0.7138,0,-1,-1
1471,71,887,467,82,41,0.7432,0,-1,-1
1471,73,448,524,134,58,0.7074,0,-1,-1
1471,68,795,493,100,46,0.7326,0,-1,-1
1471,87,1329,441,77,38,0.7170,0,-1,-1
1471,83,7,565,158,54,0.6893,2,-1,-1
1471,96,9,489,70,29,0.6424,2,-1,-1
1471,70,78,520,128,63,0.7387,2,-1,-1
1471,72,863,685,89,89,0.6723,0,-1,-1
1471,97,406,372,65,35,0.6169,0,-1,-1
1472,60,490,690,171,95,0.8222,0,-1,-1
1472,62,1399,617,168,75,0.8459,0,-1,-1
1472,64,37,749,177,104,0.8397,0,-1,-1
1472,65,1058,593,169,82,0.7813,0,-1,-1
1472,66,666,595,160,60,0.7718,0,-1,-1
1472,67,1097,475,82,42,0.7356,0,-1,-1
1472,69,1791,330,48,24,0.7090,0,-1,-1
1472,71,885,466,85,42,0.7402,0,-1,-1
1472,73,447,524,135,58,0.7042,0,-1,-1
1472,68,796,494,99,45,0.7154,0,-1,-1
1472,87,1330,441,76,38,0.7138,0,-1,-1
1472,83,6,566,158,54,0.6993,2,-1,-1
1472,96,10,489,69,29,0.6424,2,-1,-1
1472,70,80,520,126,62,0.7280,2,-1,-1
1472,72,863,686,88,87,0.6584,0,-1,-1
1472,97,407,372,64,35,0.6280,0,-1,-1
1473,60,491,690,169,94,0.8366,0,-1,-1
1473,62,1400,616,168,76,0.8439,0,-1,-1
1473,64,38,749,176,103,0.8429,0,-1,-1
1473,65,1058,593,169,82,0.7840,0,-1,-1
1473,66,665,595,162,60,0.7786,0,-1,-1
1473,67,1097,475,82,42,0.7387,0,-1,-1
1473,69,1793,330,48,24,0.7402,0,-1,-1
1473,71,886,467,84,42,0.7447,0,-1,-1
1473,73,448,523,135,58,0.7090,0,-1,-1
1473,68,797,494,99,45,0.7058,0,-1,-1
1473,87,1329,441,77,38,0.7280,0,-1,-1
1473,83,0,562,167,59,0.7732,2,-1,-1
1473,96,11,489,70,29,0.6758,2,-1,-1
1473,70,85,521,124,60,0.7341,2,-1,-1
1473,72,863,687,87,86,0.6132,0,-1,-1
1473,78,590,351,55,29,0.6114,0,-1,-1
1474,60,490,691,169,93,0.8366,0,-1,-1
1474,62,1400,616,167,75,0.8429,0,-1,-1
1474,64,40,750,172,101,0.8397,0,-1,-1
1474,65,1059,593,167,82,0.7840,0,-1,-1
1474,66,666,595,161,60,0.7773,0,-1,-1
1474,67,1097,475,82,42,0.7402,0,-1,-1
1474,69,1794,330,49,25,0.7402,0,-1,-1
1474,71,886,468,84,41,0.7549,0,-1,-1
1474,73,447,523,136,58,0.6943,0,-1,-1
1474,68,797,494,100,45,0.7154,0,-1,-1
1474,87,1330,441,76,38,0.7311,0,-1,-1
1474,83,-1,560,167,61,0.7635,2,-1,-1
1474,96,12,489,69,28,0.6619,2,-1,-1
1474,70,87,520,125,60,0.7491,2,-1,-1
1474,72,862,687,87,86,0.6637,0,-1,-1
1474,78,590,351,56,30,0.6298,0,-1,-1
1474,61,1648,369,45,26,0.6077,0,-1,-1
1474,98,842,409,61,32,0.6002,0,-1,-1
1475,60,490,691,168,93,0.8344,0,-1,-1
1475,62,1399,616,168,75,0.8408,0,-1,-1
1475,64,40,751,172,100,0.8387,0,-1,-1
1475,65,1060,594,165,81,0.7827,0,-1,-1
1475,66,666,595,162,60,0.7813,0,-1,-1
1475,67,1097,475,82,42,0.7417,0,-1,-1
1475,69,1794,330,50,25,0.7372,0,-1,-1
1475,71,887,467,85,42,0.7578,0,-1,-1
1475,73,446,522,137,59,0.6960,0,-1,-1
1475,68,797,494,100,45,0.7122,0,-1,-1
1475,87,1330,441,76,38,0.7326,0,-1,-1
1475,83,-1,560,166,61,0.7677,2,-1,-1
1475,96,12,489,70,29,0.6496,2,-1,-1
1475,70,88,520,124,60,0.7606,2,-1,-1
1475,72,863,688,85,84,0.6514,0,-1,-1
1475,78,591,352,55,29,0.6243,0,-1,-1
1475,97,408,372,65,35,0.6002,0,-1,-1
1476,60,487,691,171,93,0.8397,0,-1,-1
1476,62,1399,616,168,75,0.8387,0,-1,-1
1476,64,40,750,171,100,0.8278,0,-1,-1
1476,65,1063,594,161,79,0.7853,0,-1,-1
1476,66,665,595,162,60,0.7718,0,-1,-1
1476,67,1097,475,84,42,0.7506,0,-1,-1
1476,69,1796,330,48,24,0.7387,0,-1,-1
1476,71,887,466,85,42,0.7635,0,-1,-1
1476,73,446,521,140,61,0.7341,0,-1,-1
1476,68,797,492,101,46,0.7432,0,-1,-1
1476,87,1331,441,76,38,0.7138,0,-1,-1
1476,83,4,563,158,57,0.7759,2,-1,-1
1476,96,11,489,71,29,0.6388,2,-1,-1
1476,70,82,519,129,62,0.7295,2,-1,-1
1476,78,591,352,56,30,0.6077,0,-1,-1
1476,97,410,372,63,34,0.6151,0,-1,-1
1476,63,169,851,233,139,0.6225,0,-1,-1
1477,60,484,690,175,95,0.8376,0,-1,-1
1477,62,1400,616,166,75,0.8333,0,-1,-1
1477,64,39,751,172,99,0.8056,0,-1,-1
1477,65,1063,594,162,79,0.7773,0,-1,-1
1477,66,665,595,162,60,0.7773,0,-1,-1
1477,67,1097,475,85,42,0.7476,0,-1,-1
1477,69,1798,330,48,24,0.7402,0,-1,-1
1477,71,886,466,87,42,0.7578,0,-1,-1
1477,73,448,522,138,59,0.7476,0,-1,-1
1477,68,796,491,104,47,0.7649,0,-1,-1
1477,87,1332,441,76,38,0.7122,0,-1,-1
1477,83,9,565,151,55,0.7705,2,-1,-1
1477,96,11,489,71,29,0.6225,2,-1,-1
1477,70,79,518,132,64,0.7491,2,-1,-1
1477,78,591,351,58,30,0.6637,0,-1,-1
1478,60,483,689,176,97,0.8333,0,-1,-1
1478,62,1400,616,166,75,0.8333,0,-1,-1
1478,64,39,751,172,99,0.7387,0,-1,-1
1478,65,1063,594,162,79,0.7813,0,-1,-1
1478,66,665,595,162,60,0.7773,0,-1,-1
1478,67,1097,475,85,42,0.7491,0,-1,-1
1478,69,1798,330,49,24,0.7549,0,-1,-1
1478,71,886,465,88,43,0.7564,0,-1,-1
1478,73,448,521,138,59,0.7417,0,-1,-1
1478,68,796,490,104,48,0.7606,0,-1,-1
1478,87,1332,441,77,39,0.7170,0,-1,-1
1478,83,9,565,152,55,0.7773,2,-1,-1
1478,96,11,489,72,29,0.6114,2,-1,-1
1478,70,78,518,133,64,0.7461,2,-1,-1
1478,78,591,351,58,30,0.6740,0,-1,-1
1479,60,482,689,178,97,0.8344,0,-1,-1
1479,62,1401,616,165,74,0.8344,0,-1,-1
1479,64,39,750,172,99,0.7705,0,-1,-1
1479,65,1066,596,157,76,0.7892,0,-1,-1
1479,66,665,595,160,58,0.7840,0,-1,-1
1479,67,1098,475,84,42,0.7476,0,-1,-1
1479,69,1800,330,47,24,0.7578,0,-1,-1
1479,71,887,465,87,43,0.7432,0,-1,-1
1479,73,449,520,137,60,0.7402,0,-1,-1
1479,68,795,490,105,48,0.7621,0,-1,-1
1479,87,1332,441,77,39,0.7154,0,-1,-1
1479,83,9,565,155,56,0.7840,2,-1,-1
1479,70,82,518,132,64,0.7606,2,-1,-1
1479,78,591,350,59,32,0.6406,0,-1,-1
1479,81,836,548,130,46,0.6225,0,-1,-1
1479,63,164,849,237,140,0.6442,0,-1,-1
1480,60,482,688,178,97,0.8355,0,-1,-1
1480,62,1401,616,167,74,0.8322,0,-1,-1
1480,64,39,749,173,98,0.8117,0,-1,-1
1480,65,1065,595,159,78,0.7773,0,-1,-1
1480,66,666,595,159,58,0.7853,0,-1,-1
1480,67,1098,475,85,43,0.7506,0,-1,-1
1480,69,1799,330,49,24,0.7866,0,-1,-1
1480,71,888,465,86,43,0.7295,0,-1,-1
1480,73,450,520,136,60,0.7447,0,-1,-1
1480,68,795,490,104,48,0.7759,0,-1,-1
1480,87,1333,441,77,39,0.6993,0,-1,-1
1480,83,8,563,158,59,0.7969,2,-1,-1
1480,70,85,518,131,64,0.7491,2,-1,-1
1480,78,592,351,59,31,0.6132,0,-1,-1
1480,81,834,548,134,46,0.6316,0,-1,-1
1481,60,481,688,179,97,0.8387,0,-1,-1
1481,62,1401,615,167,75,0.8344,0,-1,-1
1481,64,38,748,175,99,0.8044,0,-1,-1
1481,65,1063,594,163,80,0.7773,0,-1,-1
1481,66,666,594,160,59,0.7853,0,-1,-1
1481,67,1098,475,84,43,0.7535,0,-1,-1
1481,69,1799,329,50,25,0.7813,0,-1,-1
1481,71,888,466,86,43,0.7311,0,-1,-1
1481,73,450,520,136,60,0.7432,0,-1,-1
1481,68,795,490,104,48,0.7718,0,-1,-1
1481,87,1334,441,76,39,0.6910,0,-1,-1
1481,83,8,563,159,59,0.7982,2,-1,-1
1481,70,84,517,132,64,0.7233,2,-1,-1
1481,78,593,351,58,31,0.6206,0,-1,-1
1481,81,833,548,136,46,0.6316,0,-1,-1
1482,60,483,689,175,95,0.8408,0,-1,-1
1482,62,1400,615,167,74,0.8366,0,-1,-1
1482,64,37,748,177,101,0.8267,0,-1,-1
1482,65,1061,594,166,82,0.7827,0,-1,-1
1482,66,666,595,159,57,0.7969,0,-1,-1
1482,67,1099,475,83,42,0.7606,0,-1,-1
1482,69,1801,330,50,24,0.7866,0,-1,-1
1482,71,889,467,84,42,0.7202,0,-1,-1
1482,73,451,521,134,59,0.7417,0,-1,-1
1482,68,797,490,102,48,0.7663,0,-1,-1
1482,87,1336,441,75,38,0.6809,0,-1,-1
1482,83,7,562,161,60,0.7944,2,-1,-1
1482,70,85,518,130,63,0.7417,2,-1,-1
1482,78,594,351,58,31,0.6442,0,-1,-1
1482,81,832,548,139,46,0.6460,0,-1,-1
1482,96,14,489,70,28,0.6132,2,-1,-1
1483,60,484,689,174,94,0.8376,0,-1,-1
1483,62,1401,615,167,74,0.8344,0,-1,-1
1483,64,37,747,177,101,0.8117,0,-1,-1
1483,65,1061,594,166,82,0.7746,0,-1,-1
1483,66,665,594,161,58,0.7982,0,-1,-1
1483,67,1100,475,82,42,0.7578,0,-1,-1
1483,69,1802,330,49,24,0.7691,0,-1,-1
1483,71,889,468,84,41,0.7138,0,-1,-1
1483,73,451,522,133,58,0.7387,0,-1,-1
1483,68,797,490,102,48,0.7491,0,-1,-1
1483,87,1337,441,75,38,0.6654,0,-1,-1
1483,83,8,561,160,60,0.7892,2,-1,-1
1483,70,89,519,126,61,0.6943,2,-1,-1
1483,78,594,351,59,31,0.6442,0,-1,-1
1483,101,52,436,99,47,0.6334,0,-1,-1
1483,72,861,687,86,84,0.6021,0,-1,-1
1484,60,484,689,173,94,0.8429,0,-1,-1
1484,62,1402,615,165,74,0.8429,0,-1,-1
1484,64,37,747,178,101,0.8210,0,-1,-1
1484,65,1062,595,164,81,0.7746,0,-1,-1
1484,66,665,593,160,58,0.7931,0,-1,-1
1484,67,1100,475,82,42,0.7578,0,-1,-1
1484,69,1802,330,50,24,0.7746,0,-1,-1
1484,71,889,468,84,41,0.7202,0,-1,-1
1484,73,453,522,131,58,0.7402,0,-1,-1
1484,68,797,490,102,48,0.7447,0,-1,-1
1484,87,1338,441,75,38,0.6602,0,-1,-1
1484,83,9,561,157,59,0.7564,2,-1,-1
1484,70,90,520,125,60,0.6723,2,-1,-1
1484,78,595,351,58,31,0.6370,0,-1,-1
1484,101,52,435,100,47,0.6758,0,-1,-1
1484,72,860,685,87,86,0.6478,0,-1,-1
1485,60,483,688,175,94,0.8344,0,-1,-1
1485,62,1403,616,163,73,0.8408,0,-1,-1
1485,64,37,747,177,101,0.8081,0,-1,-1
1485,65,1062,596,163,79,0.7732,0,-1,-1
1485,66,665,593,161,58,0.7879,0,-1,-1
1485,67,1099,475,83,42,0.7535,0,-1,-1
1485,69,1803,330,50,24,0.7691,0,-1,-1
1485,71,888,466,86,43,0.7217,0,-1,-1
1485,73,453,522,131,57,0.7476,0,-1,-1
1485,68,798,490,101,48,0.7295,0,-1,-1
1485,87,1338,441,74,38,0.6689,0,-1,-1
1485,83,10,560,156,59,0.7840,2,-1,-1
1485,70,92,520,124,60,0.7295,2,-1,-1
1485,78,596,351,57,31,0.6442,0,-1,-1
1485,81,829,547,144,48,0.6206,0,-1,-1
1485,96,16,488,69,28,0.6243,2,-1,-1
1486,60,483,687,177,96,0.8300,0,-1,-1
1486,62,1404,617,161,72,0.8459,0,-1,-1
1486,64,37,748,177,100,0.7879,0,-1,-1
1486,65,1063,597,162,79,0.7786,0,-1,-1
1486,66,664,592,163,59,0.7813,0,-1,-1
1486,67,1099,475,83,42,0.7506,0,-1,-1
1486,69,1805,330,49,25,0.7549,0,-1,-1
1486,71,888,466,88,43,0.7217,0,-1,-1
1486,73,453,522,131,57,0.7461,0,-1,-1
1486,68,797,488,104,49,0.7520,0,-1,-1
1486,87,1338,441,75,38,0.6706,0,-1,-1
1486,83,11,559,156,60,0.7840,2,-1,-1
1486,70,93,520,124,60,0.7535,2,-1,-1
1486,78,596,350,58,31,0.6206,0,-1,-1
1486,81,828,546,146,48,0.6619,0,-1,-1
1486,96,18,488,68,27,0.6370,2,-1,-1
1487,60,483,687,177,96,0.8300,0,-1,-1
1487,62,1404,618,161,71,0.8470,0,-1,-1
1487,64,36,747,178,101,0.7732,0,-1,-1
1487,65,1063,598,162,78,0.7786,0,-1,-1
1487,66,664,592,163,59,0.7840,0,-1,-1
1487,67,1099,475,83,42,0.7520,0,-1,-1
1487,69,1805,331,50,24,0.7592,0,-1,-1
1487,71,888,465,88,44,0.7138,0,-1,-1
1487,73,453,522,131,57,0.7461,0,-1,-1
1487,68,797,488,103,49,0.7461,0,-1,-1
1487,87,1338,441,75,38,0.6809,0,-1,-1
1487,83,12,559,155,60,0.7827,2,-1,-1
1487,70,94,520,122,61,0.7520,2,-1,-1
1487,78,597,350,57,31,0.6151,0,-1,-1
1487,81,827,545,147,49,0.6689,0,-1,-1
1487,96,18,488,68,27,0.6671,2,-1,-1
1487,63,167,852,223,128,0.6298,0,-1,-1
1488,60,481,686,180,97,0.8278,0,-1,-1
1488,62,1403,618,161,71,0.8408,0,-1,-1
1488,64,35,746,181,103,0.7746,0,-1,-1
1488,65,1064,597,161,78,0.7746,0,-1,-1
1488,66,665,593,161,58,0.7879,0,-1,-1
1488,67,1100,475,82,42,0.7476,0,-1,-1
1488,69,1805,330,50,25,0.7732,0,-1,-1
1488,71,889,465,87,43,0.7186,0,-1,-1
1488,73,454,522,130,56,0.7432,0,-1,-1
1488,68,798,488,103,49,0.7663,0,-1,-1
1488,87,1339,440,75,39,0.6654,0,-1,-1
1488,83,9,556,160,62,0.7786,2,-1,-1
1488,70,96,520,121,60,0.7691,2,-1,-1
1488,78,597,350,56,31,0.6478,0,-1,-1
1488,81,823,543,154,52,0.7417,0,-1,-1
1488,96,18,487,70,28,0.6943,2,-1,-1
1488,63,164,850,229,132,0.6602,0,-1,-1
1489,60,480,685,181,99,0.8311,0,-1,-1
1489,62,1403,618,161,71,0.8376,0,-1,-1
1489,64,33,746,183,103,0.7800,0,-1,-1
1489,65,1062,596,164,80,0.7786,0,-1,-1
1489,66,664,592,163,59,0.7840,0,-1,-1
1489,67,1099,475,84,41,0.7520,0,-1,-1
1489,69,1806,331,50,24,0.7578,0,-1,-1
1489,71,889,466,87,42,0.7186,0,-1,-1
1489,73,454,522,129,55,0.7432,0,-1,-1
1489,68,799,488,101,49,0.7476,0,-1,-1
1489,87,1339,441,75,38,0.6549,0,-1,-1
1489,83,9,555,161,63,0.7813,2,-1,-1
1489,70,96,520,121,60,0.7732,2,-1,-1
1489,78,597,350,57,31,0.6206,0,-1,-1
1489,81,820,541,157,53,0.7387,0,-1,-1
1489,96,17,486,74,29,0.7042,2,-1,-1
1489,63,164,851,227,128,0.7813,0,-1,-1
1490,60,480,685,181,99,0.8333,0,-1,-1
1490,62,1402,618,162,71,0.8387,0,-1,-1
1490,64,33,745,183,104,0.7813,0,-1,-1
1490,65,1062,595,164,81,0.7759,0,-1,-1
1490,66,665,593,161,58,0.7866,0,-1,-1
1490,67,1099,474,84,42,0.7535,0,-1,-1
1490,69,1808,331,49,24,0.7535,0,-1,-1
1490,71,889,465,88,44,0.7170,0,-1,-1
1490,73,455,522,128,55,0.7432,0,-1,-1
1490,68,800,488,101,48,0.7535,0,-1,-1
1490,87,1340,441,74,38,0.6602,0,-1,-1
1490,83,10,556,159,62,0.7786,2,-1,-1
1490,70,96,519,122,62,0.7718,2,-1,-1
1490,78,598,350,56,31,0.6243,0,-1,-1
1490,81,819,540,160,55,0.7578,0,-1,-1
1490,96,17,486,75,29,0.7122,2,-1,-1
1490,63,163,851,227,127,0.7853,0,-1,-1
1490,61,1655,368,49,28,0.6132,0,-1,-1
1491,60,480,686,180,97,0.8322,0,-1,-1
1491,62,1403,618,160,71,0.8408,0,-1,-1
1491,64,32,745,182,104,0.7326,0,-1,-1
1491,65,1061,596,163,80,0.7705,0,-1,-1
1491,66,664,592,162,59,0.7813,0,-1,-1
1491,67,1099,474,84,42,0.7549,0,-1,-1
1491,69,1808,330,50,25,0.7592,0,-1,-1
1491,71,888,465,89,44,0.7295,0,-1,-1
1491,73,452,521,131,56,0.7402,0,-1,-1
1491,68,800,488,102,49,0.7549,0,-1,-1
1491,87,1341,441,73,38,0.6316,0,-1,-1
1491,83,12,556,155,61,0.7549,2,-1,-1
1491,70,97,519,122,62,0.7417,2,-1,-1
1491,78,599,350,56,31,0.6225,0,-1,-1
1491,81,817,539,162,57,0.7535,0,-1,-1
1491,96,17,485,76,31,0.7042,2,-1,-1
1491,63,160,848,234,131,0.6993,0,-1,-1
1491,61,1657,369,49,27,0.6637,0,-1,-1
1491,86,1349,403,73,34,0.6206,0,-1,-1
1491,72,857,685,90,87,0.7476,0,-1,-1
1492,60,480,687,178,96,0.8355,0,-1,-1
1492,62,1403,619,159,70,0.8344,0,-1,-1
1492,64,30,745,183,105,0.7058,0,-1,-1
1492,65,1062,597,160,78,0.7677,0,-1,-1
1492,66,665,593,160,58,0.7759,0,-1,-1
1492,67,1099,474,84,42,0.7578,0,-1,-1
1492,69,1809,330,50,25,0.7606,0,-1,-1
1492,71,888,465,89,44,0.7249,0,-1,-1
1492,73,452,522,131,56,0.7432,0,-1,-1
1492,68,800,488,103,49,0.7649,0,-1,-1
1492,87,1342,442,72,36,0.6280,0,-1,-1
1492,83,13,556,153,61,0.7417,2,-1,-1
1492,70,98,519,121,62,0.7402,2,-1,-1
1492,78,600,350,56,31,0.6334,0,-1,-1
1492,81,817,539,163,57,0.7356,0,-1,-1
1492,96,17,485,77,31,0.7009,2,-1,-1
1492,63,158,848,238,132,0.6893,0,-1,-1
1492,61,1658,368,49,28,0.6442,0,-1,-1
1492,72,856,685,91,89,0.7432,0,-1,-1
1493,60,479,687,178,96,0.8355,0,-1,-1
1493,62,1403,618,160,71,0.8355,0,-1,-1
1493,64,30,745,184,105,0.6496,0,-1,-1
1493,65,1061,597,160,77,0.7621,0,-1,-1
1493,66,664,593,161,58,0.7677,0,-1,-1
1493,67,1100,475,84,41,0.7535,0,-1,-1
1493,69,1810,330,49,25,0.7578,0,-1,-1
1493,71,888,465,89,44,0.7280,0,-1,-1
1493,73,452,522,131,56,0.7372,0,-1,-1
1493,68,800,488,103,49,0.7705,0,-1,-1
1493,87,1342,442,73,36,0.6151,0,-1,-1
1493,83,13,556,153,60,0.7372,2,-1,-1
1493,70,99,520,119,60,0.7387,2,-1,-1
1493,78,600,350,56,31,0.6460,0,-1,-1
1493,81,818,539,161,57,0.7417,0,-1,-1
1493,96,17,485,78,32,0.7009,2,-1,-1
1493,63,157,848,238,132,0.7606,0,-1,-1
1493,61,1657,368,51,29,0.6370,0,-1,-1
1493,72,856,685,91,89,0.7074,0,-1,-1
1494,60,480,688,176,95,0.8355,0,-1,-1
1494,62,1403,619,160,69,0.8470,0,-1,-1
1494,64,31,745,182,104,0.7520,0,-1,-1
1494,65,1060,597,162,78,0.7649,0,-1,-1
1494,66,663,593,161,58,0.7746,0,-1,-1
1494,67,1099,474,84,42,0.7592,0,-1,-1
1494,69,1811,331,49,24,0.7264,0,-1,-1
1494,71,888,464,89,45,0.7356,0,-1,-1
1494,73,452,521,132,57,0.7326,0,-1,-1
1494,68,801,489,101,47,0.7635,0,-1,-1
1494,87,1341,442,74,37,0.6151,0,-1,-1
1494,83,14,555,152,60,0.7154,2,-1,-1
1494,70,99,520,119,60,0.7461,2,-1,-1
1494,78,601,350,56,32,0.6388,0,-1,-1
1494,81,819,540,159,56,0.7154,0,-1,-1
1494,96,18,485,77,31,0.7138,2,-1,-1
1494,63,158,851,233,128,0.7866,0,-1,-1
1495,60,480,687,177,95,0.8355,0,-1,-1
1495,62,1401,618,164,71,0.8449,0,-1,-1
1495,64,32,745,180,103,0.6993,0,-1,-1
1495,65,1058,595,166,81,0.7535,0,-1,-1
1495,66,663,593,160,58,0.7866,0,-1,-1
1495,67,1100,475,83,42,0.7606,0,-1,-1
1495,69,1811,330,50,25,0.7417,0,-1,-1
1495,71,888,464,89,45,0.7295,0,-1,-1
1495,73,452,521,133,57,0.7417,0,-1,-1
1495,68,802,489,100,47,0.7663,0,-1,-1
1495,87,1341,442,75,38,0.6261,0,-1,-1
1495,83,13,555,153,61,0.7417,2,-1,-1
1495,70,99,519,119,60,0.7520,2,-1,-1
1495,78,601,350,57,32,0.6388,0,-1,-1
1495,81,819,540,158,56,0.7042,0,-1,-1
1495,96,18,485,78,32,0.7138,2,-1,-1
1495,63,160,852,230,126,0.8032,0,-1,-1
1496,60,480,686,177,96,0.8344,0,-1,-1
1496,62,1401,617,164,73,0.8470,0,-1,-1
1496,64,32,746,180,103,0.6860,0,-1,-1
1496,65,1059,596,163,79,0.7564,0,-1,-1
1496,66,663,593,160,57,0.7827,0,-1,-1
1496,67,1099,475,84,42,0.7635,0,-1,-1
1496,69,1811,330,50,25,0.7461,0,-1,-1
1496,71,888,464,89,45,0.7280,0,-1,-1
1496,73,452,521,133,57,0.7506,0,-1,-1
1496,68,802,489,101,47,0.7691,0,-1,-1
1496,87,1341,442,76,38,0.6352,0,-1,-1
1496,83,13,555,153,61,0.7138,2,-1,-1
1496,70,99,519,120,60,0.7535,2,-1,-1
1496,78,601,350,57,32,0.6206,0,-1,-1
1496,81,820,540,156,56,0.7154,0,-1,-1
1496,96,18,485,78,31,0.7122,2,-1,-1
1496,63,159,852,232,126,0.8044,0,-1,-1
1497,60,480,685,178,96,0.8376,0,-1,-1
1497,62,1400,618,164,72,0.8480,0,-1,-1
1497,64,30,745,183,104,0.6843,0,-1,-1
1497,65,1057,595,166,81,0.7491,0,-1,-1
1497,66,661,593,162,58,0.7813,0,-1,-1
1497,67,1099,475,84,42,0.7718,0,-1,-1
1497,69,1813,330,49,25,0.7387,0,-1,-1
1497,71,888,463,89,45,0.7233,0,-1,-1
1497,73,452,521,133,57,0.7592,0,-1,-1
1497,68,803,489,101,47,0.7705,0,-1,-1
1497,87,1341,442,76,39,0.6352,0,-1,-1
1497,83,15,557,149,59,0.7122,2,-1,-1
1497,70,99,520,121,61,0.7549,2,-1,-1
1497,78,602,351,56,31,0.6039,0,-1,-1
1497,81,821,540,155,56,0.7009,0,-1,-1
1497,96,20,486,76,30,0.6860,2,-1,-1
1497,63,161,853,226,123,0.8081,0,-1,-1
1497,101,60,434,99,47,0.6926,0,-1,-1
1497,61,1660,369,51,29,0.6496,0,-1,-1
1498,60,480,685,179,96,0.8355,0,-1,-1
1498,62,1401,619,162,71,0.8387,0,-1,-1
1498,64,29,743,185,105,0.6352,0,-1,-1
1498,65,1057,595,167,81,0.7387,0,-1,-1
1498,66,662,593,161,58,0.7786,0,-1,-1
1498,67,1100,475,84,42,0.7705,0,-1,-1
1498,69,1814,331,49,24,0.7476,0,-1,-1
1498,71,889,464,88,45,0.7217,0,-1,-1
1498,73,452,521,133,57,0.7506,0,-1,-1
1498,68,803,489,102,47,0.7759,0,-1,-1
1498,87,1341,442,77,39,0.6370,0,-1,-1
1498,83,14,557,152,61,0.7356,2,-1,-1
1498,70,97,519,123,62,0.7549,2,-1,-1
1498,81,821,540,155,56,0.7025,0,-1,-1
1498,96,21,486,75,30,0.6637,2,-1,-1
1498,63,160,852,229,123,0.8129,0,-1,-1
1498,101,60,434,100,47,0.6843,0,-1,-1
1499,60,480,685,178,96,0.8311,0,-1,-1
1499,62,1401,618,162,71,0.8344,0,-1,-1
1499,64,29,743,185,105,0.7074,0,-1,-1
1499,65,1058,595,165,80,0.7506,0,-1,-1
1499,66,661,593,162,58,0.7800,0,-1,-1
1499,67,1101,475,83,42,0.7691,0,-1,-1
1499,69,1814,330,50,26,0.7578,0,-1,-1
1499,71,890,465,87,44,0.7202,0,-1,-1
1499,73,452,521,134,57,0.7606,0,-1,-1
1499,68,803,489,101,47,0.7800,0,-1,-1
1499,87,1342,442,76,39,0.6316,0,-1,-1
1499,83,13,557,155,62,0.7387,2,-1,-1
1499,70,96,520,124,62,0.7578,2,-1,-1
1499,81,821,540,155,56,0.6809,0,-1,-1
1499,96,21,485,76,31,0.6758,2,-1,-1
1499,63,158,851,232,124,0.7649,0,-1,-1
1499,101,61,434,99,47,0.7042,0,-1,-1
1499,72,854,684,91,89,0.7170,0,-1,-1
1500,60,478,684,181,98,0.8300,0,-1,-1
1500,62,1402,618,161,71,0.8289,0,-1,-1
1500,64,29,742,185,106,0.7154,0,-1,-1
1500,65,1058,595,165,80,0.7341,0,-1,-1
1500,66,661,593,162,58,0.7691,0,-1,-1
1500,67,1101,475,83,42,0.7621,0,-1,-1
1500,69,1815,330,50,26,0.7663,0,-1,-1
1500,71,891,465,86,44,0.7154,0,-1,-1
1500,73,453,520,133,57,0.7387,0,-1,-1
1500,68,803,489,103,47,0.7827,0,-1,-1
1500,87,1342,442,76,39,0.6637,0,-1,-1
1500,83,11,556,159,65,0.7506,2,-1,-1
1500,70,97,521,122,61,0.7535,2,-1,-1
1500,81,821,540,154,56,0.6706,0,-1,-1
1500,96,22,485,77,31,0.6261,2,-1,-1
1500,63,157,850,234,126,0.7295,0,-1,-1
1500,101,61,434,100,47,0.6826,0,-1,-1
1500,72,854,685,91,88,0.7202,0,-1,-1
1500,61,1663,369,51,29,0.6095,0,-1,-1
1501,60,478,684,181,98,0.8344,0,-1,-1
1501,62,1403,619,161,70,0.8322,0,-1,-1
1501,64,28,741,187,107,0.6792,0,-1,-1
1501,65,1059,595,163,79,0.7402,0,-1,-1
1501,66,662,593,162,58,0.7786,0,-1,-1
1501,67,1101,475,84,42,0.7663,0,-1,-1
1501,69,1816,330,50,26,0.7705,0,-1,-1
1501,71,891,466,86,42,0.7202,0,-1,-1
1501,73,452,520,134,57,0.7122,0,-1,-1
1501,68,803,489,103,47,0.7773,0,-1,-1
1501,87,1342,442,77,39,0.6637,0,-1,-1
1501,83,12,557,158,64,0.7621,2,-1,-1
1501,70,96,520,123,62,0.7491,2,-1,-1
1501,81,824,541,150,55,0.6077,0,-1,-1
1501,96,22,484,78,33,0.6654,2,-1,-1
1501,63,152,850,240,128,0.7840,0,-1,-1
1501,72,852,684,93,90,0.7592,0,-1,-1
1502,60,477,684,182,98,0.8333,0,-1,-1
1502,62,1404,619,160,69,0.8355,0,-1,-1
1502,64,28,741,187,107,0.6843,0,-1,-1
1502,65,1060,595,162,78,0.7341,0,-1,-1
1502,66,662,593,162,58,0.7786,0,-1,-1
1502,67,1101,475,84,42,0.7663,0,-1,-1
1502,69,1817,330,50,26,0.7746,0,-1,-1
1502,71,892,466,85,42,0.7170,0,-1,-1
1502,73,453,520,132,57,0.7186,0,-1,-1
1502,68,802,488,105,49,0.7786,0,-1,-1
1502,87,1342,442,77,39,0.6671,0,-1,-1
1502,83,12,556,159,66,0.7663,2,-1,-1
1502,70,95,520,124,62,0.7520,2,-1,-1
1502,81,826,542,147,54,0.6334,0,-1,-1
1502,96,23,485,77,31,0.6876,2,-1,-1
1502,63,150,849,242,129,0.7969,0,-1,-1
1502,72,852,685,92,89,0.7372,0,-1,-1
1503,60,476,684,182,98,0.8322,0,-1,-1
1503,62,1403,619,162,70,0.8300,0,-1,-1
1503,65,1059,596,164,78,0.7461,0,-1,-1
1503,66,663,594,160,56,0.7840,0,-1,-1
1503,67,1101,475,84,42,0.7606,0,-1,-1
1503,69,1817,330,52,26,0.7773,0,-1,-1
1503,71,893,466,83,42,0.7106,0,-1,-1
1503,73,453,520,133,57,0.7090,0,-1,-1
1503,68,803,488,105,48,0.7931,0,-1,-1
1503,87,1343,443,77,39,0.6740,0,-1,-1
1503,83,13,557,157,64,0.7417,2,-1,-1
1503,70,96,520,123,61,0.7535,2,-1,-1
1503,81,825,541,147,53,0.7326,0,-1,-1
1503,96,24,484,77,33,0.7326,2,-1,-1
1503,63,150,848,239,129,0.7786,0,-1,-1
1504,60,477,684,179,98,0.8333,0,-1,-1
1504,62,1403,619,161,70,0.8366,0,-1,-1
1504,65,1057,595,167,80,0.7564,0,-1,-1
1504,66,662,592,162,58,0.7800,0,-1,-1
1504,67,1102,475,83,42,0.7564,0,-1,-1
1504,69,1819,330,51,26,0.7773,0,-1,-1
1504,71,894,467,83,42,0.6926,0,-1,-1
1504,73,453,520,132,57,0.7122,0,-1,-1
1504,68,803,489,104,47,0.7892,0,-1,-1
1504,87,1343,442,78,39,0.6706,0,-1,-1
1504,83,16,557,152,62,0.7295,2,-1,-1
1504,70,97,520,122,60,0.7372,2,-1,-1
1504,81,825,540,146,53,0.7326,0,-1,-1
1504,96,25,484,77,33,0.7249,2,-1,-1
1504,63,150,848,238,128,0.7705,0,-1,-1
1504,64,27,737,186,108,0.6775,0,-1,-1
1504,72,850,683,94,89,0.7170,0,-1,-1
1505,60,477,684,179,97,0.8311,0,-1,-1
1505,62,1402,618,162,71,0.8366,0,-1,-1
1505,65,1057,595,168,81,0.7564,0,-1,-1
1505,66,662,592,161,57,0.7746,0,-1,-1
1505,67,1102,475,83,42,0.7535,0,-1,-1
1505,69,1819,330,51,26,0.7773,0,-1,-1
1505,71,894,468,83,41,0.6926,0,-1,-1
1505,73,454,520,131,56,0.6926,0,-1,-1
1505,68,802,488,106,49,0.7944,0,-1,-1
1505,87,1343,442,78,39,0.6689,0,-1,-1
1505,83,16,555,151,63,0.7280,2,-1,-1
1505,70,98,520,122,60,0.7202,2,-1,-1
1505,81,825,540,148,55,0.7356,0,-1,-1
1505,96,25,484,77,33,0.7009,2,-1,-1
1505,63,150,848,238,127,0.7461,0,-1,-1
1505,64,29,739,183,106,0.7009,0,-1,-1
1505,72,850,682,95,91,0.7461,0,-1,-1
1506,60,477,685,178,96,0.8267,0,-1,-1
1506,62,1402,618,164,71,0.8199,0,-1,-1
1506,65,1059,596,163,78,0.7402,0,-1,-1
1506,66,661,592,162,57,0.7649,0,-1,-1
1506,67,1102,475,83,41,0.7549,0,-1,-1
1506,69,1821,330,50,26,0.7773,0,-1,-1
1506,71,894,467,83,42,0.6843,0,-1,-1
1506,73,454,520,129,55,0.6352,0,-1,-1
1506,68,802,488,105,49,0.7982,0,-1,-1
1506,87,1343,442,78,39,0.6316,0,-1,-1
1506,83,16,554,152,63,0.7138,2,-1,-1
1506,70,100,521,119,58,0.7090,2,-1,-1
1506,81,826,541,147,54,0.7295,0,-1,-1
1506,96,26,483,76,33,0.6740,2,-1,-1
1506,63,148,848,239,128,0.7170,0,-1,-1
1506,64,27,739,184,107,0.7217,0,-1,-1
1506,72,850,683,93,88,0.7520,0,-1,-1
1506,101,61,431,106,50,0.6021,2,-1,-1
1507,60,478,685,174,95,0.8344,0,-1,-1
1507,62,1400,618,167,72,0.8233,0,-1,-1
1507,65,1059,596,163,78,0.7402,0,-1,-1
1507,66,660,592,163,58,0.7578,0,-1,-1
1507,67,1102,474,83,42,0.7549,0,-1,-1
1507,69,1822,330,50,26,0.7827,0,-1,-1
1507,71,892,466,85,43,0.6910,0,-1,-1
1507,73,453,520,132,56,0.6114,0,-1,-1
1507,68,801,488,107,49,0.7982,0,-1,-1
1507,87,1344,442,78,39,0.6316,0,-1,-1
1507,83,15,551,155,65,0.6298,2,-1,-1
1507,70,101,521,119,58,0.6926,2,-1,-1
1507,81,824,540,151,56,0.7663,0,-1,-1
1507,96,27,484,75,32,0.6514,2,-1,-1
1507,63,148,849,237,127,0.7154,0,-1,-1
1507,64,26,739,185,107,0.7090,0,-1,-1
1507,72,850,683,92,88,0.7718,0,-1,-1
1508,60,477,685,174,94,0.8366,0,-1,-1
1508,62,1398,617,171,74,0.8176,0,-1,-1
1508,65,1059,596,163,78,0.7280,0,-1,-1
1508,66,660,592,162,58,0.7677,0,-1,-1
1508,67,1102,474,83,42,0.7549,0,-1,-1
1508,69,1823,330,50,26,0.7800,0,-1,-1
1508,71,891,465,87,44,0.6993,0,-1,-1
1508,73,452,520,134,57,0.6352,0,-1,-1
1508,68,802,488,105,49,0.7994,0,-1,-1
1508,87,1345,442,77,40,0.6334,0,-1,-1
1508,70,101,521,120,58,0.6976,2,-1,-1
1508,81,824,540,151,56,0.7476,0,-1,-1
1508,63,148,850,236,126,0.7372,0,-1,-1
1508,64,28,739,182,106,0.7042,0,-1,-1
1508,72,851,684,91,85,0.7233,0,-1,-1
1508,102,1601,307,30,18,0.6316,0,-1,-1
1509,60,478,686,174,94,0.8376,0,-1,-1
1509,62,1397,617,172,75,0.8210,0,-1,-1
1509,65,1061,598,159,75,0.7417,0,-1,-1
1509,66,659,591,163,59,0.7705,0,-1,-1
1509,67,1102,474,84,42,0.7520,0,-1,-1
1509,69,1823,330,50,26,0.7732,0,-1,-1
1509,71,892,465,87,44,0.7042,0,-1,-1
1509,73,453,519,134,57,0.6151,0,-1,-1
1509,68,801,488,106,49,0.7969,0,-1,-1
1509,87,1345,443,78,40,0.6602,0,-1,-1
1509,70,100,520,123,60,0.6169,2,-1,-1
1509,81,824,540,151,56,0.7520,0,-1,-1
1509,63,145,849,240,128,0.7264,0,-1,-1
1509,64,28,738,181,105,0.7432,0,-1,-1
1509,72,849,684,92,86,0.7432,0,-1,-1
1509,102,1601,307,31,18,0.6225,0,-1,-1
1509,96,26,482,78,34,0.6039,2,-1,-1
1510,60,478,686,175,94,0.8333,0,-1,-1
1510,62,1397,617,171,75,0.8222,0,-1,-1
1510,65,1060,598,159,75,0.7311,0,-1,-1
1510,66,659,591,163,59,0.7606,0,-1,-1
1510,67,1102,474,84,43,0.7506,0,-1,-1
1510,69,1822,329,52,28,0.7677,0,-1,-1
1510,71,892,465,87,44,0.7138,0,-1,-1
1510,68,801,488,106,49,0.7969,0,-1,-1
1510,87,1345,443,77,40,0.6775,0,-1,-1
1510,70,100,520,123,60,0.6388,2,-1,-1
1510,81,824,540,151,56,0.7520,0,-1,-1
1510,63,144,850,239,128,0.7090,0,-1,-1
1510,64,27,737,182,105,0.7009,0,-1,-1
1510,72,848,684,92,85,0.7009,0,-1,-1
1510,96,26,482,78,34,0.6478,2,-1,-1
1511,60,478,685,175,95,0.8333,0,-1,-1
1511,62,1396,618,171,74,0.8199,0,-1,-1
1511,65,1060,598,159,75,0.7249,0,-1,-1
1511,66,659,591,163,59,0.7592,0,-1,-1
1511,67,1102,475,84,42,0.7535,0,-1,-1
1511,69,1823,329,52,28,0.7606,0,-1,-1
1511,71,892,465,87,44,0.7186,0,-1,-1
1511,68,801,488,107,49,0.7957,0,-1,-1
1511,87,1345,443,78,40,0.6689,0,-1,-1
1511,70,100,520,122,60,0.6132,2,-1,-1
1511,81,824,540,151,56,0.7491,0,-1,-1
1511,63,143,850,241,129,0.7564,0,-1,-1
1511,64,26,735,184,107,0.6514,0,-1,-1
1511,72,847,683,93,86,0.7295,0,-1,-1
1511,96,25,481,79,35,0.6261,2,-1,-1
1512,60,479,686,173,94,0.8267,0,-1,-1
1512,62,1397,618,169,74,0.8245,0,-1,-1
1512,65,1061,598,158,75,0.7506,0,-1,-1
1512,66,659,591,163,59,0.7491,0,-1,-1
1512,67,1101,474,85,44,0.7578,0,-1,-1
1512,69,1825,330,51,27,0.7447,0,-1,-1
1512,71,892,465,88,44,0.7202,0,-1,-1
1512,68,801,488,107,49,0.7905,0,-1,-1
1512,87,1345,443,77,40,0.6809,0,-1,-1
1512,70,100,520,121,60,0.6058,2,-1,-1
1512,81,824,540,150,56,0.6206,0,-1,-1
1512,63,140,847,246,131,0.8093,0,-1,-1
1512,64,26,736,182,107,0.6943,0,-1,-1
1512,72,847,683,93,86,0.7154,0,-1,-1
1512,101,65,431,103,49,0.6976,2,-1,-1
1513,60,478,686,173,94,0.8222,0,-1,-1
1513,62,1397,618,168,74,0.8278,0,-1,-1
1513,65,1061,598,160,75,0.7535,0,-1,-1
1513,66,659,591,162,59,0.7491,0,-1,-1
1513,67,1101,475,86,43,0.7578,0,-1,-1
1513,69,1825,330,52,28,0.7122,0,-1,-1
1513,71,894,465,86,44,0.7170,0,-1,-1
1513,68,802,488,106,49,0.8093,0,-1,-1
1513,87,1345,443,77,40,0.6993,0,-1,-1
1513,70,101,521,117,58,0.6370,2,-1,-1
1513,63,140,845,245,131,0.7506,0,-1,-1
1513,64,25,734,184,107,0.6860,0,-1,-1
1513,72,847,683,93,86,0.6225,0,-1,-1
1513,101,67,432,101,47,0.7578,2,-1,-1
1514,60,478,686,172,94,0.8256,0,-1,-1
1514,62,1397,618,168,74,0.8278,0,-1,-1
1514,65,1062,598,159,75,0.7621,0,-1,-1
1514,66,659,591,161,58,0.7606,0,-1,-1
1514,67,1101,475,86,43,0.7621,0,-1,-1
1514,69,1824,330,53,28,0.7154,0,-1,-1
1514,71,894,465,86,44,0.7138,0,-1,-1
1514,68,802,488,106,49,0.8152,0,-1,-1
1514,87,1346,444,76,39,0.6943,0,-1,-1
1514,70,102,522,116,56,0.6567,2,-1,-1
1514,63,139,843,249,132,0.7202,0,-1,-1
1514,64,26,736,183,106,0.7635,0,-1,-1
1514,72,846,683,93,85,0.6876,0,-1,-1
1514,101,68,432,100,47,0.7649,2,-1,-1
1514,81,824,539,148,55,0.6095,0,-1,-1
1515,60,477,687,171,92,0.8256,0,-1,-1
1515,62,1398,619,167,73,0.8233,0,-1,-1
1515,65,1062,597,160,75,0.7564,0,-1,-1
1515,66,659,592,161,57,0.7592,0,-1,-1
1515,67,1101,475,86,44,0.7649,0,-1,-1
1515,69,1826,330,52,28,0.7186,0,-1,-1
1515,71,894,465,86,44,0.7090,0,-1,-1
1515,68,803,488,106,49,0.8199,0,-1,-1
1515,87,1345,443,78,40,0.6860,0,-1,-1
1515,63,140,841,248,133,0.6132,0,-1,-1
1515,64,27,736,182,106,0.7432,0,-1,-1
1515,101,68,432,101,47,0.7606,2,-1,-1
1515,81,824,540,148,55,0.6943,0,-1,-1
1515,73,456,519,133,56,0.6151,0,-1,-1
1516,60,479,686,169,92,0.8267,0,-1,-1
1516,62,1397,618,168,74,0.8233,0,-1,-1
1516,65,1061,596,163,77,0.7606,0,-1,-1
1516,66,659,592,161,57,0.7677,0,-1,-1
1516,67,1101,475,86,44,0.7705,0,-1,-1
1516,69,1827,330,53,28,0.7090,0,-1,-1
1516,71,897,467,83,42,0.7154,0,-1,-1
1516,68,803,488,106,49,0.8199,0,-1,-1
1516,87,1346,443,77,40,0.6775,0,-1,-1
1516,63,140,840,249,134,0.6442,0,-1,-1
1516,64,27,735,183,107,0.7705,0,-1,-1
1516,101,69,432,100,47,0.7249,2,-1,-1
1516,81,824,540,148,56,0.7122,0,-1,-1
1516,73,457,520,132,55,0.6893,0,-1,-1
1516,72,843,682,95,86,0.6740,0,-1,-1
1517,60,478,686,171,92,0.8233,0,-1,-1
1517,62,1398,619,167,73,0.8210,0,-1,-1
1517,65,1060,595,165,78,0.7635,0,-1,-1
1517,66,659,592,161,57,0.7677,0,-1,-1
1517,67,1102,475,84,43,0.7718,0,-1,-1
1517,69,1827,330,53,28,0.7074,0,-1,-1
1517,71,898,468,81,41,0.7202,0,-1,-1
1517,68,803,488,106,49,0.8187,0,-1,-1
1517,87,1346,443,78,40,0.6775,0,-1,-1
1517,63,141,840,248,133,0.6188,0,-1,-1
1517,64,27,735,183,107,0.7786,0,-1,-1
1517,101,69,432,100,47,0.7356,2,-1,-1
1517,81,824,540,148,56,0.7122,0,-1,-1
1517,73,457,519,132,56,0.6876,0,-1,-1
1517,72,842,683,96,87,0.7280,0,-1,-1
1518,60,476,684,175,95,0.8176,0,-1,-1
1518,62,1398,619,167,72,0.8278,0,-1,-1
1518,65,1060,597,162,76,0.7705,0,-1,-1
1518,66,659,592,161,57,0.7800,0,-1,-1
1518,67,1102,475,84,43,0.7592,0,-1,-1
1518,69,1828,330,52,28,0.7042,0,-1,-1
1518,71,898,468,81,41,0.7341,0,-1,-1
1518,68,804,488,105,49,0.8222,0,-1,-1
1518,87,1347,443,77,40,0.6706,0,-1,-1
1518,64,28,736,181,105,0.8044,0,-1,-1
1518,101,69,432,101,47,0.7663,2,-1,-1
1518,81,824,540,148,56,0.6893,0,-1,-1
1518,73,457,519,131,56,0.6460,0,-1,-1
1518,72,842,681,97,88,0.7217,0,-1,-1
1518,83,22,551,145,60,0.6549,2,-1,-1
1518,70,107,525,114,55,0.6758,2,-1,-1
1519,60,476,684,174,94,0.8117,0,-1,-1
1519,62,1398,619,165,73,0.8376,0,-1,-1
1519,65,1061,598,158,75,0.7677,0,-1,-1
1519,66,659,592,161,57,0.7905,0,-1,-1
1519,67,1102,475,84,42,0.7578,0,-1,-1
1519,69,1828,331,52,27,0.6943,0,-1,-1
1519,71,898,468,81,41,0.7372,0,-1,-1
1519,68,805,488,105,49,0.8210,0,-1,-1
1519,87,1347,443,77,40,0.6637,0,-1,-1
1519,64,28,737,180,104,0.7827,0,-1,-1
1519,101,70,432,101,47,0.7202,2,-1,-1
1519,81,824,541,148,54,0.7090,0,-1,-1
1519,73,457,519,131,56,0.6424,0,-1,-1
1519,72,841,681,98,89,0.7202,0,-1,-1
1519,83,24,552,141,59,0.6910,2,-1,-1
1519,70,108,526,113,54,0.6706,2,-1,-1
1519,78,615,350,55,30,0.6316,0,-1,-1
1519,63,143,843,240,130,0.6960,0,-1,-1
1520,60,475,684,175,95,0.8141,0,-1,-1
1520,62,1398,620,165,72,0.8408,0,-1,-1
1520,65,1060,598,160,75,0.7677,0,-1,-1
1520,66,659,592,161,57,0.7905,0,-1,-1
1520,67,1103,475,83,42,0.7578,0,-1,-1
1520,69,1830,331,51,27,0.6792,0,-1,-1
1520,71,898,468,82,41,0.7295,0,-1,-1
1520,68,805,488,105,49,0.8245,0,-1,-1
1520,87,1347,443,77,40,0.6654,0,-1,-1
1520,64,28,737,179,104,0.7957,0,-1,-1
1520,101,70,432,101,47,0.7432,2,-1,-1
1520,81,824,541,147,54,0.7372,0,-1,-1
1520,73,458,519,129,55,0.6775,0,-1,-1
1520,72,841,680,98,89,0.6876,0,-1,-1
1520,83,25,553,139,58,0.6893,2,-1,-1
1520,70,108,525,115,56,0.6654,2,-1,-1
1520,78,614,350,56,31,0.6424,0,-1,-1
1520,63,146,846,234,125,0.7649,0,-1,-1
1521,60,477,685,172,93,0.8164,0,-1,-1
1521,62,1396,619,168,73,0.8355,0,-1,-1
1521,65,1060,598,159,75,0.7732,0,-1,-1
1521,66,660,592,159,57,0.7705,0,-1,-1
1521,67,1103,475,83,42,0.7621,0,-1,-1
1521,69,1831,331,51,27,0.7074,0,-1,-1
1521,71,898,468,82,41,0.7233,0,-1,-1
1521,68,804,488,108,49,0.8278,0,-1,-1
1521,87,1347,443,77,40,0.6706,0,-1,-1
1521,64,27,737,179,104,0.7944,0,-1,-1
1521,101,70,431,102,49,0.7649,2,-1,-1
1521,81,824,540,148,56,0.7341,0,-1,-1
1521,73,458,520,129,54,0.6960,0,-1,-1
1521,72,838,677,102,94,0.6567,0,-1,-1
1521,83,25,553,139,57,0.7773,2,-1,-1
1521,70,109,526,112,54,0.6619,2,-1,-1
1521,78,615,350,56,31,0.6460,0,-1,-1
1521,63,145,846,233,124,0.7280,0,-1,-1
1522,60,477,684,172,93,0.8141,0,-1,-1
1522,62,1397,619,166,73,0.8322,0,-1,-1
1522,65,1059,598,161,75,0.7746,0,-1,-1
1522,66,660,592,159,57,0.7813,0,-1,-1
1522,67,1103,475,83,42,0.7606,0,-1,-1
1522,69,1831,331,51,26,0.7074,0,-1,-1
1522,71,898,468,81,41,0.7295,0,-1,-1
1522,68,804,488,107,49,0.8256,0,-1,-1
1522,87,1347,443,77,40,0.6792,0,-1,-1
1522,64,26,736,180,105,0.7982,0,-1,-1
1522,101,69,431,104,49,0.7372,2,-1,-1
1522,81,822,540,151,56,0.7592,0,-1,-1
1522,73,456,519,132,56,0.7217,0,-1,-1
1522,72,837,677,103,94,0.7249,0,-1,-1
1522,83,24,552,142,59,0.7718,2,-1,-1
1522,70,110,527,110,53,0.6619,2,-1,-1
1522,78,614,350,57,31,0.6021,0,-1,-1
1522,63,143,847,234,125,0.7387,0,-1,-1
1523,60,477,683,173,94,0.8176,0,-1,-1
1523,62,1397,619,166,73,0.8322,0,-1,-1
1523,65,1059,598,161,76,0.7705,0,-1,-1
1523,66,661,591,159,57,0.7813,0,-1,-1
1523,67,1103,474,84,44,0.7578,0,-1,-1
1523,69,1833,331,50,26,0.6893,0,-1,-1
1523,71,898,468,81,41,0.7264,0,-1,-1
1523,68,804,488,107,49,0.8278,0,-1,-1
1523,87,1348,443,76,40,0.6826,0,-1,-1
1523,64,26,735,180,105,0.7931,0,-1,-1
1523,101,68,430,106,50,0.7009,2,-1,-1
1523,81,823,540,150,56,0.7432,0,-1,-1
1523,73,456,518,133,58,0.7122,0,-1,-1
1523,72,835,677,105,96,0.7217,0,-1,-1
1523,83,23,552,143,59,0.7813,2,-1,-1
1523,70,109,527,111,53,0.6943,2,-1,-1
1523,63,143,845,232,123,0.6478,0,-1,-1
1524,60,478,684,170,93,0.8233,0,-1,-1
1524,62,1396,619,166,72,0.8344,0,-1,-1
1524,65,1059,599,161,75,0.7635,0,-1,-1
1524,66,661,591,159,57,0.7931,0,-1,-1
1524,67,1103,474,84,44,0.7578,0,-1,-1
1524,69,1834,331,50,26,0.7074,0,-1,-1
1524,71,899,468,81,41,0.7186,0,-1,-1
1524,68,804,487,108,51,0.8245,0,-1,-1
1524,87,1349,443,75,40,0.6706,0,-1,-1
1524,64,25,736,181,104,0.8210,0,-1,-1
1524,81,823,540,150,56,0.7578,0,-1,-1
1524,73,455,518,134,58,0.7233,0,-1,-1
1524,72,834,677,106,98,0.7746,0,-1,-1
1524,83,23,552,144,60,0.7840,2,-1,-1
1524,70,108,526,112,53,0.7280,2,-1,-1
1525,60,477,684,171,92,0.8289,0,-1,-1
1525,62,1396,619,165,72,0.8387,0,-1,-1
1525,65,1059,600,161,74,0.7535,0,-1,-1
1525,66,661,591,159,56,0.7969,0,-1,-1
1525,67,1104,474,83,43,0.7606,0,-1,-1
1525,69,1834,330,51,27,0.7170,0,-1,-1
1525,71,898,468,82,41,0.7217,0,-1,-1
1525,68,804,487,108,51,0.8245,0,-1,-1
1525,87,1349,443,76,40,0.6671,0,-1,-1
1525,64,26,736,179,103,0.8344,0,-1,-1
1525,81,823,540,150,56,0.7506,0,-1,-1
1525,73,457,518,130,56,0.7295,0,-1,-1
1525,72,836,678,103,95,0.7264,0,-1,-1
1525,83,23,552,145,60,0.7879,2,-1,-1
1525,70,107,525,113,53,0.7295,2,-1,-1
1525,78,616,350,55,31,0.6021,0,-1,-1
1525,63,137,843,240,128,0.7170,0,-1,-1
1526,60,475,683,173,94,0.8289,0,-1,-1
1526,62,1396,619,165,72,0.8387,0,-1,-1
1526,65,1058,600,163,74,0.7535,0,-1,-1
1526,66,661,591,159,57,0.7982,0,-1,-1
1526,67,1104,475,84,43,0.7635,0,-1,-1
1526,69,1834,330,51,27,0.7074,0,-1,-1
1526,71,899,468,81,41,0.7233,0,-1,-1
1526,68,803,487,109,51,0.8222,0,-1,-1
1526,87,1350,443,74,39,0.6723,0,-1,-1
1526,64,26,736,180,103,0.8366,0,-1,-1
1526,81,823,540,150,56,0.7461,0,-1,-1
1526,73,457,518,129,56,0.7311,0,-1,-1
1526,72,837,679,101,93,0.7402,0,-1,-1
1526,83,23,552,145,60,0.7944,2,-1,-1
1526,70,105,525,115,53,0.7295,2,-1,-1
1526,78,616,350,55,31,0.6002,0,-1,-1
1526,63,137,843,240,128,0.7759,0,-1,-1
1527,60,476,684,171,92,0.8344,0,-1,-1
1527,62,1394,619,167,72,0.8344,0,-1,-1
1527,65,1056,599,165,76,0.7447,0,-1,-1
1527,66,659,590,162,58,0.7994,0,-1,-1
1527,67,1103,475,85,43,0.7635,0,-1,-1
1527,69,1836,331,50,26,0.6809,0,-1,-1
1527,71,899,468,82,41,0.7295,0,-1,-1
1527,68,804,488,107,49,0.8141,0,-1,-1
1527,87,1351,443,72,38,0.6602,0,-1,-1
1527,64,28,736,176,101,0.8256,0,-1,-1
1527,81,824,540,148,56,0.6826,0,-1,-1
1527,73,457,518,129,55,0.7461,0,-1,-1
1527,72,835,679,101,93,0.7138,0,-1,-1
1527,83,23,551,146,61,0.7853,2,-1,-1
1527,70,103,524,119,55,0.7264,2,-1,-1
1527,78,617,351,54,29,0.6002,0,-1,-1
1527,63,139,843,236,125,0.7982,0,-1,-1
1528,60,475,684,171,92,0.8344,0,-1,-1
1528,62,1393,618,168,74,0.8322,0,-1,-1
1528,65,1056,599,163,75,0.7549,0,-1,-1
1528,66,659,590,163,58,0.7957,0,-1,-1
1528,67,1104,475,84,44,0.7606,0,-1,-1
1528,69,1837,331,50,26,0.6943,0,-1,-1
1528,71,899,468,82,41,0.7326,0,-1,-1
1528,68,804,488,107,49,0.8117,0,-1,-1
1528,87,1352,443,73,39,0.6654,0,-1,-1
1528,64,27,736,177,101,0.8256,0,-1,-1
1528,81,825,541,146,54,0.6689,0,-1,-1
1528,73,457,519,128,54,0.7202,0,-1,-1
1528,72,834,680,100,92,0.6549,0,-1,-1
1528,83,24,552,144,59,0.7866,2,-1,-1
1528,70,103,523,120,56,0.7233,2,-1,-1
1528,63,137,843,241,127,0.7879,0,-1,-1
1528,104,317,455,75,34,0.6460,2,-1,-1
1529,60,474,684,172,92,0.8289,0,-1,-1
1529,62,1393,619,168,72,0.8355,0,-1,-1
1529,65,1054,599,165,76,0.7520,0,-1,-1
1529,66,657,589,166,59,0.7931,0,-1,-1
1529,67,1104,475,84,44,0.7621,0,-1,-1
1529,69,1838,331,50,26,0.7217,0,-1,-1
1529,71,899,468,82,41,0.7402,0,-1,-1
1529,68,805,488,106,49,0.8141,0,-1,-1
1529,87,1352,443,73,39,0.6637,0,-1,-1
1529,64,27,736,178,101,0.8267,0,-1,-1
1529,81,825,541,146,54,0.6316,0,-1,-1
1529,73,457,519,127,54,0.7372,0,-1,-1
1529,72,833,681,100,92,0.7058,0,-1,-1
1529,83,25,551,141,59,0.7786,2,-1,-1
1529,70,103,522,121,56,0.7264,2,-1,-1
1529,63,136,841,243,129,0.7866,0,-1,-1
1529,104,316,455,76,34,0.6261,2,-1,-1
1530,60,474,683,173,93,0.8408,0,-1,-1
1530,62,1392,618,170,74,0.8267,0,-1,-1
1530,65,1053,599,166,76,0.7564,0,-1,-1
1530,66,656,589,166,59,0.7918,0,-1,-1
1530,67,1105,475,84,44,0.7592,0,-1,-1
1530,69,1839,331,50,27,0.7074,0,-1,-1
1530,71,899,468,83,41,0.7432,0,-1,-1
1530,68,805,488,106,49,0.8152,0,-1,-1
1530,87,1352,442,74,39,0.6876,0,-1,-1
1530,64,23,735,182,103,0.7827,0,-1,-1
1530,81,826,541,144,54,0.6388,0,-1,-1
1530,73,457,519,128,54,0.7106,0,-1,-1
1530,72,835,682,96,89,0.6584,0,-1,-1
1530,83,26,551,140,58,0.7800,2,-1,-1
1530,70,104,522,122,56,0.7341,2,-1,-1
1530,63,137,842,241,127,0.6976,0,-1,-1
1530,104,314,454,80,36,0.6352,2,-1,-1
1531,60,475,683,172,92,0.8344,0,-1,-1
1531,62,1392,618,170,74,0.8187,0,-1,-1
1531,65,1052,598,167,77,0.7635,0,-1,-1
1531,66,655,589,166,60,0.7905,0,-1,-1
1531,67,1104,474,86,44,0.7578,0,-1,-1
1531,69,1841,332,49,26,0.6442,0,-1,-1
1531,71,899,467,84,43,0.7447,0,-1,-1
1531,68,806,488,105,48,0.8164,0,-1,-1
1531,87,1352,442,74,39,0.6960,0,-1,-1
1531,64,21,735,183,103,0.7759,0,-1,-1
1531,81,828,542,140,51,0.6406,0,-1,-1
1531,73,457,519,128,55,0.7058,0,-1,-1
1531,72,835,684,95,87,0.6976,0,-1,-1
1531,83,25,551,142,58,0.7800,2,-1,-1
1531,70,102,521,125,58,0.7417,2,-1,-1
1531,63,139,840,237,127,0.7106,0,-1,-1
1531,104,315,453,79,37,0.6406,2,-1,-1
1531,78,619,351,54,30,0.6206,0,-1,-1
1532,60,474,682,173,93,0.8355,0,-1,-1
1532,62,1392,618,170,74,0.8199,0,-1,-1
1532,65,1052,598,167,77,0.7649,0,-1,-1
1532,66,655,589,165,60,0.7931,0,-1,-1
1532,67,1104,474,86,44,0.7578,0,-1,-1
1532,69,1841,332,49,26,0.6316,0,-1,-1
1532,71,899,467,84,43,0.7432,0,-1,-1
1532,68,807,488,104,48,0.8129,0,-1,-1
1532,87,1352,442,74,39,0.6876,0,-1,-1
1532,64,19,735,184,103,0.7718,0,-1,-1
1532,81,828,542,140,51,0.6206,0,-1,-1
1532,73,456,520,130,54,0.7025,0,-1,-1
1532,72,835,683,96,88,0.7154,0,-1,-1
1532,83,24,551,145,59,0.7840,2,-1,-1
1532,70,102,521,125,58,0.7372,2,-1,-1
1532,63,139,838,237,127,0.6637,0,-1,-1
1532,104,316,454,78,36,0.6077,2,-1,-1
1532,78,620,352,54,30,0.6298,0,-1,-1
1532,96,35,479,76,33,0.6039,2,-1,-1
1533,60,472,682,175,93,0.8397,0,-1,-1
1533,62,1392,618,170,74,0.8267,0,-1,-1
1533,65,1049,596,172,79,0.7705,0,-1,-1
1533,66,654,589,165,60,0.7853,0,-1,-1
1533,67,1105,474,84,44,0.7520,0,-1,-1
1533,69,1842,332,50,26,0.7217,0,-1,-1
1533,71,900,467,83,43,0.7432,0,-1,-1
1533,68,806,487,106,48,0.8129,0,-1,-1
1533,87,1353,442,73,39,0.6960,0,-1,-1
1533,64,18,733,185,104,0.8019,0,-1,-1
1533,81,828,542,140,51,0.6460,0,-1,-1
1533,73,456,520,130,54,0.6976,0,-1,-1
1533,72,835,683,96,87,0.7122,0,-1,-1
1533,83,24,551,145,60,0.7813,2,-1,-1
1533,70,102,520,126,59,0.7311,2,-1,-1
1533,104,316,453,80,36,0.6188,2,-1,-1
1533,96,34,478,77,33,0.6460,2,-1,-1
1534,60,472,682,173,92,0.8355,0,-1,-1
1534,62,1392,618,170,74,0.8199,0,-1,-1
1534,65,1051,597,169,77,0.7476,0,-1,-1
1534,66,654,589,165,60,0.7840,0,-1,-1
1534,67,1105,474,84,44,0.7578,0,-1,-1
1534,69,1843,331,50,27,0.7202,0,-1,-1
1534,71,899,466,85,44,0.7402,0,-1,-1
1534,68,806,487,106,48,0.8081,0,-1,-1
1534,87,1354,442,72,39,0.6926,0,-1,-1
1534,64,19,733,184,103,0.7718,0,-1,-1
1534,73,456,519,130,55,0.6809,0,-1,-1
1534,72,834,683,96,88,0.7042,0,-1,-1
1534,83,23,551,147,60,0.8044,2,-1,-1
1534,70,103,520,124,58,0.7280,2,-1,-1
1534,104,317,453,79,36,0.6261,2,-1,-1
1534,96,34,478,77,33,0.6280,2,-1,-1
1534,63,136,836,236,125,0.6619,0,-1,-1
1535,60,472,683,171,91,0.8344,0,-1,-1
1535,62,1392,618,169,74,0.8278,0,-1,-1
1535,65,1052,597,167,77,0.7341,0,-1,-1
1535,66,654,589,165,60,0.7813,0,-1,-1
1535,67,1105,474,84,44,0.7578,0,-1,-1
1535,69,1844,332,49,26,0.7122,0,-1,-1
1535,71,899,466,85,44,0.7417,0,-1,-1
1535,68,807,487,105,48,0.8129,0,-1,-1
1535,87,1354,442,72,39,0.6876,0,-1,-1
1535,64,20,733,183,102,0.7372,0,-1,-1
1535,73,457,519,128,54,0.6689,0,-1,-1
1535,72,834,683,96,88,0.6689,0,-1,-1
1535,83,23,551,148,61,0.8044,2,-1,-1
1535,70,103,520,124,57,0.7491,2,-1,-1
1535,104,317,452,80,37,0.6424,2,-1,-1
1535,96,35,478,76,33,0.6298,2,-1,-1
1535,63,131,838,240,127,0.6960,0,-1,-1
1536,60,472,683,171,91,0.8322,0,-1,-1
1536,62,1394,619,165,72,0.8199,0,-1,-1
1536,65,1049,595,176,81,0.7106,0,-1,-1
1536,66,655,589,163,59,0.7813,0,-1,-1
1536,67,1105,474,84,43,0.7564,0,-1,-1
1536,69,1846,332,48,25,0.6809,0,-1,-1
1536,71,901,467,82,42,0.7402,0,-1,-1
1536,68,807,486,104,48,0.7957,0,-1,-1
1536,87,1354,442,72,39,0.6960,0,-1,-1
1536,64,20,733,182,102,0.6860,0,-1,-1
1536,73,457,519,128,53,0.6460,0,-1,-1
1536,83,26,552,143,59,0.8056,2,-1,-1
1536,70,101,519,124,58,0.7341,2,-1,-1
1536,96,37,477,74,33,0.6021,2,-1,-1
1536,63,135,839,231,122,0.7649,0,-1,-1
1537,60,471,683,173,91,0.8387,0,-1,-1
1537,62,1394,619,166,72,0.8093,0,-1,-1
1537,65,1050,595,175,81,0.7058,0,-1,-1
1537,66,656,590,161,58,0.7800,0,-1,-1
1537,67,1105,474,84,43,0.7606,0,-1,-1
1537,69,1846,331,49,27,0.7280,0,-1,-1
1537,71,901,467,81,41,0.7535,0,-1,-1
1537,68,807,486,104,47,0.7606,0,-1,-1
1537,87,1354,442,72,39,0.7154,0,-1,-1
1537,64,19,733,183,102,0.7549,0,-1,-1
1537,73,455,518,129,53,0.6424,0,-1,-1
1537,83,26,552,143,59,0.8129,2,-1,-1
1537,70,100,519,125,57,0.7311,2,-1,-1
1537,105,317,376,100,43,0.6584,0,-1,-1
1537,78,621,350,55,30,0.6114,0,-1,-1
1538,60,471,682,173,92,0.8344,0,-1,-1
1538,62,1393,618,168,74,0.8176,0,-1,-1
1538,65,1049,595,176,82,0.6960,0,-1,-1
1538,66,656,590,160,58,0.7786,0,-1,-1
1538,67,1104,473,86,44,0.7606,0,-1,-1
1538,69,1847,331,49,27,0.7356,0,-1,-1
1538,71,901,466,81,42,0.7549,0,-1,-1
1538,68,808,486,103,47,0.7549,0,-1,-1
1538,87,1354,442,72,39,0.7170,0,-1,-1
1538,64,17,732,187,104,0.7402,0,-1,-1
1538,73,454,518,132,54,0.6225,0,-1,-1
1538,83,27,552,141,59,0.8129,2,-1,-1
1538,70,99,519,126,57,0.7326,2,-1,-1
1538,105,317,376,100,42,0.6151,0,-1,-1
1538,106,1622,308,31,16,0.6442,0,-1,-1
1538,78,621,350,55,30,0.6206,0,-1,-1
1539,60,472,683,171,90,0.8397,0,-1,-1
1539,62,1393,618,168,74,0.8152,0,-1,-1
1539,65,1050,596,173,81,0.7074,0,-1,-1
1539,66,656,590,161,58,0.7813,0,-1,-1
1539,67,1104,472,86,45,0.7677,0,-1,-1
1539,69,1848,332,48,25,0.6388,0,-1,-1
1539,71,901,466,81,42,0.7592,0,-1,-1
1539,68,807,486,104,47,0.7520,0,-1,-1
1539,87,1354,442,72,39,0.7233,0,-1,-1
1539,64,16,732,186,104,0.7635,0,-1,-1
1539,73,455,518,132,54,0.6893,0,-1,-1
1539,83,27,552,141,58,0.8069,2,-1,-1
1539,70,96,519,128,57,0.7402,2,-1,-1
1539,106,1621,307,33,16,0.6460,0,-1,-1
1539,63,130,840,234,123,0.7417,0,-1,-1
1540,60,471,683,172,91,0.8366,0,-1,-1
1540,62,1392,619,169,74,0.8164,0,-1,-1
1540,65,1049,596,174,82,0.6876,0,-1,-1
1540,66,656,590,161,58,0.7759,0,-1,-1
1540,67,1105,473,85,44,0.7663,0,-1,-1
1540,69,1848,333,47,24,0.6406,0,-1,-1
1540,71,901,466,81,42,0.7592,0,-1,-1
1540,68,808,486,102,46,0.7476,0,-1,-1
1540,87,1355,443,71,37,0.7356,0,-1,-1
1540,64,14,730,190,107,0.7635,0,-1,-1
1540,73,456,518,131,54,0.6758,0,-1,-1
1540,83,29,552,138,56,0.8081,2,-1,-1
1540,70,98,519,128,57,0.7202,2,-1,-1
1540,106,1622,307,33,17,0.6424,0,-1,-1
1540,63,129,841,236,123,0.7009,0,-1,-1
1540,78,623,350,53,29,0.6442,0,-1,-1
1541,60,471,682,173,91,0.8355,0,-1,-1
1541,62,1393,619,168,74,0.8164,0,-1,-1
1541,65,1048,596,174,82,0.6960,0,-1,-1
1541,66,656,590,162,58,0.7759,0,-1,-1
1541,67,1104,474,86,44,0.7649,0,-1,-1
1541,69,1849,333,47,24,0.6792,0,-1,-1
1541,71,901,466,81,42,0.7592,0,-1,-1
1541,68,808,487,102,45,0.7520,0,-1,-1
1541,87,1355,442,72,38,0.7311,0,-1,-1
1541,64,14,730,190,107,0.7564,0,-1,-1
1541,73,456,518,131,54,0.6602,0,-1,-1
1541,83,30,552,137,56,0.8093,2,-1,-1
1541,70,98,519,129,57,0.7233,2,-1,-1
1541,106,1622,308,34,16,0.6388,0,-1,-1
1541,63,127,840,238,124,0.7491,0,-1,-1
1541,78,624,350,53,29,0.6478,0,-1,-1
1541,101,83,429,98,47,0.6243,2,-1,-1
1542,60,471,683,173,90,0.8311,0,-1,-1
1542,62,1392,619,170,75,0.8245,0,-1,-1
1542,65,1050,597,170,79,0.7090,0,-1,-1
1542,66,656,590,161,58,0.7691,0,-1,-1
1542,67,1105,474,85,44,0.7677,0,-1,-1
1542,69,1850,332,49,26,0.7025,0,-1,-1
1542,71,900,467,83,41,0.7520,0,-1,-1
1542,68,809,487,101,45,0.7447,0,-1,-1
1542,87,1355,443,73,39,0.7154,0,-1,-1
1542,64,12,730,192,108,0.7746,0,-1,-1
1542,73,455,517,134,55,0.6926,0,-1,-1
1542,83,29,552,139,56,0.8032,2,-1,-1
1542,70,100,518,131,58,0.6893,2,-1,-1
1542,106,1622,307,34,18,0.6370,0,-1,-1
1542,78,624,351,54,29,0.6723,0,-1,-1
1542,72,832,685,96,87,0.6370,0,-1,-1
1542,105,316,376,100,42,0.6021,0,-1,-1
1543,60,470,682,173,90,0.8289,0,-1,-1
1543,62,1391,619,172,75,0.8222,0,-1,-1
1543,65,1049,596,172,81,0.7186,0,-1,-1
1543,66,656,590,160,58,0.7705,0,-1,-1
1543,67,1104,474,87,44,0.7677,0,-1,-1
1543,69,1850,332,49,26,0.6188,0,-1,-1
1543,71,901,466,81,42,0.7506,0,-1,-1
1543,68,809,487,101,45,0.7506,0,-1,-1
1543,87,1355,444,73,38,0.7122,0,-1,-1
1543,64,12,728,191,109,0.7387,0,-1,-1
1543,73,454,516,136,56,0.6893,0,-1,-1
1543,83,28,551,141,57,0.8105,2,-1,-1
1543,70,102,518,130,58,0.6876,2,-1,-1
1543,106,1622,307,34,18,0.6424,0,-1,-1
1543,78,624,351,55,29,0.6460,0,-1,-1
1543,72,832,686,96,87,0.6619,0,-1,-1
1543,105,319,375,97,42,0.6021,0,-1,-1
1544,60,469,682,174,91,0.8256,0,-1,-1
1544,62,1391,619,171,75,0.8187,0,-1,-1
1544,65,1053,598,165,78,0.7356,0,-1,-1
1544,66,656,590,160,58,0.7705,0,-1,-1
1544,67,1104,474,87,44,0.7677,0,-1,-1
1544,69,1850,333,49,25,0.6114,0,-1,-1
1544,71,900,466,83,42,0.7535,0,-1,-1
1544,68,809,487,102,45,0.7264,0,-1,-1
1544,87,1356,444,72,38,0.7090,0,-1,-1
1544,64,11,728,191,109,0.6706,0,-1,-1
1544,73,454,516,136,56,0.6826,0,-1,-1
1544,83,26,551,144,58,0.8069,2,-1,-1
1544,70,103,519,129,56,0.6792,2,-1,-1
1544,106,1623,307,34,18,0.6514,0,-1,-1
1544,78,625,351,55,29,0.6406,0,-1,-1
1544,72,831,685,98,88,0.6478,0,-1,-1
1544,101,86,429,95,46,0.6370,2,-1,-1
1545,60,468,682,174,91,0.8300,0,-1,-1
1545,62,1390,619,172,75,0.8210,0,-1,-1
1545,65,1053,598,164,76,0.7432,0,-1,-1
1545,66,655,590,161,58,0.7578,0,-1,-1
1545,67,1104,473,87,46,0.7635,0,-1,-1
1545,69,1850,331,52,27,0.6993,0,-1,-1
1545,71,900,466,83,42,0.7491,0,-1,-1
1545,68,810,487,101,45,0.7202,0,-1,-1
1545,87,1356,443,74,40,0.7233,0,-1,-1
1545,64,11,728,189,108,0.7402,0,-1,-1
1545,73,456,516,133,56,0.6567,0,-1,-1
1545,83,26,551,145,59,0.8105,2,-1,-1
1545,70,105,518,127,55,0.6792,2,-1,-1
1545,106,1623,308,35,17,0.6039,0,-1,-1
1545,78,625,351,56,29,0.6243,0,-1,-1
1545,72,829,682,102,92,0.6114,0,-1,-1
1545,101,86,430,95,45,0.6388,2,-1,-1
1545,63,116,832,254,133,0.6809,0,-1,-1
1546,60,468,681,173,91,0.8300,0,-1,-1
1546,62,1389,619,173,75,0.8187,0,-1,-1
1546,65,1053,597,162,76,0.7535,0,-1,-1
1546,66,656,590,159,58,0.7732,0,-1,-1
1546,67,1105,474,86,44,0.7649,0,-1,-1
1546,69,1851,331,52,27,0.6740,0,-1,-1
1546,71,900,466,83,42,0.7564,0,-1,-1
1546,68,810,487,102,45,0.7827,0,-1,-1
1546,87,1356,444,74,38,0.7311,0,-1,-1
1546,64,12,729,186,106,0.7786,0,-1,-1
1546,73,457,517,131,54,0.6860,0,-1,-1
1546,83,27,551,145,59,0.8141,2,-1,-1
1546,70,105,518,129,55,0.6424,2,-1,-1
1546,78,626,351,54,29,0.6225,0,-1,-1
1546,105,322,376,95,40,0.6095,0,-1,-1
1547,60,468,681,173,91,0.8278,0,-1,-1
1547,62,1389,619,173,75,0.8187,0,-1,-1
1547,65,1053,598,162,75,0.7564,0,-1,-1
1547,66,656,590,160,58,0.7746,0,-1,-1
1547,67,1105,474,87,45,0.7649,0,-1,-1
1547,69,1851,332,53,26,0.6654,0,-1,-1
1547,71,901,466,82,42,0.7549,0,-1,-1
1547,68,810,487,102,45,0.7905,0,-1,-1
1547,87,1357,444,72,38,0.7326,0,-1,-1
1547,64,13,730,184,105,0.7840,0,-1,-1
1547,73,458,517,130,54,0.6860,0,-1,-1
1547,83,27,550,146,60,0.8105,2,-1,-1
1547,70,105,517,130,56,0.6388,2,-1,-1
1547,78,627,351,53,29,0.6002,0,-1,-1
1547,105,322,376,95,40,0.6261,0,-1,-1
1548,60,467,681,174,90,0.8245,0,-1,-1
1548,62,1388,618,174,77,0.8233,0,-1,-1
1548,65,1052,597,165,77,0.7718,0,-1,-1
1548,66,657,590,159,58,0.7746,0,-1,-1
1548,67,1105,474,87,45,0.7592,0,-1,-1
1548,69,1851,332,53,27,0.6531,0,-1,-1
1548,71,901,466,82,42,0.7535,0,-1,-1
1548,68,810,487,101,45,0.7892,0,-1,-1
1548,87,1357,444,72,38,0.7447,0,-1,-1
1548,64,13,730,184,105,0.7387,0,-1,-1
1548,73,459,517,129,54,0.6424,0,-1,-1
1548,83,28,549,145,60,0.8093,2,-1,-1
1548,70,108,517,130,56,0.6206,2,-1,-1
1548,105,322,375,96,41,0.6876,0,-1,-1
1548,101,87,429,94,45,0.6809,2,-1,-1
1549,60,467,680,174,91,0.8210,0,-1,-1
1549,62,1389,619,171,75,0.8210,0,-1,-1
1549,65,1051,597,168,78,0.7800,0,-1,-1
1549,66,657,590,159,58,0.7786,0,-1,-1
1549,67,1107,474,86,45,0.7606,0,-1,-1
1549,69,1852,331,53,27,0.6860,0,-1,-1
1549,71,902,466,81,42,0.7476,0,-1,-1
1549,68,809,488,103,44,0.7982,0,-1,-1
1549,87,1358,444,71,38,0.7447,0,-1,-1
1549,64,12,730,184,105,0.7535,0,-1,-1
1549,73,458,517,129,54,0.6132,0,-1,-1
1549,83,30,550,141,57,0.8019,2,-1,-1
1549,70,109,517,130,57,0.6077,2,-1,-1
1549,105,322,376,97,41,0.6943,0,-1,-1
1549,101,87,429,95,45,0.6809,2,-1,-1
1549,81,826,541,141,51,0.6077,0,-1,-1
1549,72,827,682,103,93,0.6619,0,-1,-1
1549,63,124,837,238,124,0.7138,0,-1,-1
1550,60,467,680,174,91,0.8187,0,-1,-1
1550,62,1388,619,172,75,0.8164,0,-1,-1
1550,65,1050,597,169,79,0.7813,0,-1,-1
1550,66,656,590,162,58,0.7705,0,-1,-1
1550,67,1107,474,86,44,0.7578,0,-1,-1
1550,69,1854,331,52,27,0.6843,0,-1,-1
1550,71,902,467,81,40,0.7476,0,-1,-1
1550,68,809,487,105,46,0.8117,0,-1,-1
1550,87,1359,445,71,36,0.7417,0,-1,-1
1550,64,12,730,184,105,0.7840,0,-1,-1
1550,83,30,550,142,57,0.8081,2,-1,-1
1550,70,108,517,131,57,0.6316,2,-1,-1
1550,105,323,376,96,41,0.6619,0,-1,-1
1550,101,87,429,95,44,0.6893,2,-1,-1
1550,81,825,541,143,51,0.6758,0,-1,-1
1550,72,827,682,103,93,0.6723,0,-1,-1
1550,63,127,839,232,121,0.7549,0,-1,-1
1551,60,465,681,177,91,0.8210,0,-1,-1
1551,62,1387,618,172,76,0.8117,0,-1,-1
1551,65,1047,597,173,81,0.7840,0,-1,-1
1551,66,654,589,163,60,0.7691,0,-1,-1
1551,67,1108,474,84,43,0.7520,0,-1,-1
1551,69,1855,332,51,26,0.6225,0,-1,-1
1551,71,903,467,80,40,0.7432,0,-1,-1
1551,68,808,487,107,47,0.8187,0,-1,-1
1551,87,1359,445,71,36,0.7506,0,-1,-1
1551,64,11,729,185,105,0.7280,0,-1,-1
1551,83,30,550,140,57,0.8117,2,-1,-1
1551,101,89,429,93,44,0.6567,2,-1,-1
1551,81,824,541,145,51,0.7058,0,-1,-1
1551,72,826,681,103,95,0.7106,0,-1,-1
1551,63,125,839,234,121,0.7295,0,-1,-1
1551,106,1629,308,32,17,0.6077,0,-1,-1
1552,60,464,680,178,93,0.8256,0,-1,-1
1552,62,1387,618,172,76,0.8141,0,-1,-1
1552,65,1045,596,176,83,0.7853,0,-1,-1
1552,66,653,589,163,60,0.7759,0,-1,-1
1552,67,1108,474,84,43,0.7506,0,-1,-1
1552,69,1856,332,50,26,0.6584,0,-1,-1
1552,71,903,467,80,40,0.7476,0,-1,-1
1552,68,809,488,106,46,0.8245,0,-1,-1
1552,87,1359,445,71,36,0.7461,0,-1,-1
1552,64,9,729,186,105,0.7592,0,-1,-1
1552,83,30,550,141,57,0.8069,2,-1,-1
1552,101,89,429,94,44,0.6225,2,-1,-1
1552,81,825,541,143,51,0.7311,0,-1,-1
1552,72,825,680,104,97,0.7170,0,-1,-1
1553,60,463,679,180,94,0.8344,0,-1,-1
1553,62,1386,617,175,78,0.8069,0,-1,-1
1553,65,1045,596,177,85,0.7813,0,-1,-1
1553,66,654,589,161,59,0.7759,0,-1,-1
1553,67,1108,474,84,43,0.7447,0,-1,-1
1553,69,1856,332,51,26,0.6637,0,-1,-1
1553,71,903,467,80,40,0.7447,0,-1,-1
1553,68,808,488,107,46,0.8267,0,-1,-1
1553,87,1359,444,71,37,0.7476,0,-1,-1
1553,64,9,727,187,106,0.7705,0,-1,-1
1553,83,30,549,142,57,0.8117,2,-1,-1
1553,81,825,541,143,51,0.7461,0,-1,-1
1553,72,824,678,107,99,0.6002,0,-1,-1
1554,60,463,680,178,93,0.8376,0,-1,-1
1554,62,1386,618,175,77,0.8056,0,-1,-1
1554,65,1044,596,178,85,0.7759,0,-1,-1
1554,66,653,588,163,60,0.7879,0,-1,-1
1554,67,1109,474,83,42,0.7447,0,-1,-1
1554,69,1858,332,51,26,0.6654,0,-1,-1
1554,71,903,467,80,40,0.7549,0,-1,-1
1554,68,809,488,106,46,0.8289,0,-1,-1
1554,87,1359,445,72,36,0.7491,0,-1,-1
1554,64,10,729,185,105,0.7491,0,-1,-1
1554,83,32,549,141,57,0.8056,2,-1,-1
1554,81,826,542,141,49,0.7122,0,-1,-1
1554,105,326,375,97,41,0.6442,0,-1,-1
1554,63,117,838,242,125,0.6442,0,-1,-1
1555,60,463,680,176,92,0.8429,0,-1,-1
1555,62,1385,618,175,77,0.8056,0,-1,-1
1555,65,1046,596,175,84,0.7718,0,-1,-1
1555,66,651,587,166,61,0.7800,0,-1,-1
1555,67,1108,474,84,43,0.7432,0,-1,-1
1555,69,1859,332,50,25,0.6706,0,-1,-1
1555,71,904,467,78,39,0.7564,0,-1,-1
1555,68,808,488,108,47,0.8267,0,-1,-1
1555,87,1358,444,74,38,0.7520,0,-1,-1
1555,64,11,729,185,104,0.7476,0,-1,-1
1555,83,31,548,143,58,0.8032,2,-1,-1
1555,81,826,541,141,50,0.7417,0,-1,-1
1555,105,327,376,95,41,0.6619,0,-1,-1
1555,63,116,838,242,126,0.6352,0,-1,-1
1555,106,1632,308,32,17,0.6058,0,-1,-1
1556,60,463,680,176,92,0.8449,0,-1,-1
1556,62,1386,617,175,79,0.8081,0,-1,-1
1556,65,1047,596,172,83,0.7759,0,-1,-1
1556,66,651,587,166,61,0.7800,0,-1,-1
1556,67,1108,474,84,43,0.7432,0,-1,-1
1556,69,1859,332,50,25,0.6671,0,-1,-1
1556,71,904,467,78,39,0.7520,0,-1,-1
1556,68,808,487,108,48,0.8300,0,-1,-1
1556,87,1359,445,73,36,0.7476,0,-1,-1
1556,64,10,728,186,106,0.7705,0,-1,-1
1556,83,30,548,145,58,0.8056,2,-1,-1
1556,81,825,541,143,50,0.7372,0,-1,-1
1556,105,327,377,95,40,0.6514,0,-1,-1
1556,63,116,839,242,125,0.6775,0,-1,-1
1556,106,1633,308,33,17,0.6002,0,-1,-1
1557,60,464,681,174,91,0.8355,0,-1,-1
1557,62,1386,618,174,78,0.8069,0,-1,-1
1557,65,1049,596,167,80,0.7759,0,-1,-1
1557,66,652,588,164,60,0.7786,0,-1,-1
1557,67,1108,475,84,42,0.7535,0,-1,-1
1557,69,1860,332,50,25,0.6619,0,-1,-1
1557,71,904,467,79,39,0.7461,0,-1,-1
1557,68,809,488,106,46,0.8267,0,-1,-1
1557,87,1359,445,74,36,0.7535,0,-1,-1
1557,64,11,730,183,103,0.7520,0,-1,-1
1557,83,29,546,147,59,0.8032,2,-1,-1
1557,81,825,540,143,50,0.7402,0,-1,-1
1557,63,120,840,234,120,0.6758,0,-1,-1
1557,107,1370,405,76,35,0.6602,0,-1,-1
1557,73,456,516,134,56,0.6584,0,-1,-1
1557,72,822,675,108,100,0.7058,0,-1,-1
1558,60,463,680,174,91,0.8300,0,-1,-1
1558,62,1385,619,176,78,0.8044,0,-1,-1
1558,65,1051,597,162,77,0.7718,0,-1,-1
1558,66,652,588,165,61,0.7578,0,-1,-1
1558,67,1108,474,85,43,0.7564,0,-1,-1
1558,69,1861,332,50,25,0.6388,0,-1,-1
1558,71,903,467,80,39,0.7447,0,-1,-1
1558,68,809,487,106,48,0.8256,0,-1,-1
1558,87,1359,445,74,36,0.7491,0,-1,-1
1558,64,10,730,183,103,0.7592,0,-1,-1
1558,83,29,546,147,59,0.7918,2,-1,-1
1558,81,823,540,146,51,0.6706,0,-1,-1
1558,107,1371,405,75,35,0.6424,0,-1,-1
1558,73,456,516,134,56,0.6169,0,-1,-1
1558,72,821,674,108,101,0.7186,0,-1,-1
1558,70,115,518,123,55,0.6058,2,-1,-1
1559,60,464,680,173,91,0.8289,0,-1,-1
1559,62,1384,619,177,78,0.8081,0,-1,-1
1559,65,1052,598,160,75,0.7691,0,-1,-1
1559,66,652,588,164,61,0.7621,0,-1,-1
1559,67,1108,474,85,43,0.7578,0,-1,-1
1559,69,1861,332,51,26,0.6225,0,-1,-1
1559,71,903,468,80,38,0.7476,0,-1,-1
1559,68,809,487,106,48,0.8256,0,-1,-1
1559,87,1359,445,74,36,0.7506,0,-1,-1
1559,64,10,729,184,103,0.7663,0,-1,-1
1559,83,28,546,147,59,0.7879,2,-1,-1
1559,81,824,541,145,50,0.6424,0,-1,-1
1559,107,1371,405,76,35,0.6406,0,-1,-1
1559,73,456,516,134,56,0.6114,0,-1,-1
1559,72,821,675,107,100,0.7090,0,-1,-1
1559,70,116,518,122,54,0.6280,2,-1,-1
1559,63,123,840,227,116,0.6567,0,-1,-1
1560,60,463,681,174,91,0.8322,0,-1,-1
1560,62,1382,618,180,80,0.8164,0,-1,-1
1560,65,1051,598,161,75,0.7691,0,-1,-1
1560,66,653,588,163,60,0.7621,0,-1,-1
1560,67,1107,474,86,43,0.7564,0,-1,-1
1560,69,1862,331,52,27,0.6370,0,-1,-1
1560,71,903,467,80,40,0.7417,0,-1,-1
1560,68,809,487,107,48,0.8289,0,-1,-1
1560,87,1360,445,74,36,0.7372,0,-1,-1
1560,64,9,728,185,104,0.7326,0,-1,-1
1560,83,29,546,144,58,0.7827,2,-1,-1
1560,81,823,541,147,51,0.6826,0,-1,-1
1560,107,1372,406,75,33,0.6039,0,-1,-1
1560,72,822,676,104,97,0.6514,0,-1,-1
1560,70,115,519,120,53,0.6039,2,-1,-1
1560,105,329,376,96,40,0.6602,0,-1,-1
1560,106,1635,308,32,17,0.6114,0,-1,-1
1561,60,462,682,174,90,0.8355,0,-1,-1
1561,62,1383,618,178,80,0.8245,0,-1,-1
1561,65,1053,599,156,73,0.7663,0,-1,-1
1561,66,653,588,162,60,0.7773,0,-1,-1
1561,67,1107,474,87,44,0.7606,0,-1,-1
1561,69,1862,331,54,27,0.6316,0,-1,-1
1561,71,903,467,81,40,0.7372,0,-1,-1
1561,68,810,488,106,46,0.8278,0,-1,-1
1561,87,1361,445,73,36,0.7356,0,-1,-1
1561,64,8,727,185,105,0.7621,0,-1,-1
1561,83,30,547,141,56,0.7705,2,-1,-1
1561,81,823,540,147,51,0.6976,0,-1,-1
1561,107,1372,406,73,33,0.6077,0,-1,-1
1561,72,823,677,101,94,0.6478,0,-1,-1
1561,70,113,518,121,53,0.6370,2,-1,-1
1561,105,330,376,95,39,0.6706,0,-1,-1
1561,73,458,517,131,54,0.6442,0,-1,-1
1562,60,462,682,173,90,0.8376,0,-1,-1
1562,62,1384,619,177,78,0.8267,0,-1,-1
1562,65,1051,600,159,74,0.7663,0,-1,-1
1562,66,652,588,164,61,0.7827,0,-1,-1
1562,67,1107,474,87,44,0.7621,0,-1,-1
1562,69,1863,331,54,28,0.6261,0,-1,-1
1562,71,902,467,82,40,0.7387,0,-1,-1
1562,68,810,487,106,48,0.8289,0,-1,-1
1562,87,1361,444,75,38,0.7341,0,-1,-1
1562,64,8,728,185,104,0.7592,0,-1,-1
1562,83,32,548,138,55,0.7705,2,-1,-1
1562,81,823,540,148,51,0.6910,0,-1,-1
1562,107,1372,406,73,33,0.6280,0,-1,-1
1562,72,823,678,100,92,0.6206,0,-1,-1
1562,70,112,518,122,53,0.6298,2,-1,-1
1562,105,330,376,95,39,0.6388,0,-1,-1
1562,108,404,423,124,48,0.6225,0,-1,-1
1562,73,458,517,131,54,0.6602,0,-1,-1
1562,63,120,840,233,117,0.6298,0,-1,-1
1563,60,461,681,174,90,0.8387,0,-1,-1
1563,62,1384,619,176,79,0.8233,0,-1,-1
1563,65,1050,600,161,74,0.7732,0,-1,-1
1563,66,652,589,163,60,0.7746,0,-1,-1
1563,67,1108,474,87,44,0.7592,0,-1,-1
1563,71,902,467,82,40,0.7372,0,-1,-1
1563,68,810,488,105,46,0.8278,0,-1,-1
1563,87,1361,444,76,38,0.7372,0,-1,-1
1563,64,8,730,183,102,0.7356,0,-1,-1
1563,83,32,548,138,55,0.7606,2,-1,-1
1563,81,823,540,150,52,0.7249,0,-1,-1
1563,107,1373,406,73,33,0.6567,0,-1,-1
1563,70,112,517,124,53,0.6058,2,-1,-1
1563,108,404,423,124,48,0.6496,0,-1,-1
1563,73,458,517,131,54,0.6496,0,-1,-1
1563,63,122,841,229,115,0.6943,0,-1,-1
1564,60,461,681,173,90,0.8322,0,-1,-1
1564,62,1385,620,175,78,0.8210,0,-1,-1
1564,65,1048,600,163,75,0.7718,0,-1,-1
1564,66,654,589,160,60,0.7905,0,-1,-1
1564,67,1108,474,87,44,0.7621,0,-1,-1
1564,71,903,467,81,40,0.7356,0,-1,-1
1564,68,809,488,106,46,0.8210,0,-1,-1
1564,87,1362,444,75,38,0.7295,0,-1,-1
1564,64,8,728,183,102,0.7931,0,-1,-1
1564,83,30,548,140,55,0.7578,2,-1,-1
1564,81,823,539,149,52,0.7264,0,-1,-1
1564,107,1373,406,73,33,0.6706,0,-1,-1
1564,108,405,423,123,47,0.6188,0,-1,-1
1564,73,459,517,130,54,0.6723,0,-1,-1
1564,63,121,841,228,113,0.7866,0,-1,-1
1564,109,608,394,73,29,0.6151,0,-1,-1
1564,110,254,462,82,53,0.6298,2,-1,-1
1564,72,821,677,103,94,0.6406,0,-1,-1
1565,60,461,681,175,91,0.8344,0,-1,-1
1565,62,1384,620,174,77,0.8199,0,-1,-1
1565,65,1049,600,160,74,0.7732,0,-1,-1
1565,66,654,589,160,60,0.7879,0,-1,-1
1565,67,1108,474,87,43,0.7592,0,-1,-1
1565,71,902,467,83,40,0.7447,0,-1,-1
1565,68,810,488,106,46,0.8199,0,-1,-1
1565,87,1362,444,76,38,0.7311,0,-1,-1
1565,64,8,728,184,102,0.7944,0,-1,-1
1565,83,29,547,143,56,0.7621,2,-1,-1
1565,81,822,539,151,52,0.7372,0,-1,-1
1565,107,1374,406,74,33,0.6792,0,-1,-1
1565,108,405,422,124,48,0.6478,0,-1,-1
1565,73,459,517,130,54,0.6424,0,-1,-1
1565,63,121,841,226,112,0.8032,0,-1,-1
1565,110,254,462,83,53,0.6424,2,-1,-1
1565,72,820,676,104,96,0.6792,0,-1,-1
1565,70,112,516,124,53,0.6114,2,-1,-1
1566,60,459,680,177,92,0.8355,0,-1,-1
1566,62,1386,621,172,77,0.8233,0,-1,-1
1566,65,1050,600,159,73,0.7773,0,-1,-1
1566,66,656,589,158,58,0.7892,0,-1,-1
1566,67,1110,473,85,43,0.7506,0,-1,-1
1566,71,902,466,84,42,0.7402,0,-1,-1
1566,68,810,488,105,46,0.8199,0,-1,-1
1566,87,1363,444,75,37,0.7341,0,-1,-1
1566,64,8,727,185,102,0.8093,0,-1,-1
1566,83,25,544,150,59,0.7621,2,-1,-1
1566,81,824,539,149,52,0.7417,0,-1,-1
1566,107,1373,405,76,34,0.6758,0,-1,-1
1566,108,405,422,124,48,0.6261,0,-1,-1
1566,73,459,516,131,54,0.6893,0,-1,-1
1566,63,117,841,230,114,0.7122,0,-1,-1
1566,110,255,462,81,53,0.6243,2,-1,-1
1566,72,819,675,106,98,0.6058,0,-1,-1
1566,70,115,517,122,52,0.6316,2,-1,-1
1567,60,460,680,175,91,0.8366,0,-1,-1
1567,62,1386,621,173,76,0.8152,0,-1,-1
1567,65,1050,599,158,73,0.7759,0,-1,-1
1567,66,656,589,157,58,0.7827,0,-1,-1
1567,67,1110,473,85,43,0.7491,0,-1,-1
1567,71,902,466,85,41,0.7402,0,-1,-1
1567,68,810,487,105,47,0.8199,0,-1,-1
1567,87,1362,444,77,38,0.7311,0,-1,-1
1567,64,8,727,185,102,0.8056,0,-1,-1
1567,83,26,543,149,59,0.7606,2,-1,-1
1567,81,825,539,149,52,0.7520,0,-1,-1
1567,107,1373,405,77,35,0.6706,0,-1,-1
1567,108,405,422,125,48,0.6021,0,-1,-1
1567,73,459,515,132,55,0.6993,0,-1,-1
1567,63,115,840,234,116,0.6132,0,-1,-1
1567,110,256,463,80,51,0.7025,2,-1,-1
1567,70,117,517,120,52,0.6169,2,-1,-1
1568,60,460,679,175,92,0.8333,0,-1,-1
1568,62,1385,621,175,77,0.8278,0,-1,-1
1568,65,1050,600,158,72,0.7705,0,-1,-1
1568,66,657,589,154,57,0.7827,0,-1,-1
1568,67,1111,473,85,43,0.7491,0,-1,-1
1568,71,902,465,85,42,0.7311,0,-1,-1
1568,68,810,487,105,47,0.8210,0,-1,-1
1568,87,1363,444,77,38,0.7372,0,-1,-1
1568,64,8,726,186,103,0.7918,0,-1,-1
1568,83,26,542,150,60,0.7606,2,-1,-1
1568,81,824,539,150,52,0.7592,0,-1,-1
1568,107,1373,404,78,36,0.6775,0,-1,-1
1568,73,460,515,130,55,0.6993,0,-1,-1
1568,110,256,462,80,51,0.7122,2,-1,-1
1568,70,117,517,121,52,0.6261,2,-1,-1
1568,105,332,377,95,39,0.6021,0,-1,-1
1568,72,820,678,102,93,0.6188,0,-1,-1
1569,60,458,679,177,92,0.8278,0,-1,-1
1569,62,1384,620,176,79,0.8256,0,-1,-1
1569,65,1050,598,158,73,0.7746,0,-1,-1
1569,66,657,589,155,56,0.7840,0,-1,-1
1569,67,1110,473,86,44,0.7520,0,-1,-1
1569,71,902,464,85,43,0.7311,0,-1,-1
1569,68,810,487,106,46,0.8199,0,-1,-1
1569,87,1363,444,77,37,0.7402,0,-1,-1
1569,64,6,726,188,104,0.8019,0,-1,-1
1569,83,27,543,150,60,0.7417,2,-1,-1
1569,81,824,539,149,52,0.7746,0,-1,-1
1569,107,1373,404,79,36,0.6876,0,-1,-1
1569,73,462,516,128,53,0.7295,0,-1,-1
1569,110,257,462,79,51,0.6496,2,-1,-1
1569,72,820,679,101,92,0.7592,0,-1,-1
1570,60,458,678,178,93,0.8311,0,-1,-1
1570,62,1384,620,177,79,0.8256,0,-1,-1
1570,65,1049,598,159,72,0.7746,0,-1,-1
1570,66,657,588,155,56,0.7853,0,-1,-1
1570,67,1110,473,86,44,0.7432,0,-1,-1
1570,71,902,464,85,43,0.7387,0,-1,-1
1570,68,810,487,105,46,0.8233,0,-1,-1
1570,87,1364,444,76,37,0.7372,0,-1,-1
1570,64,6,725,187,104,0.7994,0,-1,-1
1570,83,31,544,147,59,0.7578,2,-1,-1
1570,81,823,539,151,52,0.7840,0,-1,-1
1570,107,1372,404,79,36,0.6584,0,-1,-1
1570,73,463,516,127,53,0.7295,0,-1,-1
1570,72,822,680,98,89,0.6876,0,-1,-1
1571,60,458,677,178,94,0.8278,0,-1,-1
1571,62,1384,619,177,79,0.8245,0,-1,-1
1571,65,1049,599,159,72,0.7732,0,-1,-1
1571,66,657,588,155,56,0.7866,0,-1,-1
1571,67,1110,473,86,44,0.7461,0,-1,-1
1571,71,903,464,83,43,0.7295,0,-1,-1
1571,68,810,487,104,45,0.8245,0,-1,-1
1571,87,1364,443,76,38,0.7326,0,-1,-1
1571,64,5,725,189,104,0.7918,0,-1,-1
1571,83,32,544,147,59,0.7649,2,-1,-1
1571,81,823,538,151,54,0.7840,0,-1,-1
1571,107,1373,404,78,36,0.6514,0,-1,-1
1571,73,464,516,127,53,0.7280,0,-1,-1
1571,72,823,681,96,86,0.6926,0,-1,-1
1572,60,458,678,177,92,0.8278,0,-1,-1
1572,62,1385,620,174,77,0.8311,0,-1,-1
1572,65,1048,599,160,73,0.7705,0,-1,-1
1572,66,657,588,155,56,0.7800,0,-1,-1
1572,67,1109,474,88,44,0.7432,0,-1,-1
1572,71,902,463,85,44,0.7432,0,-1,-1
1572,68,810,488,104,45,0.8267,0,-1,-1
1572,87,1364,443,77,38,0.7138,0,-1,-1
1572,64,6,725,186,103,0.7892,0,-1,-1
1572,83,34,545,144,57,0.7718,2,-1,-1
1572,81,823,538,151,54,0.7944,0,-1,-1
1572,107,1373,403,79,37,0.6584,0,-1,-1
1572,73,464,516,126,53,0.7461,0,-1,-1
1572,72,822,680,96,86,0.7264,0,-1,-1
1572,105,334,376,98,40,0.6637,0,-1,-1
1573,60,459,678,176,92,0.8267,0,-1,-1
1573,62,1386,620,172,77,0.8289,0,-1,-1
1573,65,1047,599,160,73,0.7705,0,-1,-1
1573,66,656,588,157,56,0.7800,0,-1,-1
1573,67,1109,474,88,44,0.7476,0,-1,-1
1573,71,903,463,84,44,0.7356,0,-1,-1
1573,68,810,488,104,45,0.8245,0,-1,-1
1573,87,1365,442,76,39,0.7233,0,-1,-1
1573,64,6,726,184,101,0.7649,0,-1,-1
1573,83,34,545,145,58,0.7773,2,-1,-1
1573,81,823,538,150,54,0.7840,0,-1,-1
1573,107,1372,403,81,37,0.6602,0,-1,-1
1573,73,464,517,125,51,0.7280,0,-1,-1
1573,72,823,680,95,85,0.6280,0,-1,-1
1573,105,334,376,101,41,0.7202,0,-1,-1
1574,60,460,679,175,91,0.8256,0,-1,-1
1574,62,1386,620,172,76,0.8289,0,-1,-1
1574,65,1047,599,161,74,0.7759,0,-1,-1
1574,66,653,585,163,60,0.7827,0,-1,-1
1574,67,1109,474,88,44,0.7476,0,-1,-1
1574,71,903,462,85,44,0.7372,0,-1,-1
1574,68,810,488,104,45,0.8256,0,-1,-1
1574,87,1365,442,76,39,0.7326,0,-1,-1
1574,64,6,726,183,101,0.8056,0,-1,-1
1574,83,34,545,146,58,0.7786,2,-1,-1
1574,81,823,539,150,52,0.7786,0,-1,-1
1574,107,1373,403,80,37,0.6619,0,-1,-1
1574,73,464,517,125,51,0.7432,0,-1,-1
1574,72,821,680,97,85,0.7025,0,-1,-1
1574,105,334,375,102,42,0.7090,0,-1,-1
1574,106,1646,308,31,16,0.6021,0,-1,-1
1574,63,116,841,229,112,0.7649,0,-1,-1
1575,60,459,679,177,93,0.8267,0,-1,-1
1575,62,1386,619,173,78,0.8210,0,-1,-1
1575,65,1046,600,162,74,0.7773,0,-1,-1
1575,66,651,585,166,61,0.7718,0,-1,-1
1575,67,1109,473,88,45,0.7491,0,-1,-1
1575,71,904,462,84,44,0.7402,0,-1,-1
1575,68,810,488,104,45,0.8278,0,-1,-1
1575,87,1366,443,75,38,0.7387,0,-1,-1
1575,64,5,727,184,101,0.7592,0,-1,-1
1575,83,34,544,146,58,0.7827,2,-1,-1
1575,81,823,538,151,54,0.7746,0,-1,-1
1575,107,1374,403,80,37,0.6689,0,-1,-1
1575,73,462,516,128,53,0.7186,0,-1,-1
1575,72,820,678,99,87,0.7138,0,-1,-1
1575,105,334,375,101,42,0.6567,0,-1,-1
1575,106,1646,307,31,17,0.6243,0,-1,-1
1575,63,114,838,233,113,0.7892,0,-1,-1
1576,60,460,680,174,91,0.8187,0,-1,-1
1576,62,1384,619,175,78,0.8129,0,-1,-1
1576,65,1045,600,162,73,0.7759,0,-1,-1
1576,66,654,588,160,58,0.7718,0,-1,-1
1576,67,1109,473,88,44,0.7447,0,-1,-1
1576,71,905,462,82,43,0.7476,0,-1,-1
1576,68,810,488,104,45,0.8256,0,-1,-1
1576,87,1365,444,77,38,0.7476,0,-1,-1
1576,64,6,727,183,100,0.7866,0,-1,-1
1576,83,33,543,148,59,0.7813,2,-1,-1
1576,81,825,539,149,52,0.7476,0,-1,-1
1576,107,1375,403,78,37,0.6637,0,-1,-1
1576,73,460,515,131,55,0.7249,0,-1,-1
1576,72,819,678,100,88,0.7372,0,-1,-1
1576,105,335,375,101,41,0.6261,0,-1,-1
1576,63,114,836,234,114,0.8199,0,-1,-1
1576,78,640,351,54,28,0.6151,0,-1,-1
1576,101,100,425,97,47,0.6077,2,-1,-1
1576,70,122,518,118,51,0.6740,2,-1,-1
1577,60,460,680,173,91,0.8199,0,-1,-1
1577,62,1384,619,174,78,0.8117,0,-1,-1
1577,65,1045,600,162,73,0.7786,0,-1,-1
1577,66,653,587,162,59,0.7691,0,-1,-1
1577,67,1109,472,88,45,0.7476,0,-1,-1
1577,71,905,463,82,43,0.7461,0,-1,-1
1577,68,810,488,104,45,0.8256,0,-1,-1
1577,87,1365,444,77,38,0.7461,0,-1,-1
1577,64,7,727,182,99,0.7773,0,-1,-1
1577,83,33,543,148,59,0.7840,2,-1,-1
1577,81,826,539,147,52,0.7461,0,-1,-1
1577,107,1374,401,81,38,0.6723,0,-1,-1
1577,73,460,515,132,55,0.7217,0,-1,-1
1577,72,818,677,102,90,0.7447,0,-1,-1
1577,105,336,375,101,41,0.6261,0,-1,-1
1577,63,113,836,236,114,0.8187,0,-1,-1
1577,78,640,350,55,29,0.6169,0,-1,-1
1577,101,100,425,97,47,0.6298,2,-1,-1
1577,70,123,518,118,51,0.6706,2,-1,-1
1578,60,454,676,183,97,0.8129,0,-1,-1
1578,62,1383,619,176,78,0.8105,0,-1,-1
1578,65,1047,600,158,71,0.7732,0,-1,-1
1578,66,651,585,165,60,0.7677,0,-1,-1
1578,67,1111,473,86,43,0.7476,0,-1,-1
1578,71,906,464,80,42,0.7402,0,-1,-1
1578,68,810,488,104,45,0.8245,0,-1,-1
1578,87,1365,443,79,40,0.7691,0,-1,-1
1578,64,7,727,181,99,0.8152,0,-1,-1
1578,83,34,542,149,59,0.7677,2,-1,-1
1578,81,825,539,147,52,0.7461,0,-1,-1
1578,107,1375,403,78,37,0.6723,0,-1,-1
1578,73,458,514,135,56,0.6960,0,-1,-1
1578,72,817,677,102,90,0.7249,0,-1,-1
1578,105,337,375,100,41,0.6077,0,-1,-1
1578,63,109,837,241,117,0.8019,0,-1,-1
1578,78,641,350,55,29,0.6280,0,-1,-1
1578,101,102,426,95,46,0.6723,2,-1,-1
1578,70,121,516,123,53,0.6706,2,-1,-1
1579,60,450,673,188,100,0.8164,0,-1,-1
1579,62,1384,619,174,78,0.8164,0,-1,-1
1579,65,1047,600,157,70,0.7705,0,-1,-1
1579,66,650,584,167,61,0.7759,0,-1,-1
1579,67,1112,473,85,43,0.7476,0,-1,-1
1579,71,906,465,80,41,0.7387,0,-1,-1
1579,68,810,488,104,45,0.8222,0,-1,-1
1579,87,1366,443,78,40,0.7677,0,-1,-1
1579,64,8,728,179,97,0.8117,0,-1,-1
1579,83,35,542,148,58,0.7606,2,-1,-1
1579,81,825,539,146,52,0.7578,0,-1,-1
1579,107,1375,403,77,37,0.6706,0,-1,-1
1579,73,458,513,135,57,0.6637,0,-1,-1
1579,72,818,679,100,88,0.7372,0,-1,-1
1579,63,109,836,239,116,0.7994,0,-1,-1
1579,101,103,426,94,46,0.6775,2,-1,-1
1579,70,121,516,121,53,0.6654,2,-1,-1
1580,60,450,672,188,101,0.8187,0,-1,-1
1580,62,1384,619,174,78,0.8187,0,-1,-1
1580,65,1047,600,156,70,0.7677,0,-1,-1
1580,66,648,583,170,62,0.7746,0,-1,-1
1580,67,1112,473,85,43,0.7461,0,-1,-1
1580,71,906,465,80,41,0.7372,0,-1,-1
1580,68,811,488,104,45,0.8210,0,-1,-1
1580,87,1366,443,78,40,0.7606,0,-1,-1
1580,64,8,728,179,97,0.8032,0,-1,-1
1580,83,36,542,146,58,0.7649,2,-1,-1
1580,81,825,539,146,52,0.7549,0,-1,-1
1580,107,1375,404,76,36,0.6758,0,-1,-1
1580,73,460,513,134,56,0.6188,0,-1,-1
1580,72,818,679,100,87,0.7341,0,-1,-1
1580,63,108,835,241,116,0.7840,0,-1,-1
1580,101,103,427,94,45,0.6758,2,-1,-1
1580,70,122,517,119,51,0.6549,2,-1,-1
1581,60,452,673,184,99,0.8129,0,-1,-1
1581,62,1384,619,173,78,0.8267,0,-1,-1
1581,65,1046,600,159,71,0.7635,0,-1,-1
1581,66,650,585,165,60,0.7786,0,-1,-1
1581,67,1112,473,85,43,0.7520,0,-1,-1
1581,71,906,465,80,41,0.7356,0,-1,-1
1581,68,811,488,104,45,0.8210,0,-1,-1
1581,87,1367,444,78,38,0.7506,0,-1,-1
1581,64,7,729,181,97,0.7154,0,-1,-1
1581,83,38,543,142,56,0.7535,2,-1,-1
1581,81,826,539,146,52,0.7202,0,-1,-1
1581,107,1377,405,74,35,0.6826,0,-1,-1
1581,72,817,678,101,89,0.7217,0,-1,-1
1581,63,108,837,238,115,0.7944,0,-1,-1
1582,60,454,675,180,96,0.8129,0,-1,-1
1582,62,1384,619,174,78,0.8300,0,-1,-1
1582,65,1047,600,157,70,0.7535,0,-1,-1
1582,66,649,585,165,61,0.7827,0,-1,-1
1582,67,1112,473,85,43,0.7491,0,-1,-1
1582,71,906,464,80,42,0.7417,0,-1,-1
1582,68,811,488,105,45,0.8187,0,-1,-1
1582,87,1368,444,77,38,0.7372,0,-1,-1
1582,64,6,729,182,98,0.6943,0,-1,-1
1582,83,39,543,141,55,0.7592,2,-1,-1
1582,81,826,539,147,53,0.7186,0,-1,-1
1582,107,1377,405,74,34,0.6549,0,-1,-1
1582,72,816,676,102,90,0.6876,0,-1,-1
1582,63,105,836,242,117,0.7705,0,-1,-1
1582,112,332,449,78,37,0.6406,2,-1,-1
1583,60,456,675,177,95,0.8129,0,-1,-1
1583,62,1383,619,175,78,0.8256,0,-1,-1
1583,65,1043,599,165,73,0.7535,0,-1,-1
1583,66,646,582,173,64,0.7827,0,-1,-1
1583,67,1112,473,85,44,0.7476,0,-1,-1
1583,71,906,464,80,42,0.7417,0,-1,-1
1583,68,811,488,105,45,0.8199,0,-1,-1
1583,87,1368,444,78,38,0.7402,0,-1,-1
1583,64,5,728,183,98,0.7090,0,-1,-1
1583,83,39,543,141,55,0.7606,2,-1,-1
1583,81,826,539,147,53,0.7326,0,-1,-1
1583,107,1378,406,73,33,0.6531,0,-1,-1
1583,72,815,675,104,92,0.6826,0,-1,-1
1583,63,103,835,244,119,0.7746,0,-1,-1
1583,112,332,449,78,37,0.6442,2,-1,-1
1583,78,644,351,53,28,0.6039,0,-1,-1
1583,70,122,517,121,53,0.6225,2,-1,-1
1584,60,455,676,177,95,0.8152,0,-1,-1
1584,62,1384,620,172,76,0.8267,0,-1,-1
1584,65,1042,598,168,75,0.7746,0,-1,-1
1584,66,643,580,178,67,0.7866,0,-1,-1
1584,67,1112,474,86,43,0.7476,0,-1,-1
1584,71,906,464,80,42,0.7432,0,-1,-1
1584,68,811,488,105,45,0.8210,0,-1,-1
1584,87,1367,444,79,38,0.7506,0,-1,-1
1584,64,3,727,185,99,0.7417,0,-1,-1
1584,83,37,543,144,56,0.7592,2,-1,-1
1584,81,825,540,147,52,0.7461,0,-1,-1
1584,107,1376,405,76,35,0.6334,0,-1,-1
1584,72,812,675,109,95,0.6876,0,-1,-1
1584,63,101,836,245,120,0.7009,0,-1,-1
1584,112,331,449,80,37,0.6926,2,-1,-1
1584,70,122,517,122,54,0.6132,2,-1,-1
1584,105,342,377,97,40,0.6002,0,-1,-1
1584,73,468,514,121,51,0.6298,0,-1,-1
1585,60,454,676,178,95,0.8152,0,-1,-1
1585,62,1384,620,171,76,0.8278,0,-1,-1
1585,65,1041,598,170,75,0.7786,0,-1,-1
1585,66,646,582,172,66,0.7813,0,-1,-1
1585,67,1112,474,86,43,0.7535,0,-1,-1
1585,71,906,463,81,42,0.7417,0,-1,-1
1585,68,811,488,106,46,0.8222,0,-1,-1
1585,87,1367,444,79,39,0.7535,0,-1,-1
1585,64,3,726,184,99,0.7621,0,-1,-1
1585,83,36,543,146,57,0.7432,2,-1,-1
1585,81,825,539,146,52,0.7535,0,-1,-1
1585,107,1376,405,76,35,0.6151,0,-1,-1
1585,72,811,675,109,95,0.6619,0,-1,-1
1585,63,101,835,243,119,0.6926,0,-1,-1
1585,112,330,448,83,39,0.6654,2,-1,-1
1585,70,123,517,122,54,0.6021,2,-1,-1
1585,73,468,514,121,51,0.6095,0,-1,-1
1585,110,262,463,78,48,0.6352,2,-1,-1
1586,60,453,675,178,95,0.8152,0,-1,-1
1586,62,1384,620,171,76,0.8300,0,-1,-1
1586,65,1041,598,170,76,0.7813,0,-1,-1
1586,66,647,583,170,65,0.7840,0,-1,-1
1586,67,1112,474,87,43,0.7520,0,-1,-1
1586,71,906,463,81,42,0.7432,0,-1,-1
1586,68,810,488,107,46,0.8222,0,-1,-1
1586,87,1367,444,79,39,0.7564,0,-1,-1
1586,64,4,726,183,98,0.7249,0,-1,-1
1586,83,35,543,148,58,0.7295,2,-1,-1
1586,81,825,539,146,52,0.7635,0,-1,-1
1586,72,812,675,108,95,0.6876,0,-1,-1
1586,63,100,833,245,120,0.6671,0,-1,-1
1586,112,329,447,85,41,0.6809,2,-1,-1
1586,73,467,513,123,52,0.6460,0,-1,-1
1586,110,263,463,78,48,0.6114,2,-1,-1
1587,60,453,676,178,95,0.8267,0,-1,-1
1587,62,1385,620,170,76,0.8311,0,-1,-1
1587,65,1043,599,166,74,0.7866,0,-1,-1
1587,66,647,583,170,65,0.7827,0,-1,-1
1587,67,1113,474,85,43,0.7578,0,-1,-1
1587,71,906,463,81,42,0.7461,0,-1,-1
1587,68,811,489,105,44,0.8222,0,-1,-1
1587,87,1367,443,79,40,0.7372,0,-1,-1
1587,64,3,726,184,98,0.7476,0,-1,-1
1587,83,32,542,152,59,0.7432,2,-1,-1
1587,81,825,539,146,52,0.7746,0,-1,-1
1587,72,812,674,106,95,0.6943,0,-1,-1
1587,63,100,832,245,121,0.7295,0,-1,-1
1587,112,329,447,86,41,0.6406,2,-1,-1
1587,73,467,513,123,53,0.6893,0,-1,-1
1587,110,264,463,78,48,0.6442,2,-1,-1
1588,60,451,675,180,96,0.8256,0,-1,-1
1588,62,1384,620,173,76,0.8233,0,-1,-1
1588,65,1044,599,164,73,0.7879,0,-1,-1
1588,66,647,582,170,65,0.7840,0,-1,-1
1588,67,1113,475,84,42,0.7564,0,-1,-1
1588,71,907,463,81,42,0.7447,0,-1,-1
1588,68,812,489,103,44,0.8222,0,-1,-1
1588,87,1368,444,78,38,0.7341,0,-1,-1
1588,64,3,726,184,98,0.7356,0,-1,-1
1588,83,32,543,151,59,0.6960,2,-1,-1
1588,81,824,539,148,52,0.7813,0,-1,-1
1588,72,812,673,106,95,0.7264,0,-1,-1
1588,63,98,833,245,120,0.7491,0,-1,-1
1588,73,467,513,123,53,0.7106,0,-1,-1
1588,107,1375,406,73,33,0.6225,0,-1,-1
1589,60,451,674,180,98,0.8300,0,-1,-1
1589,62,1383,619,174,78,0.8152,0,-1,-1
1589,65,1044,599,164,73,0.7879,0,-1,-1
1589,66,648,582,169,65,0.7969,0,-1,-1
1589,67,1113,475,84,42,0.7621,0,-1,-1
1589,71,906,462,83,44,0.7476,0,-1,-1
1589,68,811,488,105,45,0.8222,0,-1,-1
1589,87,1369,444,77,38,0.7249,0,-1,-1
1589,64,3,726,184,98,0.7520,0,-1,-1
1589,83,34,544,148,57,0.6352,2,-1,-1
1589,81,824,539,148,52,0.7931,0,-1,-1
1589,72,812,674,105,94,0.7402,0,-1,-1
1589,63,96,834,246,121,0.7372,0,-1,-1
1589,73,468,514,121,51,0.7233,0,-1,-1
1589,107,1375,406,73,33,0.6334,0,-1,-1
1589,112,329,447,87,41,0.6132,2,-1,-1
1590,60,448,673,184,99,0.8233,0,-1,-1
1590,62,1381,619,177,79,0.8056,0,-1,-1
1590,65,1044,599,164,73,0.7746,0,-1,-1
1590,66,648,582,168,65,0.7944,0,-1,-1
1590,67,1113,475,86,42,0.7549,0,-1,-1
1590,71,907,462,81,43,0.7447,0,-1,-1
1590,68,811,488,105,45,0.8187,0,-1,-1
1590,87,1370,444,76,38,0.7186,0,-1,-1
1590,64,4,726,183,97,0.7759,0,-1,-1
1590,83,37,544,145,57,0.6298,2,-1,-1
1590,81,824,539,148,52,0.7827,0,-1,-1
1590,72,813,678,102,90,0.7009,0,-1,-1
1590,63,100,835,241,119,0.7813,0,-1,-1
1590,73,469,514,120,51,0.7122,0,-1,-1
1590,107,1376,405,72,34,0.6406,0,-1,-1
1590,70,127,518,119,52,0.6316,2,-1,-1
1591,60,445,672,189,102,0.8233,0,-1,-1
1591,62,1378,619,182,81,0.8019,0,-1,-1
1591,65,1044,599,162,73,0.7705,0,-1,-1
1591,66,648,581,169,67,0.7994,0,-1,-1
1591,67,1113,475,86,42,0.7549,0,-1,-1
1591,71,906,462,83,43,0.7491,0,-1,-1
1591,68,811,487,106,46,0.8187,0,-1,-1
1591,87,1370,444,76,38,0.7106,0,-1,-1
1591,64,5,726,181,97,0.8278,0,-1,-1
1591,83,39,543,144,57,0.6775,2,-1,-1
1591,81,825,539,146,52,0.7813,0,-1,-1
1591,72,813,679,101,89,0.6654,0,-1,-1
1591,63,101,836,241,120,0.6876,0,-1,-1
1591,73,469,514,120,51,0.7311,0,-1,-1
1591,107,1376,406,72,33,0.6442,0,-1,-1
1592,60,445,672,189,103,0.8199,0,-1,-1
1592,62,1378,619,182,81,0.8044,0,-1,-1
1592,65,1044,599,162,73,0.7732,0,-1,-1
1592,66,650,582,166,65,0.7994,0,-1,-1
1592,67,1113,475,86,42,0.7535,0,-1,-1
1592,71,906,462,83,43,0.7476,0,-1,-1
1592,68,811,487,106,45,0.8164,0,-1,-1
1592,87,1370,444,76,38,0.7106,0,-1,-1
1592,64,5,726,181,96,0.8141,0,-1,-1
1592,83,39,543,144,57,0.7009,2,-1,-1
1592,81,825,539,146,52,0.7800,0,-1,-1
1592,72,812,679,101,90,0.6370,0,-1,-1
1592,63,101,837,241,119,0.6280,0,-1,-1
1592,73,469,514,120,51,0.7295,0,-1,-1
1592,107,1377,406,71,33,0.6514,0,-1,-1
1593,60,447,673,184,101,0.8176,0,-1,-1
1593,62,1377,618,183,82,0.8032,0,-1,-1
1593,65,1043,599,163,74,0.7535,0,-1,-1
1593,66,650,582,165,65,0.7994,0,-1,-1
1593,67,1113,474,86,42,0.7461,0,-1,-1
1593,71,906,461,83,44,0.7549,0,-1,-1
1593,68,811,487,106,45,0.8152,0,-1,-1
1593,87,1370,444,77,38,0.7025,0,-1,-1
1593,64,5,727,181,95,0.7154,0,-1,-1
1593,83,42,543,142,56,0.7249,2,-1,-1
1593,81,826,540,144,50,0.7705,0,-1,-1
1593,63,100,835,241,119,0.6706,0,-1,-1
1593,73,470,515,118,49,0.7233,0,-1,-1
1593,107,1377,405,72,34,0.6514,0,-1,-1
1593,105,345,375,98,41,0.6723,0,-1,-1
1594,60,448,673,181,99,0.8164,0,-1,-1
1594,62,1376,618,183,82,0.7982,0,-1,-1
1594,65,1042,599,163,74,0.7592,0,-1,-1
1594,66,651,582,163,65,0.7944,0,-1,-1
1594,67,1113,474,86,42,0.7461,0,-1,-1
1594,71,906,460,83,45,0.7549,0,-1,-1
1594,68,811,487,106,45,0.8164,0,-1,-1
1594,87,1370,444,77,38,0.7009,0,-1,-1
1594,64,5,728,180,94,0.6775,0,-1,-1
1594,83,45,544,138,54,0.7202,2,-1,-1
1594,81,827,539,142,50,0.7918,0,-1,-1
1594,73,470,515,117,50,0.7461,0,-1,-1
1594,107,1377,405,73,34,0.6496,0,-1,-1
1594,105,345,375,98,41,0.6619,0,-1,-1