715,37,882,258,138,76,0.8480,0,-1,-1
715,38,1078,553,87,155,0.7982,0,-1,-1
716,37,882,258,138,76,0.8480,0,-1,-1
716,38,1078,554,87,154,0.7969,0,-1,-1
717,37,883,258,138,76,0.8490,0,-1,-1
717,38,1084,556,81,153,0.6960,0,-1,-1
718,37,882,259,138,75,0.8510,0,-1,-1
718,38,1084,554,83,156,0.7786,0,-1,-1
719,37,882,259,137,75,0.8490,0,-1,-1
719,38,1084,555,84,155,0.7866,0,-1,-1
720,37,882,259,137,76,0.8480,0,-1,-1
720,38,1084,556,85,155,0.7520,0,-1,-1
721,37,882,259,137,76,0.8490,0,-1,-1
721,38,1086,555,83,158,0.6809,0,-1,-1
722,37,882,259,137,75,0.8490,0,-1,-1
722,38,1085,555,83,158,0.7170,0,-1,-1
723,37,882,260,137,74,0.8539,0,-1,-1
723,38,1082,556,87,159,0.7840,0,-1,-1
724,37,882,260,137,73,0.8539,0,-1,-1
724,38,1081,557,90,161,0.7786,0,-1,-1
725,37,882,260,137,73,0.8520,0,-1,-1
725,38,1082,559,88,159,0.7957,0,-1,-1
726,37,882,260,137,73,0.8520,0,-1,-1
726,38,1082,561,86,159,0.7058,0,-1,-1
727,37,881,259,139,75,0.8500,0,-1,-1
727,38,1083,563,84,157,0.7866,0,-1,-1
728,37,881,259,139,75,0.8500,0,-1,-1
728,38,1081,563,87,158,0.7853,0,-1,-1
729,37,881,259,139,76,0.8500,0,-1,-1
729,38,1082,564,85,157,0.7866,0,-1,-1
730,37,881,260,139,75,0.8529,0,-1,-1
731,37,881,260,139,75,0.8520,0,-1,-1
732,37,881,259,139,76,0.8529,0,-1,-1
732,38,1080,563,86,163,0.7879,0,-1,-1
733,37,881,259,140,76,0.8510,0,-1,-1
734,37,881,259,141,76,0.8510,0,-1,-1
735,37,882,258,140,77,0.8480,0,-1,-1
735,38,1079,566,90,164,0.7074,0,-1,-1
736,37,882,258,139,77,0.8500,0,-1,-1
736,38,1079,568,93,164,0.7691,0,-1,-1
737,37,881,258,140,77,0.8490,0,-1,-1
737,38,1079,566,94,167,0.7295,0,-1,-1
738,37,881,258,140,77,0.8500,0,-1,-1
738,38,1077,567,95,167,0.7217,0,-1,-1
738,41,1226,199,40,48,0.6206,0,-1,-1
739,37,880,258,141,78,0.8500,0,-1,-1
739,38,1076,567,97,167,0.8117,0,-1,-1
739,41,1226,200,40,48,0.6460,0,-1,-1
740,37,881,258,140,77,0.8459,0,-1,-1
740,38,1076,568,95,166,0.8141,0,-1,-1
740,41,1226,201,40,47,0.6723,0,-1,-1
741,37,881,258,140,76,0.8470,0,-1,-1
741,38,1075,564,97,175,0.8069,0,-1,-1
741,41,1227,202,39,47,0.6654,0,-1,-1
742,37,881,258,140,76,0.8449,0,-1,-1
742,38,1076,565,97,175,0.8081,0,-1,-1
742,41,1227,202,39,46,0.6671,0,-1,-1
743,37,881,258,140,75,0.8459,0,-1,-1
743,38,1074,568,98,172,0.8129,0,-1,-1
743,41,1226,203,40,45,0.6723,0,-1,-1
744,37,881,258,140,75,0.8490,0,-1,-1
744,38,1075,571,96,170,0.7957,0,-1,-1
744,41,1227,203,38,45,0.6478,0,-1,-1
745,37,881,258,139,75,0.8500,0,-1,-1
745,38,1075,568,97,175,0.8093,0,-1,-1
745,41,1227,204,38,44,0.6206,0,-1,-1
746,37,881,259,139,74,0.8510,0,-1,-1
746,38,1075,569,96,174,0.7994,0,-1,-1
747,37,881,258,139,75,0.8470,0,-1,-1
747,38,1074,572,98,174,0.8187,0,-1,-1
748,37,881,258,139,75,0.8490,0,-1,-1
748,38,1075,573,98,174,0.8032,0,-1,-1
749,37,881,258,139,75,0.8470,0,-1,-1
749,38,1076,572,96,176,0.8164,0,-1,-1
750,37,881,258,139,75,0.8470,0,-1,-1
750,38,1075,572,99,178,0.8081,0,-1,-1
751,37,881,257,139,76,0.8470,0,-1,-1
751,38,1074,573,101,178,0.8210,0,-1,-1
752,37,881,257,139,76,0.8480,0,-1,-1
752,38,1074,574,103,177,0.8245,0,-1,-1
753,37,881,257,139,77,0.8480,0,-1,-1
753,38,1075,574,102,178,0.8300,0,-1,-1
754,37,881,257,139,77,0.8459,0,-1,-1
754,38,1077,576,98,176,0.8117,0,-1,-1
755,37,881,257,139,77,0.8459,0,-1,-1
755,38,1077,576,98,176,0.8007,0,-1,-1
756,37,881,257,139,77,0.8439,0,-1,-1
756,38,1076,578,100,175,0.8289,0,-1,-1
757,37,880,257,140,76,0.8429,0,-1,-1
757,38,1076,582,100,172,0.8278,0,-1,-1
758,37,880,256,140,77,0.8429,0,-1,-1
758,38,1070,583,106,171,0.8081,0,-1,-1
759,37,880,256,141,77,0.8418,0,-1,-1
759,38,1067,583,109,172,0.8311,0,-1,-1
760,37,880,255,141,78,0.8418,0,-1,-1
760,38,1065,582,113,174,0.8333,0,-1,-1
761,37,880,255,141,78,0.8439,0,-1,-1
761,38,1068,581,111,176,0.8355,0,-1,-1
762,37,880,254,141,79,0.8418,0,-1,-1
762,38,1069,580,112,177,0.8333,0,-1,-1
763,37,880,254,141,78,0.8397,0,-1,-1
763,38,1070,578,110,179,0.8164,0,-1,-1
764,37,880,254,141,78,0.8397,0,-1,-1
764,38,1069,578,110,180,0.8032,0,-1,-1
765,37,880,253,142,79,0.8408,0,-1,-1
765,38,1066,579,111,179,0.8056,0,-1,-1
766,37,880,254,141,78,0.8429,0,-1,-1
766,38,1069,580,107,177,0.8129,0,-1,-1
767,37,880,255,141,77,0.8429,0,-1,-1
767,38,1070,581,105,175,0.8233,0,-1,-1
768,37,879,253,143,78,0.8366,0,-1,-1
768,38,1070,580,104,177,0.7786,0,-1,-1
769,37,880,253,142,78,0.8387,0,-1,-1
769,38,1071,580,101,178,0.7759,0,-1,-1
770,37,879,253,143,78,0.8418,0,-1,-1
770,38,1071,582,100,176,0.7677,0,-1,-1
770,41,1224,204,39,47,0.6114,0,-1,-1
771,37,879,253,142,77,0.8439,0,-1,-1
771,38,1071,584,101,172,0.7759,0,-1,-1
772,37,879,252,142,77,0.8439,0,-1,-1
772,38,1072,583,99,173,0.7786,0,-1,-1
773,37,879,252,142,77,0.8439,0,-1,-1
773,38,1073,585,97,171,0.7853,0,-1,-1
774,37,879,251,142,78,0.8245,0,-1,-1
774,38,1071,584,99,170,0.7606,0,-1,-1
775,37,880,251,141,78,0.8233,0,-1,-1
775,38,1070,583,98,172,0.7918,0,-1,-1
776,37,880,251,141,78,0.8129,0,-1,-1
776,38,1069,580,99,175,0.7957,0,-1,-1
777,37,880,251,141,78,0.8210,0,-1,-1
777,38,1069,578,99,178,0.7994,0,-1,-1
778,37,881,252,139,76,0.8333,0,-1,-1
778,38,1063,578,104,178,0.7800,0,-1,-1
779,37,881,252,137,75,0.8429,0,-1,-1
779,38,1058,577,109,178,0.6910,2,-1,-1
780,37,881,251,136,74,0.8480,0,-1,-1
780,38,1064,579,103,173,0.8187,0,-1,-1
781,37,881,251,136,74,0.8366,0,-1,-1
781,38,1068,576,98,175,0.8164,0,-1,-1
782,37,881,251,136,74,0.8397,0,-1,-1
782,38,1068,576,96,176,0.8164,0,-1,-1
783,37,881,250,135,75,0.8210,0,-1,-1
783,38,1069,577,94,173,0.8176,0,-1,-1
784,37,882,250,134,75,0.8355,0,-1,-1
784,38,1069,576,93,173,0.8199,0,-1,-1
785,37,882,249,134,75,0.8366,0,-1,-1
785,38,1069,575,92,173,0.7691,0,-1,-1
786,37,881,249,136,75,0.8322,0,-1,-1
786,38,1067,575,93,171,0.7705,0,-1,-1
787,37,880,249,136,74,0.8245,0,-1,-1
787,38,1064,573,97,173,0.7564,0,-1,-1
788,37,881,249,136,74,0.8176,0,-1,-1
788,38,1062,572,99,173,0.7387,0,-1,-1
789,37,880,248,135,73,0.8267,0,-1,-1
789,38,1063,572,96,171,0.7372,0,-1,-1
790,37,880,246,135,74,0.8376,0,-1,-1
790,38,1061,575,99,167,0.7827,0,-1,-1
791,37,880,245,136,75,0.8510,0,-1,-1
791,38,1061,575,99,166,0.7892,0,-1,-1
792,37,880,245,136,74,0.8480,0,-1,-1
792,38,1060,572,99,167,0.7718,0,-1,-1
793,37,880,245,136,73,0.8568,0,-1,-1
793,38,1058,570,100,165,0.7957,0,-1,-1
794,37,879,246,137,72,0.8597,0,-1,-1
794,38,1057,571,101,164,0.7621,0,-1,-1
795,37,880,245,137,72,0.8587,0,-1,-1
795,38,1055,571,102,160,0.7663,0,-1,-1
796,37,881,245,135,71,0.8539,0,-1,-1
796,38,1057,569,99,161,0.6826,0,-1,-1
797,37,880,244,135,72,0.8520,0,-1,-1
797,38,1059,569,97,160,0.7732,0,-1,-1
798,37,879,243,135,72,0.8606,0,-1,-1
798,38,1058,563,94,161,0.6058,0,-1,-1
799,37,880,242,134,72,0.8606,0,-1,-1
799,38,1058,565,92,159,0.7311,0,-1,-1
800,37,880,243,134,71,0.8578,0,-1,-1
800,38,1056,563,93,158,0.7233,0,-1,-1
801,37,880,242,134,71,0.8539,0,-1,-1
801,38,1059,562,87,156,0.7356,0,-1,-1
802,37,880,241,134,72,0.8606,0,-1,-1
802,38,1060,561,84,154,0.7387,0,-1,-1
803,37,881,241,133,73,0.8558,0,-1,-1
803,38,1060,559,83,155,0.7732,0,-1,-1
804,37,881,241,132,71,0.8634,0,-1,-1
804,38,1057,559,85,153,0.7800,0,-1,-1
805,37,880,241,132,71,0.8558,0,-1,-1
805,38,1057,557,83,152,0.7264,0,-1,-1
806,37,880,241,132,71,0.8568,0,-1,-1
806,38,1056,555,85,153,0.7476,0,-1,-1
807,37,879,239,133,70,0.8376,0,-1,-1
807,38,1053,550,89,157,0.7058,0,-1,-1
807,46,1207,197,43,46,0.6993,0,-1,-1
808,37,879,239,133,69,0.8549,0,-1,-1
808,38,1050,546,94,161,0.7746,0,-1,-1
808,46,1207,198,43,44,0.7249,0,-1,-1
809,37,880,239,132,68,0.8539,0,-1,-1
809,38,1053,548,89,157,0.7621,0,-1,-1
809,46,1206,200,44,43,0.6843,0,-1,-1
810,37,880,236,132,70,0.8429,0,-1,-1
810,38,1051,545,90,158,0.8164,0,-1,-1
811,37,881,236,129,70,0.8459,0,-1,-1
811,38,1054,546,86,156,0.8210,0,-1,-1
812,37,881,236,130,70,0.8470,0,-1,-1
812,38,1053,546,88,156,0.8187,0,-1,-1
813,37,882,235,128,70,0.8480,0,-1,-1
813,38,1052,544,88,154,0.8176,0,-1,-1
814,37,882,235,128,70,0.8480,0,-1,-1
814,38,1052,544,87,153,0.8222,0,-1,-1
815,37,882,236,128,69,0.8490,0,-1,-1
815,38,1052,544,86,151,0.8187,0,-1,-1
816,37,881,234,128,70,0.8387,0,-1,-1
816,38,1051,540,87,152,0.8117,0,-1,-1
817,37,881,233,128,70,0.8439,0,-1,-1
817,38,1050,538,87,152,0.8129,0,-1,-1
818,37,880,232,129,71,0.8449,0,-1,-1
818,38,1051,540,86,148,0.8152,0,-1,-1
819,37,880,231,128,72,0.8397,0,-1,-1
819,38,1050,538,85,149,0.8081,0,-1,-1
820,37,881,230,128,73,0.8300,0,-1,-1
820,38,1049,537,85,150,0.8032,0,-1,-1
821,37,880,230,129,73,0.8176,0,-1,-1
821,38,1051,535,85,151,0.7918,0,-1,-1
822,37,879,230,131,71,0.7402,0,-1,-1
822,38,1051,535,84,149,0.7944,0,-1,-1
823,37,879,229,130,71,0.7549,0,-1,-1
823,38,1049,534,85,149,0.7866,0,-1,-1
824,37,878,230,131,70,0.7957,0,-1,-1
824,38,1050,535,82,147,0.7718,0,-1,-1
825,37,877,229,132,71,0.8333,0,-1,-1
825,38,1049,534,82,145,0.7773,0,-1,-1
826,37,877,230,132,69,0.8333,0,-1,-1
826,38,1046,527,86,151,0.8032,0,-1,-1
827,37,877,230,132,69,0.8222,0,-1,-1
827,38,1042,526,91,152,0.8044,0,-1,-1
828,37,877,229,132,69,0.8093,0,-1,-1
828,38,1044,527,87,150,0.7905,0,-1,-1
829,37,877,229,132,68,0.7879,0,-1,-1
829,38,1045,529,86,146,0.7918,0,-1,-1
830,37,878,228,130,69,0.7800,0,-1,-1
830,38,1045,531,87,144,0.7944,0,-1,-1
831,37,877,226,131,71,0.7813,0,-1,-1
831,38,1046,530,83,144,0.7800,0,-1,-1
832,37,876,225,131,73,0.8141,0,-1,-1
832,38,1045,527,84,147,0.8007,0,-1,-1
833,37,877,225,130,73,0.8199,0,-1,-1
833,38,1043,525,86,149,0.8141,0,-1,-1
834,37,876,225,132,71,0.8210,0,-1,-1
834,38,1044,524,84,148,0.8152,0,-1,-1
835,37,877,224,131,73,0.8007,0,-1,-1
835,38,1042,520,85,153,0.8032,0,-1,-1
836,37,878,225,129,71,0.8081,0,-1,-1
836,38,1041,520,86,153,0.8105,0,-1,-1
837,37,879,224,128,71,0.8019,0,-1,-1
837,38,1041,519,85,152,0.8141,0,-1,-1
838,37,878,224,128,71,0.8093,0,-1,-1
838,38,1042,519,82,151,0.8176,0,-1,-1
839,37,877,224,129,72,0.8141,0,-1,-1
839,38,1043,518,79,152,0.8093,0,-1,-1
840,37,877,223,129,72,0.8210,0,-1,-1
840,38,1041,517,82,151,0.8117,0,-1,-1
841,37,878,223,128,72,0.8233,0,-1,-1
841,38,1037,518,86,150,0.8187,0,-1,-1
842,37,879,223,128,71,0.8267,0,-1,-1
842,38,1036,519,88,148,0.8176,0,-1,-1
843,37,879,222,128,71,0.8322,0,-1,-1
843,38,1038,520,83,146,0.8245,0,-1,-1
844,37,879,222,128,70,0.8311,0,-1,-1
844,38,1039,520,80,146,0.8199,0,-1,-1
845,37,879,222,128,71,0.8311,0,-1,-1
845,38,1040,520,78,146,0.8117,0,-1,-1
846,37,880,222,127,71,0.8245,0,-1,-1
846,38,1038,513,82,152,0.7957,0,-1,-1
847,37,880,222,127,70,0.8256,0,-1,-1
847,38,1037,513,84,152,0.7233,0,-1,-1
848,37,881,222,125,70,0.8256,0,-1,-1
848,38,1038,510,81,154,0.7491,0,-1,-1
848,49,1039,512,80,151,0.6243,0,-1,-1
849,37,881,222,125,68,0.8387,0,-1,-1
849,38,1040,513,78,149,0.7535,0,-1,-1
849,49,1038,511,80,152,0.7372,2,-1,-1
850,37,880,221,126,67,0.8397,0,-1,-1
851,37,880,221,126,67,0.8418,0,-1,-1
851,38,1038,512,80,150,0.7773,0,-1,-1
852,37,880,221,126,67,0.8429,0,-1,-1
852,38,1036,513,84,148,0.7718,0,-1,-1
853,37,880,220,126,69,0.8397,0,-1,-1
853,38,1036,512,82,150,0.7402,0,-1,-1
853,50,1039,514,79,147,0.7154,0,-1,-1
854,37,880,220,126,69,0.8387,0,-1,-1
854,38,1038,515,79,146,0.7879,0,-1,-1
855,37,880,220,127,67,0.8344,0,-1,-1
855,38,1037,512,80,149,0.6039,0,-1,-1
856,37,880,219,126,68,0.8366,0,-1,-1
856,38,1038,512,77,147,0.7918,0,-1,-1
857,37,880,219,126,68,0.8344,0,-1,-1
857,38,1037,512,78,148,0.8267,0,-1,-1
858,37,880,218,126,68,0.8418,0,-1,-1
858,38,1035,512,79,147,0.8210,0,-1,-1
859,37,880,218,126,68,0.8418,0,-1,-1
859,38,1033,511,81,147,0.8019,0,-1,-1
860,37,880,218,126,67,0.8387,0,-1,-1
860,38,1033,511,81,145,0.8093,0,-1,-1
861,37,881,217,124,67,0.8355,0,-1,-1
861,38,1030,507,84,148,0.8093,0,-1,-1
862,37,880,216,126,68,0.8344,0,-1,-1
862,38,1029,506,86,150,0.8081,0,-1,-1
863,37,881,216,124,69,0.8366,0,-1,-1
863,38,1028,506,87,150,0.8081,0,-1,-1
864,37,881,216,124,68,0.8376,0,-1,-1
864,38,1028,504,87,152,0.8176,0,-1,-1
865,37,881,216,124,67,0.8387,0,-1,-1
865,38,1029,506,86,150,0.7879,0,-1,-1
866,37,881,216,124,67,0.8387,0,-1,-1
866,38,1028,508,86,147,0.7957,0,-1,-1
867,37,882,216,123,65,0.8490,0,-1,-1
867,38,1031,510,82,142,0.8019,0,-1,-1
868,37,882,216,123,65,0.8510,0,-1,-1
868,38,1029,510,84,141,0.8093,0,-1,-1
869,37,882,217,123,65,0.8549,0,-1,-1
869,38,1027,509,85,142,0.8093,0,-1,-1
870,37,881,216,124,65,0.8539,0,-1,-1
870,38,1029,510,82,139,0.8117,0,-1,-1
871,37,882,217,123,65,0.8500,0,-1,-1
871,38,1029,508,82,142,0.8105,0,-1,-1
872,37,882,217,123,65,0.8490,0,-1,-1
872,38,1030,508,80,142,0.8105,0,-1,-1
873,37,882,216,122,66,0.8311,0,-1,-1
873,38,1030,503,78,147,0.8032,0,-1,-1
874,37,882,216,122,66,0.8164,0,-1,-1
874,38,1031,502,78,148,0.7879,0,-1,-1
875,37,882,215,122,67,0.8210,0,-1,-1
875,38,1031,502,78,147,0.8056,0,-1,-1
876,37,882,214,122,67,0.8344,0,-1,-1
876,38,1028,499,83,150,0.8233,0,-1,-1
877,37,882,214,122,67,0.8366,0,-1,-1
877,38,1027,497,84,152,0.8256,0,-1,-1
878,37,882,213,122,67,0.8376,0,-1,-1
878,38,1025,497,86,152,0.8222,0,-1,-1
879,37,882,212,122,66,0.8355,0,-1,-1
879,38,1025,501,85,147,0.7931,0,-1,-1
880,37,883,212,120,66,0.8366,0,-1,-1
880,38,1026,503,83,144,0.7879,0,-1,-1
881,37,882,213,121,66,0.8333,0,-1,-1
881,38,1026,502,82,145,0.8199,0,-1,-1
882,37,882,212,120,66,0.8333,0,-1,-1
882,38,1026,503,82,142,0.7994,0,-1,-1
883,37,882,212,120,65,0.8344,0,-1,-1
883,38,1024,500,84,145,0.7866,0,-1,-1
884,37,882,212,119,65,0.8311,0,-1,-1
884,38,1025,499,83,145,0.7944,0,-1,-1
885,37,882,212,119,64,0.8322,0,-1,-1
885,38,1023,495,86,149,0.7994,0,-1,-1
886,37,881,211,120,66,0.8355,0,-1,-1
886,38,1022,494,89,150,0.7663,0,-1,-1
886,52,1184,191,40,40,0.6095,0,-1,-1
887,37,881,212,120,65,0.8311,0,-1,-1
887,38,1022,494,89,150,0.7879,0,-1,-1
887,52,1184,192,40,39,0.6151,0,-1,-1
888,37,882,212,119,65,0.8366,0,-1,-1
888,38,1022,495,86,148,0.7705,0,-1,-1
889,37,881,211,120,65,0.8355,0,-1,-1
889,38,1023,498,85,145,0.8032,0,-1,-1
890,37,881,211,120,65,0.8366,0,-1,-1
890,38,1024,499,84,143,0.7944,0,-1,-1
891,37,882,210,119,64,0.8333,0,-1,-1
891,38,1024,498,82,144,0.7827,0,-1,-1
892,37,882,209,119,64,0.8300,0,-1,-1
892,38,1024,497,81,144,0.7813,0,-1,-1
893,37,882,209,119,64,0.8311,0,-1,-1
893,38,1023,496,83,145,0.7718,0,-1,-1
894,37,881,209,120,65,0.8333,0,-1,-1
894,38,1025,496,79,142,0.7677,0,-1,-1
895,37,881,209,120,66,0.8300,0,-1,-1
895,38,1025,497,79,139,0.7372,0,-1,-1
896,37,881,209,120,66,0.8333,0,-1,-1
896,38,1025,497,79,137,0.6910,0,-1,-1
897,37,880,208,121,66,0.8256,0,-1,-1
897,38,1025,497,78,137,0.7341,0,-1,-1
898,37,880,208,122,65,0.8245,0,-1,-1
898,38,1025,496,78,139,0.7249,0,-1,-1
899,37,880,208,123,65,0.8233,0,-1,-1
899,38,1026,497,77,138,0.7341,0,-1,-1
900,37,880,207,122,65,0.8069,0,-1,-1
900,38,1025,496,78,138,0.7621,0,-1,-1
901,37,880,208,121,63,0.8141,0,-1,-1
902,37,880,208,120,63,0.8093,0,-1,-1
902,38,1025,493,77,140,0.6706,0,-1,-1
903,37,880,207,119,63,0.8019,0,-1,-1
903,38,1023,492,80,142,0.6671,0,-1,-1
904,37,880,207,119,63,0.8007,0,-1,-1
904,38,1023,492,80,142,0.6619,0,-1,-1
905,37,880,207,120,63,0.7931,0,-1,-1
905,38,1024,492,79,142,0.6926,0,-1,-1
906,37,881,206,120,64,0.8081,0,-1,-1
906,38,1020,490,84,145,0.7186,0,-1,-1
907,37,881,206,120,64,0.8141,0,-1,-1
907,38,1018,488,87,146,0.7402,0,-1,-1
908,37,882,206,119,64,0.8129,0,-1,-1
908,38,1019,488,89,143,0.7387,0,-1,-1
909,37,882,206,119,63,0.8256,0,-1,-1
909,38,1019,489,88,140,0.7535,0,-1,-1
909,53,0,142,121,107,0.6549,0,-1,-1
910,37,882,206,119,63,0.8289,0,-1,-1
910,38,1018,486,88,142,0.7106,0,-1,-1
910,53,0,142,122,106,0.6169,0,-1,-1
911,37,883,206,118,64,0.8311,0,-1,-1
911,38,1019,484,86,144,0.6910,0,-1,-1
911,53,0,145,122,102,0.6478,0,-1,-1
912,37,883,206,117,63,0.8300,0,-1,-1
912,38,1020,484,83,144,0.6826,0,-1,-1
912,53,0,145,123,104,0.7025,0,-1,-1
913,37,882,205,119,63,0.8322,0,-1,-1
913,53,0,143,124,106,0.7138,0,-1,-1
914,37,882,205,119,63,0.8333,0,-1,-1
914,53,0,142,124,107,0.7058,0,-1,-1
914,38,1022,484,81,143,0.6602,0,-1,-1
915,37,882,205,119,63,0.8344,0,-1,-1
915,53,0,144,124,104,0.7249,0,-1,-1
915,38,1021,485,80,141,0.7122,0,-1,-1
916,37,881,205,120,63,0.8176,0,-1,-1
916,53,0,143,123,105,0.6876,0,-1,-1
916,38,1021,484,79,143,0.7326,0,-1,-1
917,37,881,205,120,64,0.8176,0,-1,-1
917,53,0,142,123,106,0.6809,0,-1,-1
917,38,1020,484,78,144,0.7280,0,-1,-1
918,37,880,205,120,65,0.8093,0,-1,-1
918,53,0,141,123,107,0.7074,0,-1,-1
918,38,1020,482,78,145,0.7249,0,-1,-1
919,37,880,205,120,65,0.8129,0,-1,-1
919,53,0,142,124,106,0.7074,0,-1,-1
919,38,1019,481,79,146,0.7138,0,-1,-1
920,37,881,205,119,65,0.8044,0,-1,-1
920,53,0,141,124,108,0.6689,0,-1,-1
920,38,1019,481,81,147,0.7058,0,-1,-1
921,37,880,204,120,63,0.8019,0,-1,-1
921,53,0,139,125,110,0.6280,0,-1,-1
921,38,1019,480,84,144,0.7341,0,-1,-1
922,37,881,204,119,62,0.8105,0,-1,-1
922,53,0,142,126,103,0.6225,0,-1,-1
922,38,1018,482,83,141,0.7058,0,-1,-1
923,37,881,204,119,62,0.8056,0,-1,-1
923,53,0,144,126,99,0.6584,0,-1,-1
923,38,1019,483,81,140,0.6775,0,-1,-1
924,37,882,204,118,62,0.8187,0,-1,-1
924,53,0,144,126,104,0.7387,0,-1,-1
924,38,1018,482,79,142,0.7106,0,-1,-1
925,37,882,203,117,63,0.8245,0,-1,-1
925,53,0,145,127,98,0.7074,0,-1,-1
925,38,1017,483,79,141,0.7341,0,-1,-1
926,37,882,204,117,62,0.8256,0,-1,-1
926,53,0,146,127,95,0.6893,0,-1,-1
926,38,1017,483,80,140,0.7356,0,-1,-1
927,37,883,203,116,61,0.8245,0,-1,-1
927,53,0,148,128,91,0.7773,0,-1,-1
927,38,1018,484,77,138,0.6206,0,-1,-1
928,37,884,203,115,60,0.8278,0,-1,-1
928,53,0,147,129,91,0.7718,0,-1,-1
929,37,884,203,115,59,0.8278,0,-1,-1
929,53,0,146,129,91,0.7578,0,-1,-1
929,38,1018,482,76,140,0.6637,0,-1,-1
930,37,885,202,114,59,0.8278,0,-1,-1
930,53,0,148,130,89,0.7491,0,-1,-1
930,38,1016,481,76,140,0.6876,0,-1,-1
931,37,885,202,114,59,0.8289,0,-1,-1
931,53,0,148,131,90,0.7606,0,-1,-1
931,38,1018,481,73,141,0.7009,0,-1,-1
932,37,885,202,114,59,0.8278,0,-1,-1
932,53,0,147,132,92,0.7491,0,-1,-1
932,38,1019,480,71,142,0.7202,0,-1,-1
933,37,885,201,113,60,0.8311,0,-1,-1
933,53,0,146,132,91,0.7326,0,-1,-1
933,38,1015,481,76,138,0.7009,0,-1,-1
934,37,885,201,113,60,0.8300,0,-1,-1
934,53,0,147,134,90,0.7549,0,-1,-1
934,38,1015,481,78,138,0.7535,0,-1,-1
935,37,884,201,115,59,0.8267,0,-1,-1
935,53,0,147,135,91,0.7592,0,-1,-1
935,38,1015,481,78,138,0.7417,0,-1,-1
936,37,885,201,115,58,0.8233,0,-1,-1
936,53,0,142,137,98,0.7549,0,-1,-1
936,38,1016,482,76,135,0.7295,0,-1,-1
937,37,885,201,115,58,0.8199,0,-1,-1
937,53,0,140,137,101,0.7649,0,-1,-1
937,38,1016,483,77,134,0.7705,0,-1,-1
938,37,885,200,115,59,0.8176,0,-1,-1
938,53,0,139,138,103,0.7387,0,-1,-1
938,38,1015,483,79,135,0.6860,0,-1,-1
939,37,885,200,116,58,0.8199,0,-1,-1
939,53,0,139,138,105,0.7447,0,-1,-1
939,38,1015,483,78,136,0.7311,0,-1,-1
940,37,885,199,115,59,0.8129,0,-1,-1
940,53,0,139,140,106,0.7025,0,-1,-1
940,38,1016,484,76,134,0.6689,0,-1,-1
941,37,885,199,115,59,0.8093,0,-1,-1
941,53,0,139,140,108,0.7106,0,-1,-1
941,38,1016,485,75,133,0.6723,0,-1,-1
942,37,885,198,114,60,0.8164,0,-1,-1
942,53,0,142,142,101,0.6826,0,-1,-1
942,38,1015,484,77,132,0.6298,0,-1,-1
943,37,884,197,115,61,0.8176,0,-1,-1
943,53,0,144,143,98,0.6943,0,-1,-1
943,38,1015,483,77,132,0.7813,0,-1,-1
944,37,884,198,115,60,0.8233,0,-1,-1
944,53,0,144,144,99,0.7025,0,-1,-1
944,38,1014,481,77,135,0.7892,0,-1,-1
945,37,884,198,116,60,0.8344,0,-1,-1
945,53,0,143,144,100,0.6132,0,-1,-1
945,38,1013,480,79,135,0.7813,0,-1,-1
946,37,885,198,115,60,0.8397,0,-1,-1
946,38,1014,480,79,134,0.7866,0,-1,-1
947,37,885,199,115,60,0.8387,0,-1,-1
947,38,1014,480,79,134,0.7918,0,-1,-1
948,37,885,197,116,61,0.8408,0,-1,-1
948,38,1014,477,79,135,0.7249,0,-1,-1
949,37,885,197,116,60,0.8397,0,-1,-1
949,38,1014,476,77,136,0.7944,0,-1,-1
950,37,885,197,116,61,0.8397,0,-1,-1
950,38,1013,477,77,135,0.8019,0,-1,-1
951,37,886,197,114,60,0.8439,0,-1,-1
951,38,1014,478,74,133,0.7853,0,-1,-1
951,53,0,137,151,113,0.6619,0,-1,-1
952,37,886,196,114,60,0.8408,0,-1,-1
952,38,1014,477,72,134,0.8081,0,-1,-1
952,53,0,137,151,113,0.6002,0,-1,-1
953,37,886,196,114,61,0.8449,0,-1,-1
953,38,1014,476,71,134,0.7813,0,-1,-1
954,37,885,196,114,60,0.8418,0,-1,-1
954,38,1012,475,75,134,0.7520,0,-1,-1
954,53,0,140,150,106,0.6169,0,-1,-1
955,37,884,196,115,60,0.8439,0,-1,-1
955,38,1012,475,75,134,0.7461,0,-1,-1
955,53,0,141,150,103,0.6169,0,-1,-1
956,37,884,196,115,60,0.8397,0,-1,-1
956,38,1010,475,77,135,0.8069,0,-1,-1
956,53,0,142,151,98,0.7009,0,-1,-1
957,37,885,195,114,60,0.8418,0,-1,-1
957,38,1012,474,75,137,0.8007,0,-1,-1
957,53,0,141,151,97,0.7476,0,-1,-1
958,37,885,195,114,61,0.8449,0,-1,-1
958,38,1011,473,77,138,0.7387,0,-1,-1
958,53,0,141,151,95,0.7677,0,-1,-1
959,37,885,194,114,61,0.8387,0,-1,-1
959,38,1010,473,77,137,0.7705,0,-1,-1
959,53,0,142,151,94,0.7746,0,-1,-1
960,37,885,194,113,61,0.8439,0,-1,-1
960,38,1010,472,76,135,0.7520,0,-1,-1
960,53,0,142,152,94,0.7138,0,-1,-1
961,37,885,194,113,62,0.8366,0,-1,-1
961,38,1011,472,76,133,0.7491,0,-1,-1
961,53,0,142,154,96,0.6775,0,-1,-1
962,37,885,194,113,61,0.8418,0,-1,-1
962,38,1010,473,76,132,0.6943,0,-1,-1
962,53,0,140,154,99,0.7025,0,-1,-1
963,37,885,194,113,61,0.8490,0,-1,-1
963,38,1010,473,76,132,0.6261,0,-1,-1
963,53,0,137,154,101,0.6671,0,-1,-1
964,37,885,194,112,61,0.8510,0,-1,-1
964,38,1010,472,76,132,0.6261,0,-1,-1
964,53,0,137,154,104,0.6298,0,-1,-1
965,37,886,195,111,59,0.8549,0,-1,-1
965,38,1010,473,76,130,0.6943,0,-1,-1
966,37,886,195,111,59,0.8568,0,-1,-1
967,37,886,194,111,60,0.8597,0,-1,-1
968,37,886,194,111,60,0.8587,0,-1,-1
969,37,885,193,113,61,0.8549,0,-1,-1
970,37,886,192,112,61,0.8500,0,-1,-1
971,37,886,192,112,60,0.8470,0,-1,-1
971,38,1011,470,80,130,0.6021,0,-1,-1
972,37,886,191,112,60,0.8520,0,-1,-1
972,38,1010,470,78,130,0.7813,0,-1,-1
972,53,0,138,161,93,0.6058,0,-1,-1
973,37,885,191,113,61,0.8470,0,-1,-1
973,38,1009,468,80,133,0.7621,0,-1,-1
973,53,0,137,162,96,0.6225,0,-1,-1
974,37,885,191,113,60,0.8366,0,-1,-1
974,38,1009,467,79,134,0.7564,0,-1,-1
974,53,0,136,162,98,0.7009,0,-1,-1
975,37,885,191,112,61,0.8387,0,-1,-1
975,38,1008,467,78,132,0.6496,0,-1,-1
975,53,0,134,164,102,0.7326,0,-1,-1
976,37,885,190,113,61,0.8387,0,-1,-1
976,38,1009,469,75,129,0.6809,0,-1,-1
976,53,0,136,164,97,0.7506,0,-1,-1
977,37,885,190,113,61,0.8322,0,-1,-1
977,38,1008,471,76,126,0.7564,0,-1,-1
977,53,0,137,163,95,0.7866,0,-1,-1
978,37,885,189,113,62,0.8233,0,-1,-1
978,38,1008,472,77,125,0.6619,0,-1,-1
978,53,0,138,166,93,0.7663,0,-1,-1
979,37,885,188,113,63,0.8129,0,-1,-1
979,38,1009,471,72,125,0.7009,0,-1,-1
979,53,0,136,169,95,0.7311,0,-1,-1
980,37,885,188,113,62,0.8129,0,-1,-1
980,38,1010,471,70,125,0.6976,0,-1,-1
980,53,0,135,170,95,0.7233,0,-1,-1
981,37,885,188,113,62,0.8141,0,-1,-1
981,38,1011,469,69,127,0.7372,0,-1,-1
981,53,0,134,171,97,0.7280,0,-1,-1
982,37,885,187,113,62,0.8164,0,-1,-1
982,38,1012,469,68,126,0.7491,0,-1,-1
982,53,0,129,171,102,0.6826,0,-1,-1
983,37,885,186,113,62,0.8069,0,-1,-1
983,38,1011,469,69,126,0.7506,0,-1,-1
983,53,0,125,172,107,0.6298,0,-1,-1
984,37,884,186,114,62,0.8093,0,-1,-1
984,38,1009,471,68,124,0.7402,0,-1,-1
984,53,0,122,172,112,0.6021,0,-1,-1
985,37,883,186,115,62,0.8019,0,-1,-1
985,38,1009,470,68,124,0.7402,0,-1,-1
985,53,0,122,172,111,0.6740,0,-1,-1
986,37,882,187,116,62,0.7957,0,-1,-1
986,38,1009,469,68,125,0.7233,0,-1,-1
986,53,0,120,171,112,0.6910,0,-1,-1
987,37,881,186,117,62,0.7892,0,-1,-1
987,38,1007,465,70,129,0.6316,0,-1,-1
987,53,0,118,173,115,0.7520,0,-1,-1
988,37,881,186,117,62,0.7813,0,-1,-1
988,38,1006,464,72,129,0.6843,0,-1,-1
988,53,0,116,175,117,0.7535,0,-1,-1
988,54,1006,467,75,127,0.6943,0,-1,-1
989,37,881,186,117,62,0.7773,0,-1,-1
989,53,0,115,174,119,0.7592,0,-1,-1
990,37,882,185,117,63,0.7718,0,-1,-1
990,53,0,119,173,114,0.7759,0,-1,-1
990,38,1007,464,74,128,0.7635,0,-1,-1
991,37,882,185,117,63,0.7827,0,-1,-1
991,53,0,120,171,111,0.7732,0,-1,-1
991,38,1006,467,74,125,0.7520,0,-1,-1
992,37,882,185,116,63,0.7918,0,-1,-1
992,53,0,120,170,111,0.7606,0,-1,-1
992,38,1007,467,71,124,0.7138,0,-1,-1
993,37,882,185,116,63,0.7892,0,-1,-1
993,53,0,122,173,108,0.7154,0,-1,-1
993,38,1006,465,72,124,0.7341,0,-1,-1
994,37,882,185,116,63,0.7957,0,-1,-1
994,53,0,125,173,103,0.7578,0,-1,-1
994,38,1006,464,72,124,0.7592,0,-1,-1
995,37,883,185,114,63,0.8019,0,-1,-1
995,53,0,127,172,101,0.7592,0,-1,-1
995,38,1006,464,72,124,0.7746,0,-1,-1
996,37,883,185,114,62,0.7969,0,-1,-1
996,53,0,123,172,104,0.7705,0,-1,-1
996,38,1006,466,72,120,0.7879,0,-1,-1
997,37,883,185,114,60,0.8081,0,-1,-1
997,53,0,122,172,105,0.7635,0,-1,-1
997,38,1006,464,71,119,0.7520,0,-1,-1
998,37,883,185,114,60,0.7982,0,-1,-1
998,53,0,122,173,105,0.7535,0,-1,-1
998,38,1005,463,71,121,0.6976,0,-1,-1
999,37,884,184,114,59,0.7994,0,-1,-1
999,53,0,122,175,105,0.7635,0,-1,-1
1000,37,885,184,113,58,0.7957,0,-1,-1
1000,53,0,122,178,106,0.7549,0,-1,-1
1001,37,884,184,114,59,0.7969,0,-1,-1
1001,53,0,122,178,107,0.7592,0,-1,-1
1002,37,885,183,113,60,0.8032,0,-1,-1
1002,53,0,123,177,105,0.7549,0,-1,-1
1003,37,885,183,113,59,0.8129,0,-1,-1
1003,53,0,126,179,101,0.7491,0,-1,-1
1003,38,1003,461,78,123,0.6243,0,-1,-1
1004,37,886,184,111,57,0.8176,0,-1,-1
1004,53,0,128,179,98,0.7759,0,-1,-1
1004,38,1003,461,76,124,0.6095,0,-1,-1
1005,37,886,184,111,56,0.8141,0,-1,-1
1005,53,0,127,179,99,0.7840,0,-1,-1
1006,37,886,184,111,55,0.8152,0,-1,-1
1006,53,0,127,179,98,0.7341,0,-1,-1
1007,37,885,184,110,55,0.8081,0,-1,-1
1007,53,0,127,180,98,0.7520,0,-1,-1
1008,37,885,184,110,55,0.8007,0,-1,-1
1008,53,0,127,181,98,0.7506,0,-1,-1
1009,37,885,184,110,54,0.8069,0,-1,-1
1009,53,0,127,183,98,0.7326,0,-1,-1
1010,37,885,184,110,54,0.8081,0,-1,-1
1010,53,0,126,184,99,0.7402,0,-1,-1
1011,37,885,183,110,54,0.8019,0,-1,-1
1011,53,0,125,184,99,0.7506,0,-1,-1
1011,38,1001,453,70,124,0.7090,0,-1,-1
1012,37,885,183,110,54,0.8032,0,-1,-1
1012,53,0,123,184,102,0.7635,0,-1,-1
1012,38,1003,458,70,119,0.6225,0,-1,-1
1013,37,885,182,110,55,0.7994,0,-1,-1
1013,53,0,123,184,102,0.7663,0,-1,-1
1013,38,1004,455,68,121,0.7295,0,-1,-1
1014,37,885,182,109,55,0.8044,0,-1,-1
1014,53,0,127,184,98,0.7461,0,-1,-1
1015,37,886,181,109,56,0.7982,0,-1,-1
1015,53,0,125,185,100,0.7217,0,-1,-1
1016,37,886,181,109,55,0.7969,0,-1,-1
1016,53,0,121,186,104,0.7341,0,-1,-1
1016,38,1001,457,73,121,0.6261,0,-1,-1
1017,37,885,181,110,56,0.7879,0,-1,-1
1017,53,0,118,186,107,0.7535,0,-1,-1
1017,38,999,459,75,118,0.6095,0,-1,-1
1018,37,886,181,108,55,0.7944,0,-1,-1
1018,53,0,119,187,104,0.6723,0,-1,-1
1018,38,999,454,72,120,0.6316,0,-1,-1
1019,37,886,181,108,56,0.7931,0,-1,-1
1019,53,0,119,188,103,0.6114,0,-1,-1
1019,38,1001,458,71,116,0.7042,0,-1,-1
1020,37,886,180,108,56,0.7866,0,-1,-1
1020,53,0,113,189,109,0.6352,0,-1,-1
1020,38,1003,457,68,116,0.6424,0,-1,-1
1021,37,886,179,109,56,0.7813,0,-1,-1
1021,53,0,117,190,104,0.6243,0,-1,-1
1022,37,887,179,108,55,0.7691,0,-1,-1
1022,53,0,120,190,101,0.6225,0,-1,-1
1023,37,888,179,107,54,0.7705,0,-1,-1
1024,37,888,179,107,54,0.7606,0,-1,-1
1024,53,0,115,191,106,0.6442,0,-1,-1
1025,37,888,179,107,54,0.7786,0,-1,-1
1025,53,0,115,192,106,0.6943,0,-1,-1
1026,37,888,178,107,55,0.8093,0,-1,-1
1026,53,0,117,193,103,0.6910,0,-1,-1
1026,38,996,454,72,118,0.6792,0,-1,-1
1027,37,887,178,107,55,0.8164,0,-1,-1
1027,53,0,118,194,103,0.6706,0,-1,-1
1027,38,995,453,72,120,0.6225,0,-1,-1
1028,37,887,178,107,55,0.8141,0,-1,-1
1028,53,0,117,195,104,0.6584,0,-1,-1
1029,37,886,178,108,56,0.8141,0,-1,-1
1029,53,0,119,196,102,0.7476,0,-1,-1
1030,37,886,178,108,56,0.8245,0,-1,-1
1030,53,0,118,196,103,0.7170,0,-1,-1
1031,37,886,178,108,56,0.8245,0,-1,-1
1031,53,0,118,196,103,0.6758,0,-1,-1
1032,37,886,177,108,56,0.8233,0,-1,-1
1032,53,0,116,196,105,0.7202,0,-1,-1
1033,37,885,177,110,56,0.8233,0,-1,-1
1033,53,0,115,197,107,0.7009,0,-1,-1
1033,38,997,455,67,117,0.7578,0,-1,-1
1034,37,885,177,110,56,0.8210,0,-1,-1
1034,53,0,115,198,107,0.7233,0,-1,-1
1034,38,998,455,67,115,0.7461,0,-1,-1
1035,37,885,176,110,57,0.8222,0,-1,-1
1035,53,0,115,198,106,0.6671,0,-1,-1
1035,38,999,456,67,113,0.7042,0,-1,-1
1036,37,886,176,108,57,0.8210,0,-1,-1
1036,53,0,116,199,104,0.6706,0,-1,-1
1036,38,999,457,67,112,0.7402,0,-1,-1
1037,37,886,176,108,56,0.8222,0,-1,-1
1037,53,0,117,200,103,0.6619,0,-1,-1
1037,38,999,457,67,112,0.7535,0,-1,-1
1038,37,886,175,109,57,0.8245,0,-1,-1
1038,53,0,119,202,101,0.6723,0,-1,-1
1038,38,997,451,70,119,0.6893,0,-1,-1
1039,37,887,175,108,56,0.8245,0,-1,-1
1039,38,996,446,71,124,0.7186,0,-1,-1
1040,37,887,175,108,56,0.8300,0,-1,-1
1040,38,995,442,73,127,0.7186,0,-1,-1
1040,53,0,123,205,97,0.6352,0,-1,-1
1041,37,888,175,106,56,0.8333,0,-1,-1
1041,38,997,450,69,118,0.7311,0,-1,-1
1041,53,0,120,202,99,0.6442,0,-1,-1
1042,37,888,175,107,56,0.8333,0,-1,-1
1042,38,998,455,65,112,0.7461,0,-1,-1
1042,53,0,119,202,99,0.7106,0,-1,-1
1043,37,888,174,107,57,0.8333,0,-1,-1
1043,38,998,456,64,110,0.7564,0,-1,-1
1043,53,0,123,204,94,0.7520,0,-1,-1
1044,37,888,174,107,57,0.8289,0,-1,-1
1044,38,998,455,65,112,0.7090,0,-1,-1
1044,53,0,127,205,88,0.7578,0,-1,-1
1045,37,888,175,107,55,0.8311,0,-1,-1
1045,38,997,453,67,114,0.7217,0,-1,-1
1045,53,0,127,205,86,0.7663,0,-1,-1
1046,37,888,175,107,56,0.8300,0,-1,-1
1046,38,996,452,70,115,0.7311,0,-1,-1
1046,53,0,126,209,87,0.7402,0,-1,-1
1047,37,888,174,107,57,0.8267,0,-1,-1
1047,38,996,449,70,118,0.7402,0,-1,-1
1047,53,1,124,213,89,0.7520,0,-1,-1
1048,37,888,174,107,57,0.8300,0,-1,-1
1048,38,994,447,73,119,0.7476,0,-1,-1
1048,53,1,121,214,93,0.7606,0,-1,-1
1049,37,888,174,107,57,0.8333,0,-1,-1
1049,38,993,448,74,117,0.7447,0,-1,-1
1049,53,1,119,216,95,0.7564,0,-1,-1
1050,37,889,173,105,57,0.8376,0,-1,-1
1050,38,993,449,73,115,0.7461,0,-1,-1
1050,53,1,123,216,89,0.7621,0,-1,-1
1051,37,889,173,105,57,0.8387,0,-1,-1
1051,38,995,449,70,113,0.7461,0,-1,-1
1051,53,2,122,216,88,0.7154,0,-1,-1
1052,37,889,173,105,57,0.8376,0,-1,-1
1052,38,995,450,69,112,0.7549,0,-1,-1
1052,53,2,121,220,88,0.7025,0,-1,-1
1346,59,1546,364,48,27,0.8141,0,-1,-1
1346,60,1390,604,160,78,0.8056,0,-1,-1
1346,61,240,875,231,157,0.7994,0,-1,-1
1346,62,55,785,176,108,0.7892,0,-1,-1
1346,63,1065,594,153,77,0.7813,0,-1,-1
1346,64,665,601,162,63,0.7813,0,-1,-1
1346,65,1056,474,83,42,0.7732,0,-1,-1
1346,66,765,500,90,43,0.7564,0,-1,-1
1346,67,1670,328,45,22,0.7326,0,-1,-1
1346,68,7,544,145,60,0.7356,2,-1,-1
1346,69,846,471,89,44,0.7356,0,-1,-1
1346,70,904,687,78,95,0.6775,0,-1,-1
1346,71,410,536,138,58,0.6602,0,-1,-1
1346,72,958,406,78,33,0.6334,0,-1,-1
1346,73,301,447,112,44,0.6261,0,-1,-1
1346,75,318,382,67,33,0.6442,0,-1,-1
1346,76,501,355,63,33,0.6114,0,-1,-1
1347,58,528,700,168,102,0.8549,0,-1,-1
1347,59,1546,364,48,27,0.8069,0,-1,-1
1347,60,1390,605,161,78,0.8069,0,-1,-1
1347,61,239,873,232,160,0.7931,0,-1,-1
1347,62,54,782,176,112,0.7417,0,-1,-1
1347,63,1065,594,154,79,0.7800,0,-1,-1
1347,64,664,600,162,65,0.7759,0,-1,-1
1347,65,1056,475,83,42,0.7840,0,-1,-1
1347,66,766,500,88,43,0.7264,0,-1,-1
1347,67,1672,329,45,21,0.7578,0,-1,-1
1347,68,11,544,143,58,0.7759,2,-1,-1
1347,69,845,469,91,45,0.7356,0,-1,-1
1347,71,410,535,140,59,0.7090,0,-1,-1
1347,72,959,407,78,33,0.6225,0,-1,-1
1347,75,319,381,68,35,0.6531,0,-1,-1
1347,76,502,354,63,34,0.6151,0,-1,-1
1348,58,527,700,169,102,0.8539,0,-1,-1
1348,59,1547,365,49,26,0.7957,0,-1,-1
1348,60,1390,605,161,79,0.8056,0,-1,-1
1348,61,239,872,232,161,0.7705,0,-1,-1
1348,62,54,781,175,114,0.7606,0,-1,-1
1348,63,1066,593,154,79,0.7840,0,-1,-1
1348,64,666,599,161,66,0.7827,0,-1,-1
1348,65,1057,474,82,44,0.7773,0,-1,-1
1348,66,767,500,86,42,0.7106,0,-1,-1
1348,67,1673,328,44,22,0.7592,0,-1,-1
1348,68,11,545,145,57,0.7905,2,-1,-1
1348,69,846,469,91,45,0.7356,0,-1,-1
1348,71,411,536,140,58,0.7138,0,-1,-1
1348,72,960,407,77,34,0.6206,0,-1,-1
1348,77,148,488,93,52,0.6316,2,-1,-1
1348,73,305,447,94,44,0.6021,0,-1,-1
1349,58,528,700,167,102,0.8510,0,-1,-1
1349,59,1547,366,49,25,0.7944,0,-1,-1
1349,60,1390,605,162,79,0.8056,0,-1,-1
1349,61,239,872,232,160,0.7732,0,-1,-1
1349,62,55,780,174,114,0.7233,0,-1,-1
1349,63,1066,594,154,78,0.7800,0,-1,-1
1349,64,667,599,160,66,0.7800,0,-1,-1
1349,65,1058,475,82,43,0.7746,0,-1,-1
1349,66,768,501,87,41,0.7233,0,-1,-1
1349,67,1673,328,45,22,0.7564,0,-1,-1
1349,68,11,545,146,58,0.7892,2,-1,-1
1349,69,847,469,90,45,0.7447,0,-1,-1
1349,71,411,536,140,58,0.7217,0,-1,-1
1349,72,960,406,77,35,0.6243,0,-1,-1
1349,77,147,486,95,53,0.6280,2,-1,-1
1349,78,305,446,131,45,0.6637,0,-1,-1
1349,73,306,447,90,44,0.6206,0,-1,-1
1350,58,530,700,165,102,0.8529,0,-1,-1
1350,59,1548,365,47,27,0.7918,0,-1,-1
1350,60,1390,607,162,75,0.8044,0,-1,-1
1350,61,238,873,234,160,0.6809,0,-1,-1
1350,62,54,780,175,114,0.7506,0,-1,-1
1350,63,1067,594,152,76,0.7813,0,-1,-1
1350,64,666,598,160,66,0.7853,0,-1,-1
1350,65,1059,474,83,44,0.7635,0,-1,-1
1350,66,768,500,89,43,0.7264,0,-1,-1
1350,67,1675,328,45,22,0.7663,0,-1,-1
1350,68,12,546,145,56,0.7827,2,-1,-1
1350,69,847,469,92,45,0.7447,0,-1,-1
1350,71,413,537,138,56,0.6943,0,-1,-1
1350,72,961,406,78,34,0.6114,0,-1,-1
1350,77,148,486,96,52,0.6132,2,-1,-1
1350,79,811,547,149,54,0.6243,0,-1,-1
1350,70,903,693,74,89,0.6352,0,-1,-1
1350,75,321,381,68,33,0.6370,0,-1,-1
1351,58,529,699,165,102,0.8480,0,-1,-1
1351,59,1550,366,48,26,0.7866,0,-1,-1
1351,60,1390,608,163,73,0.8007,0,-1,-1
1351,61,238,877,233,153,0.7311,0,-1,-1
1351,62,54,780,175,114,0.7564,0,-1,-1
1351,63,1066,594,153,77,0.7759,0,-1,-1
1351,64,666,598,161,66,0.7840,0,-1,-1
1351,65,1059,474,83,43,0.7606,0,-1,-1
1351,66,769,500,88,43,0.7090,0,-1,-1
1351,67,1676,327,45,23,0.7718,0,-1,-1
1351,68,14,545,144,57,0.7786,2,-1,-1
1351,69,848,469,92,45,0.7635,0,-1,-1
1351,71,414,536,137,56,0.7186,0,-1,-1
1351,70,904,692,73,90,0.6531,0,-1,-1
1351,75,322,380,67,34,0.6169,0,-1,-1
1351,76,506,353,61,34,0.6169,0,-1,-1
1351,78,305,446,137,46,0.6206,0,-1,-1
1351,73,305,448,93,43,0.6039,0,-1,-1
1352,58,529,698,165,104,0.8470,0,-1,-1
1352,59,1550,366,49,26,0.7853,0,-1,-1
1352,60,1390,608,164,72,0.8032,0,-1,-1
1352,61,238,877,233,151,0.7564,0,-1,-1
1352,62,53,781,176,113,0.7982,0,-1,-1
1352,63,1067,594,152,76,0.7705,0,-1,-1
1352,64,666,598,161,66,0.7827,0,-1,-1
1352,65,1059,473,83,43,0.7549,0,-1,-1
1352,66,768,500,86,43,0.6993,0,-1,-1
1352,67,1677,328,46,22,0.7677,0,-1,-1
1352,68,12,544,146,57,0.7853,2,-1,-1
1352,69,849,468,91,47,0.7677,0,-1,-1
1352,71,415,536,136,56,0.7122,0,-1,-1
1352,70,904,692,73,91,0.6478,0,-1,-1
1352,76,507,353,60,33,0.6151,0,-1,-1
1352,78,305,446,139,46,0.6225,0,-1,-1
1352,72,962,406,79,33,0.6002,0,-1,-1
1352,79,811,549,150,52,0.6132,0,-1,-1
1353,58,530,699,164,102,0.8480,0,-1,-1
1353,59,1551,365,48,27,0.7746,0,-1,-1
1353,60,1391,608,163,72,0.8056,0,-1,-1
1353,61,238,877,232,150,0.6758,0,-1,-1
1353,62,54,782,176,111,0.8199,0,-1,-1
1353,63,1066,594,154,77,0.7759,0,-1,-1
1353,64,666,598,161,66,0.7892,0,-1,-1
1353,65,1059,474,83,43,0.7663,0,-1,-1
1353,66,769,501,74,42,0.6654,0,-1,-1
1353,67,1678,327,46,24,0.7931,0,-1,-1
1353,68,12,544,148,57,0.7786,2,-1,-1
1353,69,849,468,92,47,0.7635,0,-1,-1
1353,71,415,535,137,56,0.6976,0,-1,-1
1353,70,904,692,73,91,0.6775,0,-1,-1
1353,76,509,355,58,32,0.6188,0,-1,-1
1353,78,308,444,136,45,0.6114,0,-1,-1
1353,72,962,406,79,33,0.6206,0,-1,-1
1353,79,812,552,151,49,0.6225,2,-1,-1
1353,75,324,379,68,36,0.6095,0,-1,-1
1354,58,529,698,164,104,0.8480,0,-1,-1
1354,59,1552,364,48,28,0.7879,0,-1,-1
1354,60,1391,606,163,77,0.8056,0,-1,-1
1354,61,238,876,231,150,0.6809,0,-1,-1
1354,62,54,783,177,109,0.8199,0,-1,-1
1354,63,1065,593,156,79,0.7732,0,-1,-1
1354,64,667,597,161,66,0.7853,0,-1,-1
1354,65,1059,474,84,44,0.7663,0,-1,-1
1354,66,769,503,66,40,0.6602,0,-1,-1
1354,67,1680,328,46,23,0.7677,0,-1,-1
1354,68,14,544,147,57,0.7773,2,-1,-1
1354,69,851,467,90,49,0.7718,0,-1,-1
1354,71,415,534,138,58,0.7106,0,-1,-1
1354,76,510,356,58,31,0.6169,0,-1,-1
1354,78,308,445,137,45,0.6496,0,-1,-1
1354,72,963,406,78,33,0.6280,0,-1,-1
1354,75,325,378,68,36,0.6280,0,-1,-1
1355,58,529,699,164,103,0.8510,0,-1,-1
1355,59,1553,364,49,29,0.7905,0,-1,-1
1355,60,1392,607,161,76,0.8105,0,-1,-1
1355,61,238,876,231,151,0.7090,0,-1,-1
1355,62,54,784,176,108,0.8267,0,-1,-1
1355,63,1066,595,154,77,0.7773,0,-1,-1
1355,64,666,597,162,67,0.7853,0,-1,-1
1355,65,1059,474,84,44,0.7621,0,-1,-1
1355,66,769,503,63,40,0.6619,0,-1,-1
1355,67,1680,328,47,23,0.7606,0,-1,-1
1355,68,16,544,146,57,0.7621,2,-1,-1
1355,69,852,467,90,49,0.7677,0,-1,-1
1355,71,416,534,138,59,0.7122,0,-1,-1
1355,76,510,356,59,31,0.6077,0,-1,-1
1355,78,308,445,137,44,0.6002,0,-1,-1
1355,72,964,406,77,33,0.6169,0,-1,-1
1355,75,325,378,68,36,0.6169,0,-1,-1
1355,70,903,691,74,93,0.6021,0,-1,-1
1356,58,530,698,163,103,0.8470,0,-1,-1
1356,59,1554,364,48,30,0.7592,0,-1,-1
1356,60,1393,607,160,77,0.8044,0,-1,-1
1356,61,237,875,232,151,0.7217,0,-1,-1
1356,62,54,784,176,108,0.7944,0,-1,-1
1356,63,1066,594,155,79,0.7800,0,-1,-1
1356,64,667,598,161,68,0.7879,0,-1,-1
1356,65,1060,474,84,44,0.7520,0,-1,-1
1356,66,770,503,71,40,0.6370,0,-1,-1
1356,67,1680,328,48,23,0.7718,0,-1,-1
1356,68,16,543,147,58,0.7606,2,-1,-1
1356,69,852,468,90,48,0.7476,0,-1,-1
1356,71,417,534,138,58,0.7202,0,-1,-1
1356,76,511,356,59,29,0.6567,0,-1,-1
1356,78,309,444,136,46,0.6478,0,-1,-1
1356,72,965,406,78,33,0.6225,0,-1,-1
1356,75,327,379,68,35,0.6442,0,-1,-1
1356,70,902,689,77,95,0.7009,0,-1,-1
1357,58,530,700,163,100,0.8470,0,-1,-1
1357,59,1553,365,49,28,0.7786,0,-1,-1
1357,60,1392,608,161,77,0.8032,0,-1,-1
1357,61,236,875,232,151,0.6021,0,-1,-1
1357,62,54,783,175,110,0.7931,0,-1,-1
1357,63,1066,594,156,79,0.7879,0,-1,-1
1357,64,667,597,160,68,0.7827,0,-1,-1
1357,65,1061,474,83,44,0.7461,0,-1,-1
1357,66,770,502,82,41,0.6876,0,-1,-1
1357,67,1682,328,48,23,0.7549,0,-1,-1
1357,68,16,542,148,58,0.7122,2,-1,-1
1357,69,852,469,90,48,0.7326,0,-1,-1
1357,71,419,535,136,57,0.7356,0,-1,-1
1357,76,512,355,58,30,0.6460,0,-1,-1
1357,78,309,444,136,47,0.6298,0,-1,-1
1357,72,966,406,77,33,0.6388,0,-1,-1
1357,75,328,378,68,35,0.6549,0,-1,-1
1357,70,901,688,79,96,0.7402,0,-1,-1
1357,81,0,586,114,55,0.6058,0,-1,-1
1357,82,506,402,76,30,0.6151,0,-1,-1
1357,73,308,446,97,47,0.6388,0,-1,-1
1358,58,530,700,162,99,0.8480,0,-1,-1
1358,59,1555,365,48,28,0.7879,0,-1,-1
1358,60,1392,608,161,77,0.8019,0,-1,-1
1358,62,54,784,176,108,0.8044,0,-1,-1
1358,63,1066,594,156,79,0.7866,0,-1,-1
1358,64,667,597,160,68,0.7840,0,-1,-1
1358,65,1062,474,82,44,0.7461,0,-1,-1
1358,66,770,501,87,41,0.6960,0,-1,-1
1358,67,1683,329,48,21,0.7718,0,-1,-1
1358,68,15,542,149,58,0.7074,2,-1,-1
1358,69,853,469,90,47,0.7356,0,-1,-1
1358,71,420,535,135,56,0.7387,0,-1,-1
1358,76,513,355,58,30,0.6370,0,-1,-1
1358,72,967,406,75,33,0.6388,0,-1,-1
1358,75,329,378,67,35,0.6602,0,-1,-1
1358,70,902,688,79,95,0.7217,0,-1,-1
1358,81,0,586,113,54,0.6460,0,-1,-1
1358,82,506,402,76,31,0.6095,0,-1,-1
1358,73,309,445,106,48,0.6442,0,-1,-1
1359,58,530,700,162,99,0.8480,0,-1,-1
1359,59,1556,365,48,29,0.7879,0,-1,-1
1359,60,1392,607,162,79,0.7969,0,-1,-1
1359,62,55,783,176,108,0.7840,0,-1,-1
1359,63,1066,593,157,80,0.7773,0,-1,-1
1359,64,668,597,159,68,0.7732,0,-1,-1
1359,65,1062,474,82,44,0.7417,0,-1,-1
1359,66,771,502,86,41,0.6261,0,-1,-1
1359,67,1684,328,48,22,0.7621,0,-1,-1
1359,68,16,542,149,59,0.6424,2,-1,-1
1359,69,853,470,88,46,0.7506,0,-1,-1
1359,71,420,534,136,57,0.7170,0,-1,-1
1359,76,514,355,58,30,0.6424,0,-1,-1
1359,75,330,378,67,35,0.6584,0,-1,-1
1359,70,901,689,80,92,0.7090,0,-1,-1
1359,77,156,488,94,49,0.6002,0,-1,-1
1359,79,814,548,150,52,0.7042,0,-1,-1
1359,61,235,877,233,149,0.6442,0,-1,-1
1360,58,529,700,163,99,0.8387,0,-1,-1
1360,59,1557,365,47,28,0.7866,0,-1,-1
1360,60,1392,607,161,76,0.8019,0,-1,-1
1360,62,55,781,175,110,0.7621,0,-1,-1
1360,63,1066,592,157,80,0.7827,0,-1,-1
1360,64,666,597,160,67,0.7746,0,-1,-1
1360,65,1062,474,83,43,0.7372,0,-1,-1
1360,67,1686,328,47,22,0.7663,0,-1,-1
1360,68,19,541,146,60,0.6243,2,-1,-1
1360,69,854,470,87,47,0.7506,0,-1,-1
1360,71,420,533,136,58,0.7280,0,-1,-1
1360,76,514,355,61,30,0.6334,0,-1,-1
1360,75,330,379,68,34,0.6637,0,-1,-1
1360,70,901,689,79,91,0.7264,0,-1,-1
1360,79,815,550,150,50,0.6993,2,-1,-1
1360,78,313,444,135,44,0.6549,0,-1,-1
1361,58,528,699,164,100,0.8387,0,-1,-1
1361,59,1558,364,48,30,0.7918,0,-1,-1
1361,60,1393,606,159,77,0.8032,0,-1,-1
1361,62,55,780,174,111,0.7649,0,-1,-1
1361,63,1065,592,158,81,0.7759,0,-1,-1
1361,64,666,597,160,67,0.7800,0,-1,-1
1361,65,1062,473,83,43,0.7356,0,-1,-1
1361,67,1686,328,48,22,0.7800,0,-1,-1
1361,69,854,470,87,47,0.7520,0,-1,-1
1361,71,421,533,135,58,0.7341,0,-1,-1
1361,76,514,355,63,30,0.6280,0,-1,-1
1361,75,331,378,67,35,0.6723,0,-1,-1
1361,70,900,689,79,91,0.7042,0,-1,-1
1361,79,815,550,151,50,0.7106,2,-1,-1
1361,78,313,444,135,44,0.6792,0,-1,-1
1361,66,772,503,80,40,0.6039,0,-1,-1
1362,58,528,698,165,103,0.8256,0,-1,-1
1362,59,1560,365,47,28,0.7621,0,-1,-1
1362,60,1393,606,159,79,0.8044,0,-1,-1
1362,62,56,779,173,112,0.7461,0,-1,-1
1362,63,1066,593,157,79,0.7746,0,-1,-1
1362,64,666,598,160,66,0.7879,0,-1,-1
1362,65,1064,474,82,41,0.7295,0,-1,-1
1362,67,1689,328,47,23,0.7506,0,-1,-1
1362,69,856,470,88,47,0.7549,0,-1,-1
1362,71,422,534,135,57,0.7217,0,-1,-1
1362,76,515,355,64,30,0.6654,0,-1,-1
1362,75,333,379,66,34,0.6689,0,-1,-1
1362,70,899,689,79,90,0.6926,0,-1,-1
1362,79,815,551,151,49,0.7432,2,-1,-1
1362,78,313,444,136,46,0.6826,0,-1,-1
1362,66,773,502,83,41,0.6206,0,-1,-1
1363,58,526,697,167,104,0.8311,0,-1,-1
1363,59,1563,365,45,29,0.7535,0,-1,-1
1363,60,1394,606,158,79,0.8069,0,-1,-1
1363,62,56,779,172,112,0.7341,0,-1,-1
1363,63,1066,594,157,78,0.7718,0,-1,-1
1363,64,667,598,159,66,0.7866,0,-1,-1
1363,65,1064,474,82,41,0.7326,0,-1,-1
1363,67,1689,328,47,23,0.7535,0,-1,-1
1363,69,856,471,89,45,0.7506,0,-1,-1
1363,71,423,534,134,56,0.7233,0,-1,-1
1363,76,516,355,65,30,0.6775,0,-1,-1
1363,75,334,379,67,34,0.6442,0,-1,-1
1363,70,899,690,79,88,0.6637,0,-1,-1
1363,79,815,552,151,47,0.7326,2,-1,-1
1363,66,774,502,88,40,0.6993,0,-1,-1
1363,61,229,875,238,148,0.6388,0,-1,-1
1363,68,23,542,145,58,0.6132,2,-1,-1
1364,58,525,696,168,107,0.8289,0,-1,-1
1364,59,1565,365,43,29,0.7578,0,-1,-1
1364,60,1393,605,160,81,0.8069,0,-1,-1
1364,62,55,777,174,113,0.7106,0,-1,-1
1364,63,1066,594,156,78,0.7705,0,-1,-1
1364,64,667,599,160,65,0.7879,0,-1,-1
1364,65,1064,474,83,41,0.7295,0,-1,-1
1364,67,1690,328,46,23,0.7621,0,-1,-1
1364,69,856,471,88,45,0.7535,0,-1,-1
1364,71,423,534,134,56,0.7170,0,-1,-1
1364,76,516,355,65,30,0.6706,0,-1,-1
1364,75,334,379,68,34,0.6388,0,-1,-1
1364,70,900,689,77,88,0.6442,0,-1,-1
1364,79,814,552,152,47,0.7606,2,-1,-1
1364,66,775,502,90,40,0.7058,0,-1,-1
1364,68,25,542,144,59,0.6758,2,-1,-1
1365,58,525,696,168,107,0.8222,0,-1,-1
1365,59,1565,365,44,29,0.7506,0,-1,-1
1365,60,1393,603,160,83,0.8056,0,-1,-1
1365,62,54,776,174,115,0.6549,0,-1,-1
1365,63,1067,595,155,77,0.7677,0,-1,-1
1365,64,666,599,161,66,0.7931,0,-1,-1
1365,65,1065,474,82,42,0.7341,0,-1,-1
1365,67,1692,328,46,23,0.7074,0,-1,-1
1365,69,857,471,88,44,0.7635,0,-1,-1
1365,71,423,534,134,56,0.7202,0,-1,-1
1365,76,518,354,62,32,0.6602,0,-1,-1
1365,75,336,379,67,34,0.6388,0,-1,-1
1365,70,901,689,75,87,0.6261,0,-1,-1
1365,79,815,552,152,47,0.7677,2,-1,-1
1365,66,775,501,91,41,0.7154,0,-1,-1
1365,68,26,543,145,58,0.6188,2,-1,-1
1365,78,316,446,135,45,0.6002,0,-1,-1
1366,58,524,696,168,107,0.8300,0,-1,-1
1366,59,1567,365,42,29,0.7621,0,-1,-1
1366,60,1393,603,161,83,0.8069,0,-1,-1
1366,62,54,776,175,115,0.7106,0,-1,-1
1366,63,1067,595,155,77,0.7773,0,-1,-1
1366,64,666,600,162,66,0.7944,0,-1,-1
1366,65,1065,474,82,42,0.7372,0,-1,-1
1366,67,1692,328,47,23,0.7074,0,-1,-1
1366,69,857,470,89,45,0.7606,0,-1,-1
1366,71,424,534,133,56,0.7341,0,-1,-1
1366,76,519,355,60,31,0.6567,0,-1,-1
1366,75,337,380,68,33,0.6132,0,-1,-1
1366,79,814,551,153,48,0.7606,2,-1,-1
1366,66,776,501,90,40,0.7280,0,-1,-1
1366,68,28,542,143,58,0.6280,2,-1,-1
1366,77,161,488,96,49,0.6689,2,-1,-1
1367,58,524,697,168,105,0.8322,0,-1,-1
1367,59,1568,365,43,28,0.7691,0,-1,-1
1367,60,1394,603,161,83,0.8081,0,-1,-1
1367,62,54,776,175,115,0.7170,0,-1,-1
1367,63,1067,595,155,76,0.7773,0,-1,-1
1367,64,667,600,162,67,0.7969,0,-1,-1
1367,65,1065,474,82,41,0.7387,0,-1,-1
1367,67,1693,328,46,23,0.7311,0,-1,-1
1367,69,857,470,89,44,0.7535,0,-1,-1
1367,71,425,534,132,56,0.7341,0,-1,-1
1367,76,519,355,59,31,0.6531,0,-1,-1
1367,79,814,550,153,48,0.7549,2,-1,-1
1367,66,776,502,89,39,0.7295,0,-1,-1
1367,68,29,543,141,56,0.6671,2,-1,-1
1367,77,161,487,97,50,0.7202,2,-1,-1
1367,61,229,875,236,145,0.6960,0,-1,-1
1368,58,524,697,168,105,0.8397,0,-1,-1
1368,59,1569,365,44,29,0.7813,0,-1,-1
1368,60,1394,603,160,83,0.8105,0,-1,-1
1368,62,55,776,174,114,0.7564,0,-1,-1
1368,63,1067,596,154,75,0.7732,0,-1,-1
1368,64,668,599,161,69,0.8032,0,-1,-1
1368,65,1065,475,83,41,0.7461,0,-1,-1
1368,67,1695,328,46,23,0.7106,0,-1,-1
1368,69,857,472,88,43,0.7447,0,-1,-1
1368,71,425,534,133,56,0.7280,0,-1,-1
1368,76,521,354,60,32,0.6602,0,-1,-1
1368,79,816,548,152,50,0.7122,2,-1,-1
1368,66,777,502,89,40,0.6976,0,-1,-1
1368,77,162,489,96,49,0.7372,2,-1,-1
1368,83,0,443,74,52,0.6740,2,-1,-1
1368,81,0,587,122,55,0.6261,2,-1,-1
1369,58,524,697,168,105,0.8397,0,-1,-1
1369,59,1570,365,44,28,0.7800,0,-1,-1
1369,60,1394,604,160,81,0.8129,0,-1,-1
1369,62,53,776,176,113,0.7564,0,-1,-1
1369,63,1067,596,154,75,0.7827,0,-1,-1
1369,64,666,599,163,68,0.8081,0,-1,-1
1369,65,1065,475,83,41,0.7491,0,-1,-1
1369,67,1696,328,45,23,0.7341,0,-1,-1
1369,69,857,474,88,41,0.7295,0,-1,-1
1369,71,425,533,134,57,0.7295,0,-1,-1
1369,76,522,354,59,32,0.6619,0,-1,-1
1369,79,816,547,152,51,0.7170,2,-1,-1
1369,66,777,502,91,39,0.7009,0,-1,-1
1369,77,162,490,97,48,0.7025,2,-1,-1
1369,83,0,444,75,51,0.6370,2,-1,-1
1369,73,318,447,79,44,0.6188,0,-1,-1
1369,61,226,874,236,146,0.6993,0,-1,-1
1370,58,524,697,168,106,0.8387,0,-1,-1
1370,59,1571,365,43,28,0.7813,0,-1,-1
1370,60,1394,605,160,79,0.8141,0,-1,-1
1370,62,53,776,176,111,0.7592,0,-1,-1
1370,63,1068,597,153,74,0.7853,0,-1,-1
1370,64,667,599,162,67,0.8044,0,-1,-1
1370,65,1066,475,83,42,0.7520,0,-1,-1
1370,67,1696,328,45,23,0.7280,0,-1,-1
1370,69,857,474,88,41,0.7356,0,-1,-1
1370,71,425,532,134,58,0.7356,0,-1,-1
1370,76,522,354,59,32,0.6637,0,-1,-1
1370,79,818,547,150,51,0.7202,2,-1,-1
1370,66,777,502,92,39,0.7090,0,-1,-1
1370,77,162,490,98,48,0.6460,2,-1,-1
1370,83,0,444,75,51,0.6077,2,-1,-1
1370,73,319,447,77,44,0.6095,0,-1,-1
1370,61,227,874,235,145,0.7170,0,-1,-1
1371,58,525,697,167,106,0.8333,0,-1,-1
1371,59,1570,365,46,28,0.8344,0,-1,-1
1371,60,1394,606,161,79,0.8129,0,-1,-1
1371,62,53,776,176,109,0.7564,0,-1,-1
1371,63,1068,596,154,75,0.7840,0,-1,-1
1371,64,668,599,161,67,0.8032,0,-1,-1
1371,65,1067,475,82,42,0.7535,0,-1,-1
1371,67,1698,328,46,23,0.7402,0,-1,-1
1371,69,856,473,90,41,0.7372,0,-1,-1
1371,71,425,532,134,59,0.7326,0,-1,-1
1371,76,523,354,60,32,0.6758,0,-1,-1
1371,79,817,547,151,51,0.7170,2,-1,-1
1371,66,778,501,95,40,0.7578,0,-1,-1
1371,83,0,443,75,52,0.6514,2,-1,-1
1371,61,225,875,236,145,0.6706,0,-1,-1
1371,68,19,542,154,58,0.6496,2,-1,-1
1372,58,524,697,168,105,0.8333,0,-1,-1
1372,59,1570,365,46,28,0.8311,0,-1,-1
1372,60,1394,607,161,77,0.8081,0,-1,-1
1372,62,52,776,177,109,0.7718,0,-1,-1
1372,63,1067,596,156,75,0.7786,0,-1,-1
1372,64,667,599,162,66,0.8032,0,-1,-1
1372,65,1067,475,83,42,0.7535,0,-1,-1
1372,67,1699,327,45,24,0.7677,0,-1,-1
1372,69,857,472,89,42,0.7592,0,-1,-1
1372,71,425,532,134,59,0.7372,0,-1,-1
1372,76,523,354,61,31,0.6976,0,-1,-1
1372,79,817,547,151,51,0.7042,2,-1,-1
1372,66,777,500,97,40,0.7691,0,-1,-1
1372,83,0,444,77,50,0.6298,2,-1,-1
1372,68,23,541,151,59,0.7233,2,-1,-1
1372,70,899,689,76,85,0.6225,0,-1,-1
1372,73,320,448,76,42,0.6095,0,-1,-1
1373,58,524,698,168,104,0.8376,0,-1,-1
1373,59,1571,365,46,28,0.8245,0,-1,-1
1373,60,1394,607,161,78,0.8081,0,-1,-1
1373,62,52,776,177,109,0.7718,0,-1,-1
1373,63,1067,596,157,76,0.7773,0,-1,-1
1373,64,667,598,162,66,0.8069,0,-1,-1
1373,65,1066,475,84,42,0.7506,0,-1,-1
1373,67,1699,327,45,24,0.7621,0,-1,-1
1373,69,857,470,90,44,0.7635,0,-1,-1
1373,71,425,533,134,58,0.7341,0,-1,-1
1373,76,524,354,60,31,0.6976,0,-1,-1
1373,79,817,547,151,51,0.6876,2,-1,-1
1373,66,777,500,97,40,0.7705,0,-1,-1
1373,68,25,541,149,59,0.7417,2,-1,-1
1373,70,897,689,77,85,0.6424,0,-1,-1
1373,73,320,448,76,42,0.6637,0,-1,-1
1373,81,0,589,124,52,0.6478,0,-1,-1
1374,58,523,697,168,104,0.8210,0,-1,-1
1374,59,1572,365,46,28,0.8278,0,-1,-1
1374,60,1393,607,162,78,0.8105,0,-1,-1
1374,62,51,775,178,108,0.7249,0,-1,-1
1374,63,1067,595,158,77,0.7732,0,-1,-1
1374,64,667,598,163,66,0.8081,0,-1,-1
1374,65,1067,475,84,42,0.7520,0,-1,-1
1374,67,1701,328,46,24,0.7564,0,-1,-1
1374,69,858,470,89,43,0.7476,0,-1,-1
1374,71,426,532,134,59,0.7372,0,-1,-1
1374,76,525,355,59,30,0.6671,0,-1,-1
1374,79,818,547,150,51,0.7090,2,-1,-1
1374,66,778,499,97,42,0.7800,0,-1,-1
1374,68,30,540,143,60,0.7649,2,-1,-1
1374,73,322,448,74,43,0.6826,0,-1,-1
1374,77,169,489,92,48,0.6114,2,-1,-1
1374,83,0,444,79,50,0.6637,2,-1,-1
1375,58,523,697,168,105,0.8245,0,-1,-1
1375,59,1572,365,47,28,0.8199,0,-1,-1
1375,60,1393,608,162,76,0.8129,0,-1,-1
1375,62,51,776,177,108,0.6976,0,-1,-1
1375,63,1067,596,158,75,0.7759,0,-1,-1
1375,64,667,599,162,65,0.8019,0,-1,-1
1375,65,1068,475,83,42,0.7520,0,-1,-1
1375,67,1701,327,47,24,0.7853,0,-1,-1
1375,69,858,470,90,43,0.7417,0,-1,-1
1375,71,426,532,135,59,0.7402,0,-1,-1
1375,76,525,354,60,31,0.6637,0,-1,-1
1375,79,818,546,151,53,0.7122,2,-1,-1
1375,66,777,499,98,42,0.7732,0,-1,-1
1375,68,34,541,139,59,0.7233,2,-1,-1
1375,73,323,449,73,42,0.6654,0,-1,-1
1375,77,169,489,92,48,0.6775,2,-1,-1
1375,83,0,443,80,51,0.6567,2,-1,-1
1376,58,523,697,167,105,0.8300,0,-1,-1
1376,59,1572,365,47,28,0.8164,0,-1,-1
1376,60,1393,607,162,78,0.8093,0,-1,-1
1376,62,52,776,176,107,0.7372,0,-1,-1
1376,63,1068,596,157,74,0.7718,0,-1,-1
1376,64,668,599,162,66,0.7994,0,-1,-1
1376,65,1069,475,83,42,0.7520,0,-1,-1
1376,67,1701,327,47,24,0.7813,0,-1,-1
1376,69,858,470,89,43,0.7356,0,-1,-1
1376,71,426,532,136,60,0.7417,0,-1,-1
1376,76,526,354,60,30,0.6654,0,-1,-1
1376,79,818,546,151,53,0.7170,2,-1,-1
1376,66,778,499,98,42,0.7840,0,-1,-1
1376,68,37,541,135,59,0.7233,2,-1,-1
1376,73,323,449,72,42,0.6460,0,-1,-1
1376,77,169,488,92,49,0.6876,2,-1,-1
1376,83,0,444,79,50,0.6406,2,-1,-1
1376,70,894,687,81,88,0.6298,0,-1,-1
1377,58,523,695,167,108,0.8355,0,-1,-1
1377,59,1574,365,46,27,0.8187,0,-1,-1
1377,60,1393,608,162,77,0.8093,0,-1,-1
1377,62,53,776,175,107,0.8007,0,-1,-1
1377,63,1069,596,156,74,0.7732,0,-1,-1
1377,64,669,599,161,65,0.7994,0,-1,-1
1377,65,1069,475,84,42,0.7506,0,-1,-1
1377,67,1702,327,48,25,0.7432,0,-1,-1
1377,69,858,470,89,44,0.7233,0,-1,-1
1377,71,426,533,136,60,0.7432,0,-1,-1
1377,76,527,354,60,31,0.6654,0,-1,-1
1377,79,818,546,151,53,0.7170,2,-1,-1
1377,66,778,499,99,42,0.7786,0,-1,-1
1377,68,37,540,135,59,0.6893,2,-1,-1
1377,73,324,448,70,42,0.6114,0,-1,-1
1377,77,169,486,93,51,0.7326,2,-1,-1
1377,70,893,688,82,87,0.6151,0,-1,-1
1378,58,523,695,168,108,0.8376,0,-1,-1
1378,59,1575,366,47,26,0.8152,0,-1,-1
1378,60,1393,607,163,79,0.8069,0,-1,-1
1378,62,53,775,175,107,0.8233,0,-1,-1
1378,63,1068,596,158,74,0.7746,0,-1,-1
1378,64,668,598,162,66,0.8019,0,-1,-1
1378,65,1071,475,83,42,0.7506,0,-1,-1
1378,67,1703,327,48,25,0.7827,0,-1,-1
1378,69,858,470,89,44,0.7122,0,-1,-1
1378,71,426,532,136,61,0.7491,0,-1,-1
1378,76,528,354,60,32,0.6352,0,-1,-1
1378,79,817,546,153,53,0.6993,2,-1,-1
1378,66,778,499,101,42,0.7649,0,-1,-1
1378,68,38,540,135,59,0.6077,2,-1,-1
1378,73,325,448,69,42,0.6531,0,-1,-1
1378,77,169,485,94,52,0.7138,2,-1,-1
1379,58,523,696,166,106,0.8289,0,-1,-1
1379,59,1575,365,47,28,0.8117,0,-1,-1
1379,60,1394,606,163,80,0.8069,0,-1,-1
1379,62,54,774,175,107,0.8256,0,-1,-1
1379,63,1068,596,158,74,0.7746,0,-1,-1
1379,64,668,598,162,66,0.8007,0,-1,-1
1379,65,1071,476,83,42,0.7520,0,-1,-1
1379,67,1704,327,48,24,0.7773,0,-1,-1
1379,69,858,471,89,43,0.6993,0,-1,-1
1379,71,426,532,137,61,0.7264,0,-1,-1
1379,76,528,354,61,31,0.6352,0,-1,-1
1379,79,817,546,153,52,0.6960,2,-1,-1
1379,66,778,499,102,42,0.7621,0,-1,-1
1379,68,38,541,135,57,0.6460,2,-1,-1
1379,77,169,486,94,50,0.6775,2,-1,-1
1379,83,0,444,81,50,0.6478,2,-1,-1
1380,58,523,697,166,104,0.8322,0,-1,-1
1380,59,1575,364,47,29,0.8056,0,-1,-1
1380,60,1394,607,162,78,0.8105,0,-1,-1
1380,62,55,774,176,106,0.8459,0,-1,-1
1380,63,1068,597,159,74,0.7691,0,-1,-1
1380,64,669,598,160,69,0.7982,0,-1,-1
1380,65,1071,476,83,43,0.7564,0,-1,-1
1380,67,1705,328,49,24,0.7461,0,-1,-1
1380,69,858,470,90,44,0.7186,0,-1,-1
1380,71,427,531,136,61,0.7264,0,-1,-1
1380,76,530,354,61,31,0.6370,0,-1,-1
1380,79,817,545,152,53,0.6860,2,-1,-1
1380,66,779,499,103,42,0.7621,0,-1,-1
1380,68,45,541,128,57,0.6809,2,-1,-1
1380,77,169,487,95,48,0.6706,2,-1,-1
1380,83,0,444,81,50,0.6188,2,-1,-1
1380,73,326,448,70,42,0.6316,0,-1,-1
1381,58,522,698,167,101,0.8333,0,-1,-1
1381,59,1577,364,46,28,0.8117,0,-1,-1
1381,60,1394,606,161,80,0.8105,0,-1,-1
1381,62,54,774,177,106,0.8397,0,-1,-1
1381,63,1065,595,162,78,0.7649,0,-1,-1
1381,64,668,598,162,70,0.8007,0,-1,-1
1381,65,1071,476,83,43,0.7535,0,-1,-1
1381,67,1706,328,49,23,0.7677,0,-1,-1
1381,69,859,470,89,44,0.7372,0,-1,-1
1381,71,427,530,137,61,0.7202,0,-1,-1
1381,76,530,354,61,32,0.6225,0,-1,-1
1381,79,816,546,153,53,0.6976,2,-1,-1
1381,66,779,499,101,41,0.7677,0,-1,-1
1381,68,46,540,128,58,0.7264,2,-1,-1
1381,83,0,444,82,50,0.6132,2,-1,-1
1382,58,521,698,168,100,0.8355,0,-1,-1
1382,59,1578,364,47,29,0.8152,0,-1,-1
1382,60,1394,606,161,81,0.8129,0,-1,-1
1382,62,54,773,177,106,0.8418,0,-1,-1
1382,63,1064,595,164,78,0.7649,0,-1,-1
1382,64,668,598,162,70,0.8044,0,-1,-1
1382,65,1072,476,82,43,0.7535,0,-1,-1
1382,67,1707,328,48,23,0.7476,0,-1,-1
1382,69,859,470,90,43,0.7447,0,-1,-1
1382,71,427,530,137,61,0.7009,0,-1,-1
1382,76,531,354,60,32,0.6298,0,-1,-1
1382,79,816,544,152,55,0.6860,2,-1,-1
1382,66,780,499,99,41,0.7691,0,-1,-1
1382,68,42,539,132,58,0.7879,2,-1,-1
1382,83,0,444,83,50,0.6188,2,-1,-1
1382,61,218,874,240,144,0.6021,0,-1,-1
1383,58,520,698,169,98,0.8322,0,-1,-1
1383,59,1578,364,47,29,0.8117,0,-1,-1
1383,60,1395,606,160,82,0.8117,0,-1,-1
1383,62,53,774,177,105,0.8267,0,-1,-1
1383,63,1065,595,163,78,0.7705,0,-1,-1
1383,64,667,599,163,70,0.8007,0,-1,-1
1383,65,1072,476,83,43,0.7506,0,-1,-1
1383,67,1708,329,48,23,0.7326,0,-1,-1
1383,69,860,469,89,45,0.7461,0,-1,-1
1383,71,427,530,138,61,0.6893,0,-1,-1
1383,76,532,354,59,31,0.6151,0,-1,-1
1383,79,817,545,152,54,0.7295,2,-1,-1
1383,66,780,498,99,41,0.7773,0,-1,-1
1383,68,38,539,138,58,0.7918,2,-1,-1
1383,83,0,444,84,50,0.6206,2,-1,-1
1383,81,0,584,126,55,0.6442,2,-1,-1
1383,70,892,690,83,85,0.6549,0,-1,-1
1383,77,170,485,97,50,0.6206,2,-1,-1
1383,73,328,447,72,42,0.6039,0,-1,-1
1384,58,518,698,171,97,0.8267,0,-1,-1
1384,59,1579,364,46,30,0.8081,0,-1,-1
1384,60,1396,606,160,83,0.8117,0,-1,-1
1384,62,52,774,177,104,0.7677,0,-1,-1
1384,63,1067,596,162,77,0.7635,0,-1,-1
1384,64,668,598,162,70,0.8069,0,-1,-1
1384,65,1072,476,83,42,0.7564,0,-1,-1
1384,67,1710,329,47,22,0.7759,0,-1,-1
1384,69,861,470,88,43,0.7341,0,-1,-1
1384,71,427,531,138,61,0.7106,0,-1,-1
1384,79,818,545,151,55,0.7264,2,-1,-1
1384,66,780,498,101,41,0.7786,0,-1,-1
1384,68,41,540,135,57,0.7387,2,-1,-1
1384,77,171,485,97,49,0.6058,2,-1,-1
1384,73,328,447,72,42,0.6095,0,-1,-1
1385,58,517,699,172,95,0.8278,0,-1,-1
1385,59,1578,364,47,29,0.8007,0,-1,-1
1385,60,1396,607,160,82,0.8069,0,-1,-1
1385,62,52,773,176,105,0.7341,0,-1,-1
1385,63,1068,596,161,75,0.7746,0,-1,-1
1385,64,667,598,163,70,0.8007,0,-1,-1
1385,65,1073,476,82,42,0.7564,0,-1,-1
1385,67,1710,329,47,23,0.7621,0,-1,-1
1385,69,861,470,89,43,0.7311,0,-1,-1
1385,71,427,531,138,60,0.7154,0,-1,-1
1385,79,819,545,150,54,0.7249,2,-1,-1
1385,66,780,498,102,41,0.7800,0,-1,-1
1385,68,44,540,133,56,0.6943,2,-1,-1
1385,77,171,485,97,49,0.6169,2,-1,-1
1386,58,517,698,172,97,0.8176,0,-1,-1
1386,59,1580,363,48,30,0.7994,0,-1,-1
1386,60,1397,607,161,81,0.8105,0,-1,-1
1386,62,51,772,177,106,0.7813,0,-1,-1
1386,63,1068,595,160,76,0.7718,0,-1,-1
1386,64,667,598,163,68,0.7931,0,-1,-1
1386,65,1073,476,83,43,0.7592,0,-1,-1
1386,67,1713,330,46,22,0.7217,0,-1,-1
1386,69,862,470,88,43,0.7249,0,-1,-1
1386,71,428,530,137,61,0.7138,0,-1,-1
1386,79,823,546,147,53,0.7356,2,-1,-1
1386,66,780,498,102,41,0.7800,0,-1,-1
1386,68,47,539,131,57,0.7506,2,-1,-1
1386,73,328,445,74,43,0.6169,0,-1,-1
1387,58,515,699,174,97,0.8176,0,-1,-1
1387,59,1580,364,49,28,0.7982,0,-1,-1
1387,60,1397,607,161,81,0.8069,0,-1,-1
1387,62,52,772,176,105,0.8176,0,-1,-1
1387,63,1067,595,160,76,0.7800,0,-1,-1
1387,64,667,598,162,68,0.7944,0,-1,-1
1387,65,1073,475,84,44,0.7606,0,-1,-1
1387,67,1713,329,47,24,0.7506,0,-1,-1
1387,69,863,470,88,43,0.7249,0,-1,-1
1387,71,428,530,137,61,0.7233,0,-1,-1
1387,79,823,546,147,52,0.7520,2,-1,-1
1387,66,780,498,102,41,0.7746,0,-1,-1
1387,68,46,540,134,56,0.7387,2,-1,-1
1387,73,329,445,74,43,0.6077,0,-1,-1
1387,76,536,353,57,31,0.6058,0,-1,-1
1387,70,891,693,82,83,0.6478,0,-1,-1
1388,58,515,699,173,98,0.8210,0,-1,-1
1388,59,1581,364,47,29,0.7982,0,-1,-1
1388,60,1396,608,162,80,0.8069,0,-1,-1
1388,62,51,773,177,105,0.8164,0,-1,-1
1388,63,1067,596,160,76,0.7786,0,-1,-1
1388,64,667,599,162,67,0.7918,0,-1,-1
1388,65,1074,475,84,44,0.7606,0,-1,-1
1388,67,1714,329,46,24,0.7461,0,-1,-1
1388,69,863,470,88,43,0.7233,0,-1,-1
1388,71,428,529,137,63,0.7202,0,-1,-1
1388,79,823,547,147,51,0.7491,2,-1,-1
1388,66,780,498,102,41,0.7677,0,-1,-1
1388,68,40,540,140,55,0.7520,2,-1,-1
1388,70,890,693,83,83,0.6406,0,-1,-1
1389,58,515,699,173,98,0.8187,0,-1,-1
1389,59,1584,365,46,28,0.7705,0,-1,-1
1389,60,1397,609,162,79,0.7994,0,-1,-1
1389,62,52,772,176,106,0.7718,0,-1,-1
1389,63,1068,595,160,77,0.7840,0,-1,-1
1389,64,666,599,163,68,0.7918,0,-1,-1
1389,65,1074,476,83,43,0.7606,0,-1,-1
1389,67,1716,330,46,23,0.6910,0,-1,-1
1389,69,864,471,87,43,0.7058,0,-1,-1
1389,71,428,530,138,61,0.7447,0,-1,-1
1389,79,821,547,149,51,0.7461,2,-1,-1
1389,66,780,498,103,41,0.7578,0,-1,-1
1389,68,40,540,140,55,0.7621,2,-1,-1
1389,70,890,693,84,84,0.6206,0,-1,-1
1390,58,516,697,171,101,0.8267,0,-1,-1
1390,59,1584,365,47,28,0.7476,0,-1,-1
1390,60,1398,611,161,78,0.8032,0,-1,-1
1390,62,52,772,176,106,0.8429,0,-1,-1
1390,63,1069,597,159,74,0.7905,0,-1,-1
1390,64,667,598,162,68,0.7944,0,-1,-1
1390,65,1074,476,83,43,0.7663,0,-1,-1
1390,67,1717,329,45,23,0.7326,0,-1,-1
1390,69,864,471,86,43,0.7249,0,-1,-1
1390,71,429,530,137,61,0.7506,0,-1,-1
1390,79,820,547,150,51,0.7461,2,-1,-1
1390,66,780,498,104,40,0.7549,0,-1,-1
1390,68,40,539,141,56,0.7635,2,-1,-1
1390,70,889,693,85,85,0.6960,0,-1,-1
1390,81,0,582,128,53,0.6723,2,-1,-1
1390,76,537,354,56,29,0.6002,0,-1,-1
1391,58,516,697,170,100,0.8267,0,-1,-1
1391,59,1584,365,48,28,0.7520,0,-1,-1
1391,60,1398,612,160,77,0.8044,0,-1,-1
1391,62,52,772,175,105,0.8449,0,-1,-1
1391,63,1069,598,159,72,0.7918,0,-1,-1
1391,64,667,598,162,68,0.7982,0,-1,-1
1391,65,1075,476,82,43,0.7691,0,-1,-1
1391,67,1717,328,46,24,0.7311,0,-1,-1
1391,69,865,470,85,43,0.7186,0,-1,-1
1391,71,429,531,138,59,0.7506,0,-1,-1
1391,79,819,547,151,51,0.7578,2,-1,-1
1391,66,781,499,104,40,0.7549,0,-1,-1
1391,68,41,539,140,56,0.7476,2,-1,-1
1391,70,889,692,84,87,0.7058,0,-1,-1
1391,84,1309,406,63,33,0.6243,0,-1,-1
1391,81,0,582,128,53,0.6723,2,-1,-1
1392,58,516,698,170,97,0.8245,0,-1,-1
1392,59,1586,365,47,29,0.7520,0,-1,-1
1392,60,1398,613,160,75,0.8044,0,-1,-1
1392,62,53,772,175,105,0.7677,0,-1,-1
1392,63,1069,598,159,74,0.7840,0,-1,-1
1392,64,667,599,163,67,0.8056,0,-1,-1
1392,65,1076,476,82,42,0.7663,0,-1,-1
1392,67,1719,329,46,23,0.6976,0,-1,-1
1392,69,866,470,86,43,0.7326,0,-1,-1
1392,71,430,531,137,59,0.7491,0,-1,-1
1392,79,820,547,150,50,0.7387,2,-1,-1
1392,66,781,500,105,39,0.7677,0,-1,-1
1392,68,45,539,137,56,0.6943,2,-1,-1
1392,70,891,693,82,83,0.6442,0,-1,-1
1392,84,1310,406,64,33,0.6261,0,-1,-1
1393,58,516,698,170,97,0.8256,0,-1,-1
1393,59,1587,365,47,29,0.7491,0,-1,-1
1393,60,1397,612,161,76,0.7944,0,-1,-1
1393,62,52,771,176,107,0.7649,0,-1,-1
1393,63,1069,597,159,75,0.7827,0,-1,-1
1393,64,668,599,163,67,0.8044,0,-1,-1
1393,65,1076,476,82,42,0.7635,0,-1,-1
1393,67,1720,328,45,24,0.7233,0,-1,-1
1393,69,866,470,86,42,0.7326,0,-1,-1
1393,71,431,532,137,58,0.7461,0,-1,-1
1393,79,821,546,149,51,0.7233,2,-1,-1
1393,66,781,499,105,39,0.7705,0,-1,-1
1393,68,48,540,135,56,0.7170,2,-1,-1
1393,70,891,694,82,81,0.6496,0,-1,-1
1393,84,1310,406,64,33,0.6225,0,-1,-1
1393,85,1308,444,68,38,0.6206,0,-1,-1
1393,76,539,353,60,30,0.6114,0,-1,-1
1394,58,516,698,171,96,0.8267,0,-1,-1
1394,59,1586,365,49,29,0.7341,0,-1,-1
1394,60,1396,611,162,79,0.7944,0,-1,-1
1394,62,51,769,177,108,0.7677,0,-1,-1
1394,63,1069,597,159,75,0.7827,0,-1,-1
1394,64,668,599,163,67,0.8056,0,-1,-1
1394,65,1075,476,84,41,0.7677,0,-1,-1
1394,67,1721,329,44,24,0.7186,0,-1,-1
1394,69,866,470,86,42,0.7372,0,-1,-1
1394,71,432,533,136,57,0.7447,0,-1,-1
1394,79,822,547,149,49,0.7042,2,-1,-1
1394,66,782,499,105,39,0.7718,0,-1,-1
1394,68,50,540,133,56,0.7170,2,-1,-1
1394,70,891,693,83,81,0.6567,0,-1,-1
1394,84,1309,406,65,33,0.6225,0,-1,-1
1394,85,1308,444,70,37,0.6151,0,-1,-1
1394,76,539,353,61,30,0.6549,0,-1,-1
1394,81,0,582,132,53,0.6584,2,-1,-1
1395,58,517,699,170,95,0.8256,0,-1,-1
1395,59,1587,366,48,28,0.7186,0,-1,-1
1395,60,1396,610,162,79,0.8044,0,-1,-1
1395,62,50,770,179,106,0.7718,0,-1,-1
1395,63,1070,596,158,76,0.7800,0,-1,-1
1395,64,669,599,162,67,0.8093,0,-1,-1
1395,65,1076,475,84,42,0.7732,0,-1,-1
1395,67,1722,329,46,23,0.7186,0,-1,-1
1395,69,866,470,87,41,0.7341,0,-1,-1
1395,71,432,534,137,56,0.7476,0,-1,-1
1395,79,823,547,148,50,0.6960,2,-1,-1
1395,66,782,498,105,41,0.7786,0,-1,-1
1395,68,52,540,131,55,0.7025,2,-1,-1
1395,70,889,691,85,84,0.6826,0,-1,-1
1395,84,1310,406,66,33,0.6388,0,-1,-1
1395,85,1308,444,69,38,0.6225,0,-1,-1
1395,76,540,353,63,31,0.6188,0,-1,-1
1395,81,0,581,133,54,0.7233,2,-1,-1
1395,77,180,485,94,49,0.6758,2,-1,-1
1396,58,517,698,169,96,0.8222,0,-1,-1
1396,59,1589,365,48,29,0.7476,0,-1,-1
1396,60,1397,610,163,79,0.8081,0,-1,-1
1396,62,50,768,178,108,0.7447,0,-1,-1
1396,63,1069,596,159,77,0.7786,0,-1,-1
1396,64,669,598,162,67,0.8019,0,-1,-1
1396,65,1075,475,85,43,0.7732,0,-1,-1
1396,67,1723,328,45,25,0.7476,0,-1,-1
1396,69,866,469,88,42,0.7264,0,-1,-1
1396,71,433,533,136,58,0.7564,0,-1,-1
1396,79,823,547,147,50,0.6792,2,-1,-1
1396,66,782,498,105,41,0.7800,0,-1,-1
1396,68,53,540,131,56,0.6960,2,-1,-1
1396,70,888,688,86,87,0.6280,0,-1,-1
1396,84,1313,406,63,33,0.6114,0,-1,-1
1396,85,1308,444,70,38,0.6316,0,-1,-1
1396,76,540,353,64,31,0.6243,0,-1,-1
1396,81,0,580,134,54,0.7233,0,-1,-1
1396,77,181,484,94,50,0.7372,2,-1,-1
1396,75,360,378,65,35,0.6316,0,-1,-1
1396,73,335,442,78,45,0.6002,0,-1,-1
1397,58,516,698,170,96,0.8222,0,-1,-1
1397,59,1589,366,49,29,0.7372,0,-1,-1
1397,60,1397,609,164,80,0.8056,0,-1,-1
1397,62,50,768,178,108,0.7138,0,-1,-1
1397,63,1069,596,159,77,0.7800,0,-1,-1
1397,64,668,598,162,66,0.8032,0,-1,-1
1397,65,1075,476,85,43,0.7773,0,-1,-1
1397,67,1724,328,45,25,0.7506,0,-1,-1
1397,69,866,469,88,42,0.7280,0,-1,-1
1397,71,433,533,137,58,0.7549,0,-1,-1
1397,79,823,548,148,49,0.6809,2,-1,-1
1397,66,782,498,105,41,0.7773,0,-1,-1
1397,68,53,540,131,56,0.7326,2,-1,-1
1397,70,888,688,86,87,0.6370,0,-1,-1
1397,85,1309,444,70,38,0.6352,0,-1,-1
1397,76,540,352,64,32,0.6689,0,-1,-1
1397,81,0,580,134,54,0.6775,0,-1,-1
1397,77,181,483,94,51,0.6843,2,-1,-1
1397,75,360,378,65,35,0.6388,0,-1,-1
1397,73,335,443,81,44,0.6132,0,-1,-1
1398,58,515,697,170,97,0.8278,0,-1,-1
1398,59,1591,366,48,28,0.7461,0,-1,-1
1398,60,1397,608,164,82,0.8081,0,-1,-1
1398,62,51,769,175,106,0.7402,0,-1,-1
1398,63,1069,597,159,76,0.7732,0,-1,-1
1398,64,668,598,163,66,0.7982,0,-1,-1
1398,65,1076,476,84,43,0.7718,0,-1,-1
1398,67,1725,329,47,25,0.7549,0,-1,-1
1398,69,867,470,87,41,0.7387,0,-1,-1
1398,71,433,532,137,60,0.7417,0,-1,-1
1398,79,824,548,147,49,0.7058,2,-1,-1
1398,66,783,498,104,41,0.7663,0,-1,-1
1398,68,54,539,131,56,0.6478,2,-1,-1
1398,70,889,689,84,85,0.6689,0,-1,-1
1398,76,542,353,61,31,0.7122,0,-1,-1
1398,77,182,483,93,51,0.7138,0,-1,-1
1398,73,335,442,103,45,0.6370,0,-1,-1
1399,58,514,696,170,98,0.8222,0,-1,-1
1399,59,1592,366,49,28,0.7564,0,-1,-1
1399,60,1397,608,165,82,0.8093,0,-1,-1
1399,62,51,769,175,105,0.7387,0,-1,-1
1399,63,1069,597,158,75,0.7732,0,-1,-1
1399,64,668,598,163,66,0.7994,0,-1,-1
1399,65,1076,476,85,43,0.7800,0,-1,-1
1399,67,1726,328,48,26,0.7840,0,-1,-1
1399,69,867,470,87,41,0.7372,0,-1,-1
1399,71,433,532,137,60,0.7417,0,-1,-1
1399,79,823,548,148,49,0.6406,2,-1,-1
1399,66,783,498,104,41,0.7649,0,-1,-1
1399,70,889,689,84,85,0.6280,0,-1,-1
1399,76,543,353,60,32,0.6960,0,-1,-1
1399,77,182,484,94,50,0.7402,0,-1,-1
1399,73,336,442,90,45,0.6388,0,-1,-1
1399,86,534,398,74,31,0.6077,0,-1,-1
1400,58,513,695,171,100,0.8267,0,-1,-1
1400,59,1592,366,49,28,0.7564,0,-1,-1
1400,60,1397,607,165,84,0.8141,0,-1,-1
1400,62,51,770,174,103,0.7606,0,-1,-1
1400,63,1068,597,158,75,0.7705,0,-1,-1
1400,64,668,597,163,67,0.8019,0,-1,-1
1400,65,1076,475,85,45,0.7813,0,-1,-1
1400,67,1726,328,48,26,0.7732,0,-1,-1
1400,69,867,470,86,41,0.7326,0,-1,-1
1400,71,433,532,137,59,0.7372,0,-1,-1
1400,79,824,548,147,49,0.6388,2,-1,-1
1400,66,783,498,103,41,0.7691,0,-1,-1
1400,70,889,690,84,85,0.6388,0,-1,-1
1400,76,543,354,60,31,0.6893,0,-1,-1
1400,77,182,485,94,49,0.7417,0,-1,-1
1400,73,336,442,87,45,0.6602,0,-1,-1
1400,86,534,398,74,31,0.6095,0,-1,-1
1401,58,513,696,172,98,0.8222,0,-1,-1
1401,59,1592,366,50,28,0.7520,0,-1,-1
1401,60,1398,607,165,84,0.8152,0,-1,-1
1401,62,51,770,175,103,0.7417,0,-1,-1
1401,63,1069,597,158,75,0.7663,0,-1,-1
1401,64,668,598,163,65,0.8007,0,-1,-1
1401,65,1077,476,84,43,0.7786,0,-1,-1
1401,67,1727,329,48,25,0.7649,0,-1,-1
1401,69,867,470,87,41,0.7264,0,-1,-1
1401,71,434,533,136,58,0.7402,0,-1,-1
1401,79,825,548,146,49,0.6243,2,-1,-1
1401,66,783,498,103,41,0.7663,0,-1,-1
1401,70,889,691,84,83,0.6442,0,-1,-1
1401,76,544,354,60,31,0.7264,0,-1,-1
1401,77,182,485,95,49,0.6960,0,-1,-1
1401,73,337,442,84,45,0.6514,0,-1,-1
1402,58,515,696,169,98,0.8210,0,-1,-1
1402,59,1592,365,50,28,0.7356,0,-1,-1
1402,60,1398,608,164,83,0.8164,0,-1,-1
1402,62,51,770,175,103,0.7705,0,-1,-1
1402,63,1069,597,158,74,0.7691,0,-1,-1
1402,64,668,597,163,65,0.8007,0,-1,-1
1402,65,1077,476,84,43,0.7732,0,-1,-1
1402,67,1727,328,49,26,0.7718,0,-1,-1
1402,69,868,469,87,42,0.7249,0,-1,-1
1402,71,434,532,136,59,0.7387,0,-1,-1
1402,66,783,498,100,41,0.7461,0,-1,-1
1402,70,889,693,83,82,0.6654,0,-1,-1
1402,76,545,353,59,31,0.7249,0,-1,-1
1402,77,183,485,95,47,0.6893,0,-1,-1
1402,73,338,442,82,44,0.6406,0,-1,-1
1402,81,0,582,139,49,0.6706,0,-1,-1
1402,68,52,534,134,61,0.6243,2,-1,-1
1403,58,515,696,168,98,0.8199,0,-1,-1
1403,59,1593,366,49,28,0.7138,0,-1,-1
1403,60,1398,609,163,81,0.8164,0,-1,-1
1403,62,50,770,175,102,0.7892,0,-1,-1
1403,63,1070,597,157,74,0.7691,0,-1,-1
1403,64,668,597,163,65,0.8007,0,-1,-1
1403,65,1078,476,84,43,0.7759,0,-1,-1
1403,67,1727,328,50,26,0.7535,0,-1,-1
1403,69,868,469,87,42,0.7202,0,-1,-1
1403,71,434,532,136,59,0.7372,0,-1,-1
1403,66,783,498,100,41,0.7476,0,-1,-1
1403,70,889,693,82,81,0.6261,0,-1,-1
1403,76,546,353,58,31,0.7058,0,-1,-1
1403,77,183,484,95,48,0.6723,0,-1,-1
1403,73,339,443,81,43,0.6388,0,-1,-1
1403,81,0,582,140,49,0.7520,2,-1,-1
1403,68,50,533,136,62,0.6637,2,-1,-1
1404,58,515,697,169,96,0.8210,0,-1,-1
1404,59,1595,366,49,29,0.7090,0,-1,-1
1404,60,1398,611,164,79,0.8187,0,-1,-1
1404,62,50,769,176,103,0.7535,0,-1,-1
1404,63,1070,597,157,74,0.7827,0,-1,-1
1404,64,668,597,163,65,0.7994,0,-1,-1
1404,65,1078,476,84,41,0.7718,0,-1,-1
1404,67,1729,329,50,25,0.7122,0,-1,-1
1404,69,868,469,87,42,0.7264,0,-1,-1
1404,71,434,532,136,58,0.7295,0,-1,-1
1404,66,783,497,103,42,0.7549,0,-1,-1
1404,76,546,353,59,31,0.7154,0,-1,-1
1404,77,185,485,93,47,0.6188,0,-1,-1
1404,73,339,442,81,44,0.6689,0,-1,-1
1404,81,0,582,140,48,0.7341,2,-1,-1
1404,68,50,532,137,63,0.7090,2,-1,-1
1404,85,1312,443,66,36,0.6095,0,-1,-1
1404,86,538,399,72,29,0.6114,0,-1,-1
1405,58,515,697,169,96,0.8199,0,-1,-1
1405,59,1595,367,49,27,0.7025,0,-1,-1
1405,60,1398,612,163,77,0.8117,0,-1,-1
1405,62,49,768,176,103,0.7295,0,-1,-1
1405,63,1070,597,157,74,0.7840,0,-1,-1
1405,64,668,598,163,65,0.7982,0,-1,-1
1405,65,1078,475,84,42,0.7705,0,-1,-1
1405,67,1730,328,49,26,0.7592,0,-1,-1
1405,69,869,469,87,42,0.7122,0,-1,-1
1405,71,435,532,135,57,0.7356,0,-1,-1
1405,66,783,497,105,42,0.7506,0,-1,-1
1405,76,547,353,58,31,0.7186,0,-1,-1
1405,73,339,441,83,45,0.6775,0,-1,-1
1405,81,0,581,141,49,0.6406,2,-1,-1
1405,68,52,533,135,61,0.6654,2,-1,-1
1405,86,539,400,71,28,0.6058,0,-1,-1
1405,79,822,547,148,51,0.6021,2,-1,-1
1405,70,887,695,83,81,0.6169,0,-1,-1
1406,58,515,697,169,96,0.8176,0,-1,-1
1406,59,1595,366,49,29,0.7122,0,-1,-1
1406,60,1398,613,163,75,0.8105,0,-1,-1
1406,62,49,768,175,101,0.7122,0,-1,-1
1406,63,1069,597,159,74,0.7853,0,-1,-1
1406,64,668,599,162,64,0.7994,0,-1,-1
1406,65,1078,476,84,41,0.7718,0,-1,-1
1406,67,1730,328,50,26,0.7506,0,-1,-1
1406,69,869,470,88,40,0.7249,0,-1,-1
1406,71,435,532,134,56,0.7432,0,-1,-1
1406,66,783,497,107,43,0.7606,0,-1,-1
1406,76,547,353,59,30,0.7202,0,-1,-1
1406,73,340,442,81,43,0.6775,0,-1,-1
1406,68,53,534,134,60,0.6602,2,-1,-1
1406,86,539,400,72,28,0.6188,0,-1,-1
1406,70,886,695,84,82,0.6740,0,-1,-1
1406,77,186,486,94,45,0.6058,0,-1,-1
1407,58,512,696,171,96,0.8245,0,-1,-1
1407,59,1596,366,50,29,0.7311,0,-1,-1
1407,60,1398,612,164,77,0.8069,0,-1,-1
1407,62,49,769,175,99,0.7606,0,-1,-1
1407,63,1069,597,159,73,0.7840,0,-1,-1
1407,64,669,598,161,65,0.7994,0,-1,-1
1407,65,1079,475,84,42,0.7773,0,-1,-1
1407,67,1732,329,50,25,0.7217,0,-1,-1
1407,69,869,470,88,40,0.7186,0,-1,-1
1407,71,435,531,134,56,0.7447,0,-1,-1
1407,66,784,497,107,43,0.7649,0,-1,-1
1407,76,548,353,59,31,0.7233,0,-1,-1
1407,73,341,443,78,42,0.6261,0,-1,-1
1407,86,539,399,73,29,0.6151,0,-1,-1
1407,70,886,694,84,81,0.6496,0,-1,-1
1407,77,187,485,94,48,0.6567,0,-1,-1
1407,85,1315,441,65,38,0.6243,0,-1,-1
1408,58,510,696,174,95,0.8233,0,-1,-1
1408,59,1597,366,51,29,0.7447,0,-1,-1
1408,60,1397,612,166,77,0.8056,0,-1,-1
1408,62,48,768,175,101,0.7691,0,-1,-1
1408,63,1069,597,159,74,0.7827,0,-1,-1
1408,64,669,598,161,65,0.8032,0,-1,-1
1408,65,1079,475,84,42,0.7746,0,-1,-1
1408,67,1733,328,49,25,0.7447,0,-1,-1
1408,69,869,470,88,40,0.7249,0,-1,-1
1408,71,435,531,134,56,0.7447,0,-1,-1
1408,66,785,497,106,43,0.7663,0,-1,-1
1408,76,549,352,58,33,0.6943,0,-1,-1
1408,86,540,399,73,30,0.6058,0,-1,-1
1408,70,885,693,86,83,0.7106,0,-1,-1
1408,77,187,485,94,48,0.6280,0,-1,-1
1408,85,1313,442,68,36,0.6619,0,-1,-1
1408,81,0,579,139,53,0.6352,2,-1,-1
1409,58,509,695,175,97,0.8267,0,-1,-1
1409,59,1597,366,51,29,0.7461,0,-1,-1
1409,60,1396,612,167,77,0.8069,0,-1,-1
1409,62,48,766,176,105,0.7918,0,-1,-1
1409,63,1069,597,159,74,0.7827,0,-1,-1
1409,64,669,598,161,66,0.8007,0,-1,-1
1409,65,1079,475,84,42,0.7746,0,-1,-1
1409,67,1733,328,49,26,0.7372,0,-1,-1
1409,69,869,470,88,40,0.7280,0,-1,-1
1409,71,435,531,134,56,0.7461,0,-1,-1
1409,66,785,497,106,43,0.7691,0,-1,-1
1409,76,550,352,58,33,0.6976,0,-1,-1
1409,86,540,399,73,30,0.6169,0,-1,-1
1409,70,885,693,86,81,0.6860,0,-1,-1
1409,77,188,486,93,47,0.6352,0,-1,-1
1409,85,1313,442,69,36,0.6619,0,-1,-1
1410,58,509,695,174,97,0.8278,0,-1,-1
1410,59,1598,367,50,28,0.7217,0,-1,-1
1410,60,1397,612,166,76,0.8199,0,-1,-1
1410,62,47,765,177,107,0.7853,0,-1,-1
1410,63,1069,596,159,75,0.7866,0,-1,-1
1410,64,669,598,161,67,0.8069,0,-1,-1
1410,65,1080,475,83,42,0.7759,0,-1,-1
1410,67,1736,329,48,25,0.6960,0,-1,-1
1410,69,870,470,87,41,0.7311,0,-1,-1
1410,71,436,531,133,56,0.7417,0,-1,-1
1410,66,785,497,105,43,0.7718,0,-1,-1
1410,76,550,353,59,31,0.6723,0,-1,-1
1410,86,541,399,73,30,0.6280,0,-1,-1
1410,70,884,691,88,86,0.7506,0,-1,-1
1410,77,188,485,94,49,0.6460,0,-1,-1
1410,85,1312,442,71,36,0.6689,0,-1,-1
1410,73,342,443,79,43,0.6206,0,-1,-1
1411,58,508,695,175,97,0.8333,0,-1,-1
1411,59,1599,367,49,27,0.7186,0,-1,-1
1411,60,1397,613,166,75,0.8164,0,-1,-1
1411,62,46,765,178,107,0.7905,0,-1,-1
1411,63,1068,596,160,76,0.7879,0,-1,-1
1411,64,669,597,161,68,0.8069,0,-1,-1
1411,65,1080,476,83,40,0.7705,0,-1,-1
1411,67,1737,330,47,24,0.7170,0,-1,-1
1411,69,870,470,87,41,0.7432,0,-1,-1
1411,71,436,530,133,57,0.7341,0,-1,-1
1411,66,786,497,103,42,0.7606,0,-1,-1
1411,76,550,353,61,31,0.6943,0,-1,-1
1411,86,541,400,74,28,0.6316,0,-1,-1
1411,70,883,689,89,89,0.7280,0,-1,-1
1411,85,1312,441,71,38,0.6792,0,-1,-1
1411,61,203,864,229,140,0.7074,0,-1,-1
1411,81,0,578,142,50,0.6843,2,-1,-1
1412,58,508,695,175,97,0.8322,0,-1,-1
1412,59,1601,366,49,29,0.7009,0,-1,-1
1412,60,1397,613,166,75,0.8199,0,-1,-1
1412,62,46,765,177,107,0.7800,0,-1,-1
1412,63,1068,596,160,76,0.7892,0,-1,-1
1412,64,669,597,161,68,0.8069,0,-1,-1
1412,65,1080,476,84,40,0.7705,0,-1,-1
1412,67,1737,329,48,25,0.7186,0,-1,-1
1412,69,870,470,87,41,0.7461,0,-1,-1
1412,71,436,531,133,56,0.7402,0,-1,-1
1412,66,786,498,102,41,0.7606,0,-1,-1
1412,76,551,353,61,31,0.6926,0,-1,-1
1412,86,542,400,74,28,0.6077,0,-1,-1
1412,70,882,688,89,90,0.7264,0,-1,-1
1412,85,1312,441,72,38,0.6860,0,-1,-1
1412,61,203,864,228,139,0.7311,0,-1,-1
1412,81,1,579,142,47,0.7042,2,-1,-1
1412,77,188,484,95,49,0.6188,0,-1,-1
1413,58,508,695,174,96,0.8278,0,-1,-1
1413,59,1601,366,49,29,0.7372,0,-1,-1
1413,60,1397,613,166,75,0.8233,0,-1,-1
1413,62,46,764,177,108,0.7813,0,-1,-1
1413,63,1068,595,160,77,0.7918,0,-1,-1
1413,64,669,598,161,65,0.8019,0,-1,-1
1413,65,1081,475,84,41,0.7635,0,-1,-1
1413,67,1738,329,48,25,0.6843,0,-1,-1
1413,69,870,469,88,42,0.7387,0,-1,-1
1413,71,438,532,132,56,0.7372,0,-1,-1
1413,66,786,498,103,41,0.7578,0,-1,-1
1413,76,552,352,60,32,0.6960,0,-1,-1
1413,86,542,399,75,30,0.6058,0,-1,-1
1413,70,882,688,89,90,0.7170,0,-1,-1
1413,85,1312,441,72,39,0.6860,0,-1,-1
1413,61,201,866,230,138,0.6567,0,-1,-1
1413,81,1,578,142,48,0.6424,2,-1,-1
1414,58,508,694,172,99,0.8322,0,-1,-1
1414,59,1601,366,50,29,0.7606,0,-1,-1
1414,60,1398,613,166,75,0.8245,0,-1,-1
1414,62,46,764,176,109,0.7691,0,-1,-1
1414,63,1067,597,161,75,0.7905,0,-1,-1
1414,64,669,597,160,65,0.8032,0,-1,-1
1414,65,1081,475,84,42,0.7718,0,-1,-1
1414,67,1740,330,47,24,0.6843,0,-1,-1
1414,69,871,469,87,42,0.7341,0,-1,-1
1414,71,438,531,133,57,0.7295,0,-1,-1
1414,66,785,498,103,41,0.7491,0,-1,-1
1414,76,552,352,60,33,0.6926,0,-1,-1
1414,86,543,400,75,29,0.6206,0,-1,-1
1414,70,882,688,88,89,0.6460,0,-1,-1
1414,85,1313,440,71,40,0.6775,0,-1,-1
1414,61,200,866,233,138,0.7042,0,-1,-1
1414,81,1,578,141,49,0.7506,2,-1,-1
1414,68,56,531,134,62,0.6021,2,-1,-1
1414,77,190,483,94,49,0.6002,0,-1,-1
1415,58,508,694,173,98,0.8333,0,-1,-1
1415,59,1602,366,48,29,0.7520,0,-1,-1
1415,60,1398,613,166,75,0.8278,0,-1,-1
1415,62,46,763,176,108,0.7621,0,-1,-1
1415,63,1068,598,160,74,0.8007,0,-1,-1
1415,64,669,597,161,66,0.8044,0,-1,-1
1415,65,1081,476,85,41,0.7663,0,-1,-1
1415,67,1740,329,47,25,0.6993,0,-1,-1
1415,69,870,468,89,44,0.7341,0,-1,-1
1415,71,438,530,133,58,0.7326,0,-1,-1
1415,66,785,498,103,41,0.7549,0,-1,-1
1415,76,553,353,60,31,0.7009,0,-1,-1
1415,86,544,400,74,29,0.6352,0,-1,-1
1415,70,883,689,86,87,0.7186,0,-1,-1
1415,85,1313,440,71,40,0.6960,0,-1,-1
1415,61,200,866,233,140,0.7311,0,-1,-1
1415,81,1,578,140,48,0.7813,2,-1,-1
1415,68,54,531,135,62,0.6002,2,-1,-1
1416,58,508,694,173,98,0.8355,0,-1,-1
1416,59,1603,367,48,28,0.7170,0,-1,-1
1416,60,1398,613,166,76,0.8300,0,-1,-1
1416,62,46,763,176,106,0.7564,0,-1,-1
1416,63,1068,596,161,76,0.7994,0,-1,-1
1416,64,668,596,161,67,0.8019,0,-1,-1
1416,65,1081,475,86,42,0.7635,0,-1,-1
1416,67,1741,329,46,25,0.7058,0,-1,-1
1416,69,870,468,90,44,0.7264,0,-1,-1
1416,71,437,530,134,58,0.7295,0,-1,-1
1416,66,785,498,103,41,0.7491,0,-1,-1
1416,76,554,353,60,32,0.7009,0,-1,-1
1416,86,545,400,73,28,0.6280,0,-1,-1
1416,70,883,690,85,85,0.6809,0,-1,-1
1416,85,1314,441,71,39,0.7058,0,-1,-1
1416,61,199,861,235,146,0.7677,0,-1,-1
1416,81,1,578,140,49,0.7813,2,-1,-1
1416,68,53,529,137,64,0.6758,2,-1,-1
1417,58,507,695,172,99,0.8376,0,-1,-1
1417,59,1604,367,49,27,0.7295,0,-1,-1
1417,60,1397,613,166,75,0.8322,0,-1,-1
1417,62,47,764,174,103,0.7491,0,-1,-1
1417,63,1068,596,161,76,0.8007,0,-1,-1
1417,64,667,596,162,67,0.8056,0,-1,-1
1417,65,1081,475,86,43,0.7635,0,-1,-1
1417,67,1743,329,46,25,0.6926,0,-1,-1
1417,69,871,469,89,43,0.7295,0,-1,-1
1417,71,437,530,134,58,0.7356,0,-1,-1
1417,66,786,498,101,41,0.7402,0,-1,-1
1417,76,555,354,58,32,0.6758,0,-1,-1
1417,86,546,400,73,28,0.6298,0,-1,-1
1417,70,885,692,83,82,0.6893,0,-1,-1
1417,85,1315,442,71,39,0.7154,0,-1,-1
1417,61,196,858,239,152,0.7280,0,-1,-1
1417,81,1,578,141,48,0.7866,2,-1,-1
1417,68,50,529,141,63,0.7042,2,-1,-1
1418,58,506,695,172,100,0.8387,0,-1,-1
1418,59,1604,367,49,27,0.7491,0,-1,-1
1418,60,1397,614,166,73,0.8333,0,-1,-1
1418,62,47,765,174,101,0.7402,0,-1,-1
1418,63,1068,596,161,77,0.8032,0,-1,-1
1418,64,667,596,162,67,0.8069,0,-1,-1
1418,65,1082,475,85,43,0.7649,0,-1,-1
1418,67,1743,329,47,25,0.7122,0,-1,-1
1418,69,870,469,91,43,0.7264,0,-1,-1
1418,71,437,530,134,58,0.7372,0,-1,-1
1418,66,786,499,100,39,0.7402,0,-1,-1
1418,76,555,354,58,32,0.6654,0,-1,-1
1418,86,546,400,73,28,0.6352,0,-1,-1
1418,70,885,691,83,83,0.7186,0,-1,-1
1418,85,1315,442,71,39,0.7186,0,-1,-1
1418,61,194,858,240,152,0.6876,0,-1,-1
1418,81,1,578,141,48,0.7813,2,-1,-1
1418,68,49,529,142,63,0.6943,2,-1,-1
1419,58,506,695,171,99,0.8333,0,-1,-1
1419,59,1605,367,47,27,0.7592,0,-1,-1
1419,60,1397,614,166,73,0.8366,0,-1,-1
1419,62,48,764,173,102,0.7476,0,-1,-1
1419,63,1067,595,162,78,0.7994,0,-1,-1
1419,64,667,597,162,65,0.8056,0,-1,-1
1419,65,1082,475,84,42,0.7691,0,-1,-1
1419,67,1744,329,46,25,0.7122,0,-1,-1
1419,69,869,469,91,43,0.7186,0,-1,-1
1419,71,437,530,134,58,0.7402,0,-1,-1
1419,66,786,498,100,41,0.7372,0,-1,-1
1419,76,555,354,59,32,0.6567,0,-1,-1
1419,86,547,400,73,27,0.6496,0,-1,-1
1419,70,884,690,84,84,0.7154,0,-1,-1
1419,85,1314,442,72,38,0.7202,0,-1,-1
1419,61,191,858,243,148,0.7840,0,-1,-1
1419,81,0,578,142,48,0.7356,2,-1,-1
1419,68,53,530,139,62,0.6352,2,-1,-1
1419,77,191,480,92,51,0.7138,0,-1,-1
1420,58,506,695,170,98,0.8311,0,-1,-1
1420,59,1606,367,48,27,0.7476,0,-1,-1
1420,60,1397,614,167,73,0.8344,0,-1,-1
1420,62,49,764,171,101,0.7663,0,-1,-1
1420,63,1066,595,162,78,0.7969,0,-1,-1
1420,64,667,597,161,63,0.8032,0,-1,-1
1420,65,1082,475,84,42,0.7663,0,-1,-1
1420,67,1744,330,46,24,0.7202,0,-1,-1
1420,69,870,469,90,42,0.7154,0,-1,-1
1420,71,438,530,134,58,0.7447,0,-1,-1
1420,66,786,498,101,41,0.7341,0,-1,-1
1420,76,556,355,58,30,0.6531,0,-1,-1
1420,86,547,400,74,27,0.6370,0,-1,-1
1420,70,883,688,85,88,0.7461,0,-1,-1
1420,85,1315,442,71,39,0.7106,0,-1,-1
1420,61,192,857,242,147,0.7994,0,-1,-1
1420,81,0,577,143,48,0.7154,2,-1,-1
1420,68,58,531,134,61,0.6039,2,-1,-1
1420,77,191,479,93,50,0.7295,0,-1,-1
1421,58,505,694,171,98,0.8311,0,-1,-1
1421,59,1608,367,47,27,0.7578,0,-1,-1
1421,60,1397,614,167,73,0.8311,0,-1,-1
1421,62,49,763,171,102,0.7800,0,-1,-1
1421,63,1066,596,162,76,0.7969,0,-1,-1
1421,64,667,597,161,62,0.8081,0,-1,-1
1421,65,1082,475,85,42,0.7592,0,-1,-1
1421,67,1745,330,46,24,0.7090,0,-1,-1
1421,69,871,470,89,42,0.7122,0,-1,-1
1421,71,438,530,134,58,0.7417,0,-1,-1
1421,66,786,497,102,42,0.7447,0,-1,-1
1421,76,556,354,58,31,0.6514,0,-1,-1
1421,86,547,400,74,28,0.6225,0,-1,-1
1421,70,883,687,84,89,0.7122,0,-1,-1
1421,85,1316,442,70,38,0.7090,0,-1,-1
1421,61,193,856,241,147,0.7663,0,-1,-1
1421,81,0,577,143,48,0.6261,2,-1,-1
1421,77,191,478,93,51,0.7476,0,-1,-1
1422,58,504,693,171,98,0.8322,0,-1,-1
1422,59,1608,367,47,28,0.7341,0,-1,-1
1422,60,1398,614,165,73,0.8366,0,-1,-1
1422,62,47,763,173,103,0.7866,0,-1,-1
1422,63,1066,595,161,76,0.7892,0,-1,-1
1422,64,668,598,160,60,0.8129,0,-1,-1
1422,65,1082,475,85,42,0.7535,0,-1,-1
1422,67,1746,329,46,25,0.7535,0,-1,-1
1422,69,871,471,89,41,0.6926,0,-1,-1
1422,71,439,530,133,57,0.7341,0,-1,-1
1422,66,787,497,103,42,0.7387,0,-1,-1
1422,76,558,354,57,30,0.6077,0,-1,-1
1422,70,882,688,86,89,0.6567,0,-1,-1
1422,85,1316,442,70,38,0.6960,0,-1,-1
1422,61,192,855,241,146,0.7506,0,-1,-1
1422,77,193,479,89,49,0.7447,0,-1,-1
1423,58,503,693,173,100,0.8311,0,-1,-1
1423,59,1609,367,46,28,0.7326,0,-1,-1
1423,60,1398,615,164,71,0.8344,0,-1,-1
1423,62,46,762,175,107,0.7635,0,-1,-1
1423,63,1066,596,161,75,0.7879,0,-1,-1
1423,64,668,598,161,60,0.8141,0,-1,-1
1423,65,1082,475,85,42,0.7506,0,-1,-1
1423,67,1749,329,46,25,0.7520,0,-1,-1
1423,69,871,471,89,41,0.6876,0,-1,-1
1423,71,440,529,132,58,0.7372,0,-1,-1
1423,66,787,497,103,41,0.7549,0,-1,-1
1423,76,558,354,57,30,0.6225,0,-1,-1
1423,85,1316,442,71,38,0.6976,0,-1,-1
1423,61,193,854,238,146,0.7138,0,-1,-1
1423,77,194,480,88,48,0.7090,0,-1,-1
1423,88,249,391,59,38,0.6114,0,-1,-1
1423,84,1323,405,66,33,0.6114,0,-1,-1
1423,79,820,548,150,49,0.6460,2,-1,-1
1423,68,67,533,125,59,0.6021,2,-1,-1
1423,86,548,401,72,27,0.6132,0,-1,-1
1424,58,502,693,174,101,0.8344,0,-1,-1
1424,59,1608,367,47,28,0.7649,0,-1,-1
1424,60,1398,614,164,73,0.8344,0,-1,-1
1424,62,45,761,177,108,0.7718,0,-1,-1
1424,63,1065,596,161,76,0.7840,0,-1,-1
1424,64,667,597,162,61,0.8044,0,-1,-1
1424,65,1082,475,86,42,0.7506,0,-1,-1
1424,67,1749,330,47,24,0.7491,0,-1,-1
1424,69,871,471,89,41,0.6843,0,-1,-1
1424,71,441,529,131,57,0.7387,0,-1,-1
1424,66,786,497,104,40,0.7461,0,-1,-1
1424,76,559,354,55,30,0.6298,0,-1,-1
1424,85,1316,442,70,38,0.7025,0,-1,-1
1424,61,193,854,237,145,0.7387,0,-1,-1
1424,77,194,480,87,47,0.6460,0,-1,-1
1424,88,250,390,59,38,0.6058,0,-1,-1
1424,84,1322,404,67,34,0.6826,0,-1,-1
1424,79,820,548,150,49,0.6132,2,-1,-1
1424,68,67,533,125,59,0.6151,2,-1,-1
1424,86,549,401,71,27,0.6058,0,-1,-1
1424,70,879,686,89,91,0.6077,0,-1,-1
1425,58,502,695,173,99,0.8278,0,-1,-1
1425,59,1610,368,48,27,0.7827,0,-1,-1
1425,60,1398,614,164,73,0.8333,0,-1,-1
1425,62,46,761,175,108,0.7447,0,-1,-1
1425,63,1066,597,161,75,0.7905,0,-1,-1
1425,64,667,597,161,61,0.8069,0,-1,-1
1425,65,1083,475,85,42,0.7417,0,-1,-1
1425,67,1750,330,46,24,0.7663,0,-1,-1
1425,69,871,470,89,41,0.7090,0,-1,-1
1425,71,440,529,132,57,0.7372,0,-1,-1
1425,66,787,496,103,41,0.7417,0,-1,-1
1425,76,560,354,55,30,0.6225,0,-1,-1
1425,85,1317,443,71,37,0.6976,0,-1,-1
1425,61,191,852,237,147,0.7476,0,-1,-1
1425,77,195,481,86,45,0.6280,0,-1,-1
1425,84,1321,404,68,34,0.6637,0,-1,-1
1425,68,67,532,126,59,0.7074,2,-1,-1
1425,70,880,685,88,95,0.6206,0,-1,-1
1426,58,501,695,174,99,0.8311,0,-1,-1
1426,59,1611,368,47,28,0.7746,0,-1,-1
1426,60,1398,613,164,74,0.8300,0,-1,-1
1426,62,46,759,176,113,0.7853,0,-1,-1
1426,63,1065,597,163,76,0.7944,0,-1,-1
1426,64,667,597,161,61,0.8007,0,-1,-1
1426,65,1083,475,86,42,0.7402,0,-1,-1
1426,67,1750,329,48,25,0.7663,0,-1,-1
1426,69,872,469,88,42,0.7138,0,-1,-1
1426,71,441,528,131,59,0.7402,0,-1,-1
1426,66,787,496,104,42,0.7447,0,-1,-1
1426,76,560,353,56,31,0.6424,0,-1,-1
1426,85,1317,442,71,38,0.6960,0,-1,-1
1426,61,190,853,237,146,0.7564,0,-1,-1
1426,77,195,480,85,47,0.6671,0,-1,-1
1426,84,1321,404,69,33,0.6619,0,-1,-1
1426,68,68,530,125,60,0.7326,2,-1,-1
1426,70,879,685,89,96,0.6843,0,-1,-1
1426,90,11,442,100,45,0.7025,2,-1,-1
1426,81,3,576,139,47,0.6424,2,-1,-1
1427,58,501,695,174,99,0.8311,0,-1,-1
1427,59,1612,368,48,28,0.7705,0,-1,-1
1427,60,1398,613,164,75,0.8300,0,-1,-1
1427,62,45,758,178,115,0.7786,0,-1,-1
1427,63,1065,598,164,75,0.7957,0,-1,-1
1427,64,667,597,161,61,0.8007,0,-1,-1
1427,65,1084,475,85,42,0.7461,0,-1,-1
1427,67,1750,329,48,25,0.7635,0,-1,-1
1427,69,872,468,88,43,0.7106,0,-1,-1
1427,71,440,528,132,59,0.7447,0,-1,-1
1427,66,789,496,102,43,0.7432,0,-1,-1
1427,76,560,353,57,31,0.6549,0,-1,-1
1427,85,1318,442,70,39,0.6943,0,-1,-1
1427,61,189,852,239,148,0.7009,0,-1,-1
1427,77,195,479,87,48,0.6169,0,-1,-1
1427,84,1321,404,69,33,0.6424,0,-1,-1
1427,68,66,531,128,59,0.7311,2,-1,-1
1427,70,879,685,89,96,0.6514,0,-1,-1
1427,90,11,442,100,45,0.7009,2,-1,-1
1428,58,500,694,174,99,0.8322,0,-1,-1
1428,59,1614,368,47,28,0.7549,0,-1,-1
1428,60,1399,614,164,75,0.8256,0,-1,-1
1428,62,44,757,178,115,0.8187,0,-1,-1
1428,63,1066,598,163,75,0.7982,0,-1,-1
1428,64,667,596,161,61,0.8056,0,-1,-1
1428,65,1083,474,86,44,0.7461,0,-1,-1
1428,67,1751,329,48,25,0.7813,0,-1,-1
1428,69,873,467,87,44,0.7154,0,-1,-1
1428,71,440,528,133,59,0.7447,0,-1,-1
1428,66,789,495,103,44,0.7432,0,-1,-1
1428,76,561,353,57,30,0.6243,0,-1,-1
1428,85,1318,442,71,39,0.6893,0,-1,-1
1428,84,1322,404,68,33,0.6316,0,-1,-1
1428,68,67,530,127,60,0.7341,2,-1,-1
1428,70,879,685,88,94,0.7074,0,-1,-1
1428,90,13,442,100,45,0.6602,2,-1,-1
1428,73,350,442,72,42,0.6460,0,-1,-1
1428,81,2,576,142,47,0.6370,2,-1,-1
1429,58,499,693,174,101,0.8300,0,-1,-1
1429,59,1613,368,49,28,0.7800,0,-1,-1
1429,60,1400,614,163,75,0.8233,0,-1,-1
1429,62,44,756,178,116,0.8187,0,-1,-1
1429,63,1065,596,165,77,0.7957,0,-1,-1
1429,64,667,596,161,61,0.8044,0,-1,-1
1429,65,1083,474,86,44,0.7491,0,-1,-1
1429,67,1751,328,49,26,0.7691,0,-1,-1
1429,69,872,467,88,44,0.7058,0,-1,-1
1429,71,442,529,131,57,0.7372,0,-1,-1
1429,66,789,494,104,44,0.7578,0,-1,-1
1429,76,561,353,57,30,0.6316,0,-1,-1
1429,85,1319,442,70,38,0.6976,0,-1,-1
1429,84,1322,404,67,34,0.6370,0,-1,-1
1429,68,65,530,129,60,0.7402,2,-1,-1
1429,70,878,685,90,93,0.7677,0,-1,-1
1429,90,13,442,101,45,0.6298,2,-1,-1
1429,73,351,440,72,44,0.6549,0,-1,-1
1429,81,2,575,144,48,0.7025,2,-1,-1
1430,58,499,691,174,103,0.8300,0,-1,-1
1430,59,1613,368,49,28,0.7879,0,-1,-1
1430,60,1400,615,163,74,0.8233,0,-1,-1
1430,62,45,756,176,115,0.8222,0,-1,-1
1430,63,1064,597,166,75,0.7957,0,-1,-1
1430,64,666,596,162,61,0.8007,0,-1,-1
1430,65,1083,474,86,44,0.7447,0,-1,-1
1430,67,1753,328,48,26,0.7732,0,-1,-1
1430,69,872,467,88,44,0.7058,0,-1,-1
1430,71,442,529,131,57,0.7356,0,-1,-1
1430,66,789,494,104,43,0.7592,0,-1,-1
1430,76,562,353,56,30,0.6334,0,-1,-1
1430,85,1319,442,70,38,0.7009,0,-1,-1
1430,68,65,530,129,61,0.7549,2,-1,-1
1430,70,877,685,90,93,0.7879,0,-1,-1
1430,90,14,442,101,45,0.6809,2,-1,-1
1430,73,352,440,71,44,0.6370,0,-1,-1
1430,81,2,574,144,48,0.6976,2,-1,-1
1431,58,498,691,176,103,0.8311,0,-1,-1
1431,59,1615,368,48,29,0.7879,0,-1,-1
1431,60,1399,614,165,76,0.8152,0,-1,-1
1431,62,46,755,175,115,0.8300,0,-1,-1
1431,63,1064,596,166,77,0.7866,0,-1,-1
1431,64,666,596,162,62,0.7994,0,-1,-1
1431,65,1084,474,86,44,0.7447,0,-1,-1
1431,67,1754,329,49,25,0.7746,0,-1,-1
1431,69,873,467,88,44,0.7009,0,-1,-1
1431,71,442,529,132,57,0.7402,0,-1,-1
1431,66,788,494,105,44,0.7649,0,-1,-1
1431,76,562,353,58,31,0.6514,0,-1,-1
1431,85,1319,443,71,37,0.7042,0,-1,-1
1431,68,69,530,125,61,0.7432,2,-1,-1
1431,70,876,684,92,93,0.7879,0,-1,-1
1431,73,352,440,72,43,0.6602,0,-1,-1
1431,81,2,575,144,48,0.6388,2,-1,-1
1431,79,824,549,148,50,0.6188,2,-1,-1
1431,61,186,850,238,148,0.6280,0,-1,-1
1432,58,498,692,175,100,0.8289,0,-1,-1
1432,59,1616,368,49,28,0.7866,0,-1,-1
1432,60,1400,614,164,76,0.8199,0,-1,-1
1432,62,44,755,177,115,0.8300,0,-1,-1
1432,63,1064,597,166,77,0.7853,0,-1,-1
1432,64,665,596,162,62,0.8007,0,-1,-1
1432,65,1084,474,86,44,0.7447,0,-1,-1
1432,67,1754,328,49,26,0.7372,0,-1,-1
1432,69,874,467,87,44,0.6976,0,-1,-1
1432,71,443,529,131,56,0.7432,0,-1,-1
1432,66,787,494,106,44,0.7649,0,-1,-1
1432,76,563,353,58,31,0.6225,0,-1,-1
1432,85,1320,443,71,36,0.6976,0,-1,-1
1432,68,74,529,121,62,0.7025,2,-1,-1
1432,70,876,684,92,94,0.7800,0,-1,-1
1432,73,352,440,73,43,0.6549,0,-1,-1
1433,58,498,693,175,99,0.8289,0,-1,-1
1433,59,1616,367,49,29,0.7879,0,-1,-1
1433,60,1400,614,164,76,0.8187,0,-1,-1
1433,62,43,755,178,115,0.8311,0,-1,-1
1433,63,1064,597,166,77,0.7866,0,-1,-1
1433,64,665,595,162,63,0.8019,0,-1,-1
1433,65,1085,474,84,44,0.7461,0,-1,-1
1433,67,1754,328,50,27,0.7311,0,-1,-1
1433,69,873,467,89,44,0.6993,0,-1,-1
1433,71,443,528,131,57,0.7432,0,-1,-1
1433,66,787,493,107,45,0.7663,0,-1,-1
1433,76,563,353,58,31,0.6225,0,-1,-1
1433,85,1320,443,71,37,0.7025,0,-1,-1
1433,68,75,528,119,62,0.7217,2,-1,-1
1433,70,876,684,92,95,0.7759,0,-1,-1
1433,73,353,440,72,43,0.6531,0,-1,-1
1433,81,1,575,145,50,0.6039,2,-1,-1
1434,58,501,693,172,96,0.8397,0,-1,-1
1434,59,1616,368,50,28,0.8044,0,-1,-1
1434,60,1399,615,165,75,0.8278,0,-1,-1
1434,62,42,754,180,115,0.8222,0,-1,-1
1434,63,1065,598,164,75,0.7853,0,-1,-1
1434,64,665,596,162,61,0.7931,0,-1,-1
1434,65,1085,474,85,44,0.7387,0,-1,-1
1434,67,1757,330,48,25,0.7564,0,-1,-1
1434,69,872,466,92,45,0.6960,0,-1,-1
1434,71,441,528,134,58,0.7535,0,-1,-1
1434,66,788,494,105,44,0.7879,0,-1,-1
1434,76,564,353,58,31,0.6654,0,-1,-1
1434,85,1320,443,71,37,0.7170,0,-1,-1
1434,68,76,527,118,62,0.6860,2,-1,-1
1434,70,876,684,91,94,0.7578,0,-1,-1
1434,73,353,439,78,45,0.7341,0,-1,-1
1434,81,1,575,146,49,0.6039,2,-1,-1
1435,58,501,692,171,97,0.8429,0,-1,-1
1435,59,1618,368,48,28,0.7813,0,-1,-1
1435,60,1399,615,165,75,0.8256,0,-1,-1
1435,62,41,753,181,115,0.8267,0,-1,-1
1435,63,1065,598,163,74,0.7853,0,-1,-1
1435,64,665,596,162,61,0.7866,0,-1,-1
1435,65,1085,474,85,44,0.7387,0,-1,-1
1435,67,1757,330,49,25,0.7746,0,-1,-1
1435,69,871,465,93,45,0.6860,0,-1,-1
1435,71,440,528,135,58,0.7506,0,-1,-1
1435,66,788,494,105,44,0.7944,0,-1,-1
1435,76,565,354,57,30,0.6860,0,-1,-1
1435,85,1320,443,71,37,0.7090,0,-1,-1
1435,68,77,525,117,63,0.7341,2,-1,-1
1435,70,875,683,91,95,0.7606,0,-1,-1
1435,73,354,439,78,45,0.7186,0,-1,-1
1435,79,825,546,149,51,0.6095,2,-1,-1
1436,58,501,692,171,96,0.8397,0,-1,-1
1436,59,1618,368,47,28,0.7718,0,-1,-1
1436,60,1399,615,165,74,0.8267,0,-1,-1
1436,62,41,752,182,116,0.8256,0,-1,-1
1436,63,1064,597,164,74,0.7853,0,-1,-1
1436,64,665,596,162,61,0.7866,0,-1,-1
1436,65,1085,474,85,44,0.7372,0,-1,-1
1436,67,1759,330,48,25,0.7732,0,-1,-1
1436,69,871,464,93,46,0.6876,0,-1,-1
1436,71,441,529,134,57,0.7535,0,-1,-1
1436,66,788,493,106,45,0.7969,0,-1,-1
1436,76,565,354,57,30,0.6809,0,-1,-1
1436,85,1320,443,72,37,0.7058,0,-1,-1
1436,68,78,525,116,63,0.7356,2,-1,-1
1436,70,875,683,91,95,0.7663,0,-1,-1
1436,73,355,439,77,45,0.7122,0,-1,-1
1436,79,825,545,149,52,0.6002,2,-1,-1
1436,61,180,851,243,150,0.6261,0,-1,-1
1437,58,502,692,169,96,0.8344,0,-1,-1
1437,59,1620,368,46,28,0.7402,0,-1,-1
1437,60,1400,615,165,73,0.8199,0,-1,-1
1437,62,43,752,180,112,0.8289,0,-1,-1
1437,63,1064,597,163,74,0.7892,0,-1,-1
1437,64,665,596,162,60,0.7827,0,-1,-1
1437,65,1086,474,85,44,0.7447,0,-1,-1
1437,67,1761,331,47,24,0.7154,0,-1,-1
1437,69,871,465,92,45,0.6876,0,-1,-1
1437,71,441,528,134,59,0.7564,0,-1,-1
1437,66,788,493,106,45,0.8056,0,-1,-1
1437,76,566,353,57,31,0.6792,0,-1,-1
1437,85,1321,443,72,38,0.7009,0,-1,-1
1437,68,79,526,116,62,0.7931,2,-1,-1
1437,70,874,683,91,96,0.7705,0,-1,-1
1437,73,356,437,113,47,0.7090,0,-1,-1
1437,79,824,544,150,54,0.6132,2,-1,-1
1437,81,1,573,147,48,0.6316,2,-1,-1
1438,58,498,691,173,99,0.8300,0,-1,-1
1438,59,1620,368,47,28,0.7280,0,-1,-1
1438,60,1400,614,165,76,0.8210,0,-1,-1
1438,62,43,754,180,110,0.8187,0,-1,-1
1438,63,1064,597,164,74,0.7892,0,-1,-1
1438,64,664,596,163,61,0.7732,0,-1,-1
1438,65,1086,474,86,44,0.7476,0,-1,-1
1438,67,1761,331,48,24,0.7447,0,-1,-1
1438,69,872,466,90,45,0.7186,0,-1,-1
1438,71,441,527,134,59,0.7621,0,-1,-1
1438,66,788,493,106,45,0.8056,0,-1,-1
1438,76,567,353,56,31,0.6893,0,-1,-1
1438,85,1321,442,72,38,0.7009,0,-1,-1
1438,68,80,526,116,62,0.7840,2,-1,-1
1438,70,873,684,91,97,0.7649,0,-1,-1
1438,73,356,439,103,46,0.6424,0,-1,-1
1438,79,825,546,150,52,0.7154,2,-1,-1
1438,81,1,573,148,47,0.6758,2,-1,-1
1438,77,202,475,85,51,0.6039,0,-1,-1
1439,58,497,691,174,101,0.8278,0,-1,-1
1439,59,1620,368,47,28,0.7264,0,-1,-1
1439,60,1401,614,164,76,0.8164,0,-1,-1
1439,62,44,753,177,110,0.8164,0,-1,-1
1439,63,1064,597,163,74,0.7866,0,-1,-1
1439,64,664,596,163,61,0.7732,0,-1,-1
1439,65,1086,474,86,43,0.7447,0,-1,-1
1439,67,1761,331,48,24,0.7491,0,-1,-1
1439,69,872,465,90,46,0.7202,0,-1,-1
1439,71,441,527,134,59,0.7649,0,-1,-1
1439,66,788,493,107,45,0.8081,0,-1,-1
1439,76,567,353,57,31,0.7042,0,-1,-1
1439,85,1321,442,72,38,0.6943,0,-1,-1
1439,68,79,526,117,62,0.7969,2,-1,-1
1439,70,873,685,91,95,0.7506,0,-1,-1
1439,73,356,439,113,46,0.6809,0,-1,-1
1439,79,825,546,149,52,0.6860,2,-1,-1
1439,81,1,573,149,47,0.6514,2,-1,-1
1439,77,202,475,85,51,0.6058,0,-1,-1
1439,84,1326,405,68,35,0.6058,0,-1,-1
1440,58,498,689,173,102,0.8267,0,-1,-1
1440,59,1621,368,46,28,0.7387,0,-1,-1
1440,60,1401,614,164,76,0.8117,0,-1,-1
1440,62,43,754,179,111,0.8245,0,-1,-1
1440,63,1064,596,163,76,0.7786,0,-1,-1
1440,64,664,595,163,62,0.7786,0,-1,-1
1440,65,1086,474,87,43,0.7432,0,-1,-1
1440,67,1763,331,47,24,0.7295,0,-1,-1
1440,69,873,464,89,47,0.7264,0,-1,-1
1440,71,442,527,133,58,0.7663,0,-1,-1
1440,66,788,493,107,45,0.8105,0,-1,-1
1440,76,568,353,57,30,0.7217,0,-1,-1
1440,85,1322,442,72,37,0.6876,0,-1,-1
1440,68,80,525,117,62,0.7621,2,-1,-1
1440,70,873,685,92,93,0.7476,0,-1,-1
1440,73,357,440,96,45,0.6496,0,-1,-1
1440,79,825,547,150,51,0.6809,2,-1,-1
1440,81,1,572,149,49,0.6352,2,-1,-1
1440,84,1326,405,68,35,0.6021,0,-1,-1
1441,58,498,689,172,100,0.8333,0,-1,-1
1441,59,1621,369,46,26,0.7154,0,-1,-1
1441,60,1401,614,164,76,0.8187,0,-1,-1
1441,62,41,755,181,109,0.8141,0,-1,-1
1441,63,1064,595,163,78,0.7800,0,-1,-1
1441,64,664,595,163,62,0.7840,0,-1,-1
1441,65,1086,474,86,44,0.7387,0,-1,-1
1441,67,1764,331,47,23,0.7311,0,-1,-1
1441,69,873,463,89,48,0.7326,0,-1,-1
1441,71,443,528,133,57,0.7759,0,-1,-1
1441,66,789,493,106,45,0.8069,0,-1,-1
1441,76,569,352,57,31,0.7170,0,-1,-1
1441,85,1322,442,73,36,0.6860,0,-1,-1
1441,68,81,527,116,60,0.6976,2,-1,-1
1441,70,873,686,90,89,0.7491,0,-1,-1
1441,73,358,441,85,44,0.6280,0,-1,-1
1441,79,823,545,150,53,0.6316,2,-1,-1
1441,81,2,572,147,49,0.6826,2,-1,-1
1442,58,499,688,171,99,0.8333,0,-1,-1
1442,59,1621,369,47,26,0.6993,0,-1,-1
1442,60,1401,613,164,77,0.8176,0,-1,-1
1442,62,41,755,179,107,0.8141,0,-1,-1
1442,63,1065,596,162,76,0.7800,0,-1,-1
1442,64,664,595,163,63,0.7840,0,-1,-1
1442,65,1086,473,86,44,0.7402,0,-1,-1
1442,67,1764,331,48,23,0.7372,0,-1,-1
1442,69,873,463,89,48,0.7341,0,-1,-1
1442,71,444,528,132,57,0.7759,0,-1,-1
1442,66,789,493,106,45,0.8044,0,-1,-1
1442,76,570,352,56,31,0.7202,0,-1,-1
1442,85,1322,442,73,36,0.6860,0,-1,-1
1442,68,81,528,116,59,0.6926,2,-1,-1
1442,70,874,686,89,89,0.7447,0,-1,-1
1442,73,358,441,82,44,0.6388,0,-1,-1
1442,79,822,545,150,53,0.6388,2,-1,-1
1442,81,2,572,147,49,0.6943,2,-1,-1
1443,58,499,690,170,97,0.8300,0,-1,-1
1443,59,1622,368,48,28,0.7042,0,-1,-1
1443,60,1401,613,164,78,0.8176,0,-1,-1
1443,62,40,754,180,106,0.8129,0,-1,-1
1443,63,1065,595,163,77,0.7786,0,-1,-1
1443,64,664,595,163,62,0.7773,0,-1,-1
1443,65,1086,473,86,45,0.7311,0,-1,-1
1443,67,1766,331,47,23,0.7249,0,-1,-1
1443,69,874,465,89,46,0.7326,0,-1,-1
1443,71,445,528,130,56,0.7746,0,-1,-1
1443,66,790,493,105,45,0.8056,0,-1,-1
1443,76,571,353,55,31,0.7311,0,-1,-1
1443,85,1322,442,74,37,0.6943,0,-1,-1
1443,68,79,527,118,61,0.7074,2,-1,-1
1443,70,873,685,91,89,0.7491,0,-1,-1
1443,73,358,442,81,42,0.6723,0,-1,-1
1443,79,821,544,151,54,0.6514,2,-1,-1
1443,81,2,572,145,49,0.7090,2,-1,-1
1443,84,1324,407,73,34,0.6002,0,-1,-1
1444,58,499,690,170,98,0.8300,0,-1,-1
1444,59,1623,368,47,28,0.6943,0,-1,-1
1444,60,1401,613,164,77,0.8210,0,-1,-1
1444,62,39,754,181,105,0.8093,0,-1,-1
1444,63,1066,595,162,76,0.7840,0,-1,-1
1444,64,665,596,163,61,0.7759,0,-1,-1
1444,65,1086,473,86,44,0.7311,0,-1,-1
1444,67,1767,331,47,23,0.7356,0,-1,-1
1444,69,875,466,88,45,0.7249,0,-1,-1
1444,71,446,528,129,56,0.7691,0,-1,-1
1444,66,790,492,105,45,0.8093,0,-1,-1
1444,76,572,352,55,31,0.7341,0,-1,-1
1444,85,1323,443,74,36,0.6910,0,-1,-1
1444,68,76,525,121,64,0.7447,2,-1,-1
1444,70,872,684,92,89,0.7025,0,-1,-1
1444,73,358,442,81,42,0.6531,0,-1,-1
1444,79,824,545,149,52,0.6460,2,-1,-1
1444,81,2,572,144,49,0.6993,2,-1,-1
1444,84,1324,407,73,34,0.6169,0,-1,-1
1445,58,499,689,170,99,0.8256,0,-1,-1
1445,59,1623,368,47,28,0.6758,0,-1,-1
1445,60,1401,614,164,76,0.8210,0,-1,-1
1445,62,37,754,184,108,0.8164,0,-1,-1
1445,63,1066,595,161,75,0.7879,0,-1,-1
1445,64,665,596,163,61,0.7732,0,-1,-1
1445,65,1086,474,86,44,0.7326,0,-1,-1
1445,67,1767,330,48,24,0.7549,0,-1,-1
1445,69,876,464,88,47,0.7186,0,-1,-1
1445,71,446,529,129,54,0.7691,0,-1,-1
1445,66,791,493,103,45,0.8044,0,-1,-1
1445,76,572,352,55,30,0.7295,0,-1,-1
1445,85,1323,442,74,36,0.6943,0,-1,-1
1445,68,75,525,122,64,0.7746,2,-1,-1
1445,70,871,684,93,89,0.7042,0,-1,-1
1445,79,821,544,152,54,0.6243,2,-1,-1
1445,81,1,571,147,50,0.7417,2,-1,-1
1445,84,1324,407,74,34,0.6225,0,-1,-1
1446,58,497,690,173,97,0.8322,0,-1,-1
1446,59,1625,368,47,28,0.6188,0,-1,-1
1446,60,1401,614,164,77,0.8199,0,-1,-1
1446,62,36,754,184,108,0.8199,0,-1,-1
1446,63,1066,595,162,75,0.7813,0,-1,-1
1446,64,665,596,163,60,0.7800,0,-1,-1
1446,65,1087,474,85,44,0.7264,0,-1,-1
1446,67,1769,330,46,24,0.7564,0,-1,-1
1446,69,876,464,89,46,0.7122,0,-1,-1
1446,71,447,529,129,54,0.7691,0,-1,-1
1446,66,791,492,104,45,0.7944,0,-1,-1
1446,76,572,352,56,30,0.7326,0,-1,-1
1446,85,1323,442,74,36,0.6976,0,-1,-1
1446,68,74,526,124,63,0.7759,2,-1,-1
1446,70,870,685,93,88,0.7564,0,-1,-1
1446,81,2,571,146,49,0.7233,2,-1,-1
1447,58,493,691,177,97,0.8322,0,-1,-1
1447,59,1626,368,47,28,0.6496,0,-1,-1
1447,60,1401,614,164,77,0.8222,0,-1,-1
1447,62,37,755,180,106,0.8199,0,-1,-1
1447,63,1065,595,162,75,0.7800,0,-1,-1
1447,64,665,595,163,61,0.7800,0,-1,-1
1447,65,1087,474,85,44,0.7356,0,-1,-1
1447,67,1770,331,47,23,0.7549,0,-1,-1
1447,69,877,464,88,46,0.7106,0,-1,-1
1447,71,447,528,130,54,0.7549,0,-1,-1
1447,66,791,492,104,45,0.7969,0,-1,-1
1447,76,572,352,56,30,0.7341,0,-1,-1
1447,85,1323,442,75,36,0.7025,0,-1,-1
1447,68,74,526,124,62,0.7813,2,-1,-1
1447,70,870,687,91,85,0.7233,0,-1,-1
1447,81,2,570,147,50,0.7311,2,-1,-1
1447,73,360,441,80,42,0.6352,0,-1,-1
1448,58,492,691,178,97,0.8355,0,-1,-1
1448,59,1626,367,47,30,0.6531,0,-1,-1
1448,60,1401,615,164,77,0.8199,0,-1,-1
1448,62,37,755,181,107,0.8199,0,-1,-1
1448,63,1065,595,162,75,0.7759,0,-1,-1
1448,64,665,595,162,61,0.7853,0,-1,-1
1448,65,1088,474,85,44,0.7341,0,-1,-1
1448,67,1770,330,48,24,0.7718,0,-1,-1
1448,69,876,464,89,46,0.6943,0,-1,-1
1448,71,448,528,129,54,0.7578,0,-1,-1
1448,66,791,492,104,45,0.8007,0,-1,-1
1448,76,572,352,56,30,0.7341,0,-1,-1
1448,85,1323,442,75,36,0.7042,0,-1,-1
1448,68,72,525,126,63,0.7827,2,-1,-1
1448,70,870,688,89,84,0.6876,0,-1,-1
1448,81,2,571,148,49,0.7154,2,-1,-1
1448,73,361,441,79,42,0.6406,0,-1,-1
1448,77,207,476,83,48,0.6188,0,-1,-1
1449,58,493,690,176,99,0.8300,0,-1,-1
1449,60,1400,616,166,76,0.8245,0,-1,-1
1449,62,39,753,179,109,0.8210,0,-1,-1
1449,63,1066,596,160,73,0.7759,0,-1,-1
1449,64,666,594,162,62,0.7718,0,-1,-1
1449,65,1088,474,85,44,0.7295,0,-1,-1
1449,67,1771,330,48,25,0.7691,0,-1,-1
1449,69,878,466,88,44,0.6843,0,-1,-1
1449,71,448,527,129,55,0.7491,0,-1,-1
1449,66,791,492,104,45,0.8056,0,-1,-1
1449,76,572,352,57,31,0.7264,0,-1,-1
1449,85,1324,441,73,38,0.7009,0,-1,-1
1449,68,72,525,127,63,0.7918,2,-1,-1
1449,70,870,686,88,86,0.6943,0,-1,-1
1449,81,3,570,150,51,0.6602,2,-1,-1
1449,73,362,441,79,43,0.6671,0,-1,-1
1449,77,209,477,82,47,0.7058,0,-1,-1
1449,84,1328,405,73,34,0.6514,0,-1,-1
1450,58,492,691,176,98,0.8267,0,-1,-1
1450,60,1400,615,166,77,0.8289,0,-1,-1
1450,62,40,751,178,110,0.8322,0,-1,-1
1450,63,1065,596,162,73,0.7773,0,-1,-1
1450,64,665,595,163,62,0.7663,0,-1,-1
1450,65,1089,474,85,42,0.7295,0,-1,-1
1450,67,1772,331,48,23,0.7691,0,-1,-1
1450,69,878,466,88,44,0.6826,0,-1,-1
1450,71,448,527,130,55,0.7432,0,-1,-1
1450,66,791,492,104,45,0.8056,0,-1,-1
1450,76,573,351,57,32,0.7280,0,-1,-1
1450,85,1323,441,74,38,0.6943,0,-1,-1
1450,68,74,523,125,65,0.7840,2,-1,-1
1450,70,870,685,87,87,0.7122,0,-1,-1
1450,81,3,570,150,52,0.7106,2,-1,-1
1450,73,363,442,80,42,0.6334,0,-1,-1
1450,77,209,477,85,47,0.6910,0,-1,-1
1450,84,1328,405,74,34,0.6654,0,-1,-1
1450,59,1627,367,46,28,0.6225,0,-1,-1
1451,58,493,690,174,98,0.8256,0,-1,-1
1451,60,1400,615,166,78,0.8267,0,-1,-1
1451,62,40,751,178,110,0.8278,0,-1,-1
1451,63,1065,596,162,73,0.7759,0,-1,-1
1451,64,665,595,163,62,0.7649,0,-1,-1
1451,65,1089,473,86,43,0.7295,0,-1,-1
1451,67,1773,331,48,23,0.7649,0,-1,-1
1451,69,879,469,85,42,0.6843,0,-1,-1
1451,71,448,526,130,56,0.7387,0,-1,-1
1451,66,791,492,104,45,0.8056,0,-1,-1
1451,76,573,352,57,30,0.7280,0,-1,-1
1451,85,1324,441,75,38,0.6860,0,-1,-1
1451,68,75,523,124,65,0.7800,2,-1,-1
1451,70,869,685,88,87,0.7074,0,-1,-1
1451,81,3,569,150,52,0.7090,2,-1,-1
1451,73,363,442,80,42,0.6243,0,-1,-1
1451,77,209,477,86,47,0.6758,0,-1,-1
1451,84,1328,404,73,35,0.6514,0,-1,-1
1451,59,1627,367,46,27,0.6298,0,-1,-1
1452,58,493,689,173,98,0.8333,0,-1,-1
1452,60,1400,615,165,77,0.8322,0,-1,-1
1452,62,39,752,178,110,0.8233,0,-1,-1
1452,63,1065,595,162,75,0.7732,0,-1,-1
1452,64,665,595,162,63,0.7535,0,-1,-1
1452,65,1091,474,85,42,0.7249,0,-1,-1
1452,67,1774,330,48,24,0.7649,0,-1,-1
1452,69,880,469,84,42,0.7106,0,-1,-1
1452,71,447,526,131,56,0.7417,0,-1,-1
1452,66,791,491,104,46,0.8007,0,-1,-1
1452,76,574,352,57,31,0.7025,0,-1,-1
1452,85,1324,442,75,37,0.6758,0,-1,-1
1452,68,76,524,124,63,0.7461,2,-1,-1
1452,70,869,686,86,87,0.7074,0,-1,-1
1452,81,4,569,150,52,0.7058,2,-1,-1
1452,73,364,441,79,42,0.6316,0,-1,-1
1452,84,1329,404,73,35,0.6514,0,-1,-1
1452,79,826,544,148,54,0.6206,2,-1,-1
1453,58,492,689,174,99,0.8300,0,-1,-1
1453,60,1399,616,166,76,0.8256,0,-1,-1
1453,62,38,752,180,112,0.8199,0,-1,-1
1453,63,1065,595,163,75,0.7635,0,-1,-1
1453,64,665,596,162,61,0.7677,0,-1,-1
1453,65,1091,474,85,42,0.7233,0,-1,-1
1453,67,1775,329,49,25,0.7746,0,-1,-1
1453,69,880,469,84,41,0.7217,0,-1,-1
1453,71,447,526,132,56,0.7461,0,-1,-1
1453,66,791,491,105,46,0.7982,0,-1,-1
1453,76,575,353,56,30,0.6792,0,-1,-1
1453,85,1324,442,76,37,0.6860,0,-1,-1
1453,68,77,524,123,64,0.7202,2,-1,-1
1453,70,867,685,89,90,0.7106,0,-1,-1
1453,81,4,568,150,53,0.7154,2,-1,-1
1453,73,365,442,78,42,0.6114,0,-1,-1
1453,84,1330,404,72,35,0.6225,0,-1,-1
1454,58,493,689,173,98,0.8387,0,-1,-1
1454,60,1399,616,166,75,0.8322,0,-1,-1
1454,62,38,752,180,111,0.8245,0,-1,-1
1454,63,1064,593,165,78,0.7746,0,-1,-1
1454,64,665,595,162,62,0.7705,0,-1,-1
1454,65,1091,474,85,42,0.7233,0,-1,-1
1454,67,1775,330,50,24,0.7732,0,-1,-1
1454,69,880,469,84,41,0.7249,0,-1,-1
1454,71,446,526,133,56,0.7506,0,-1,-1
1454,66,792,491,104,46,0.7944,0,-1,-1
1454,76,575,353,57,31,0.6926,0,-1,-1
1454,85,1325,443,75,37,0.6860,0,-1,-1
1454,68,76,524,124,65,0.6943,2,-1,-1
1454,70,866,684,90,92,0.7233,0,-1,-1
1454,81,4,568,149,53,0.6976,2,-1,-1
1454,84,1331,404,71,35,0.6316,0,-1,-1
1454,93,1010,403,73,40,0.6058,0,-1,-1
1455,58,490,690,176,97,0.8366,0,-1,-1
1455,60,1399,616,166,75,0.8355,0,-1,-1
1455,62,37,753,181,109,0.8267,0,-1,-1
1455,63,1063,592,166,81,0.7718,0,-1,-1
1455,64,665,594,162,62,0.7677,0,-1,-1
1455,65,1092,474,84,42,0.7217,0,-1,-1
1455,67,1775,329,50,25,0.7718,0,-1,-1
1455,69,881,468,83,41,0.7295,0,-1,-1
1455,71,446,526,133,56,0.7491,0,-1,-1
1455,66,792,491,103,46,0.7994,0,-1,-1
1455,76,576,352,57,31,0.7058,0,-1,-1
1455,85,1325,442,75,37,0.6860,0,-1,-1
1455,68,77,524,123,66,0.6478,2,-1,-1
1455,70,867,684,88,90,0.6926,0,-1,-1
1455,81,4,569,151,52,0.6654,2,-1,-1
1455,79,823,542,150,57,0.6002,2,-1,-1
1456,58,490,690,176,98,0.8333,0,-1,-1
1456,60,1399,617,166,73,0.8376,0,-1,-1
1456,62,37,753,181,108,0.8278,0,-1,-1
1456,63,1062,591,165,82,0.7732,0,-1,-1
1456,64,664,594,163,62,0.7732,0,-1,-1
1456,65,1093,474,84,42,0.7217,0,-1,-1
1456,67,1776,329,50,25,0.7718,0,-1,-1
1456,69,882,468,83,41,0.7311,0,-1,-1
1456,71,446,525,133,57,0.7432,0,-1,-1
1456,66,792,491,104,46,0.7957,0,-1,-1
1456,76,578,353,56,30,0.6876,0,-1,-1
1456,85,1326,441,75,38,0.7090,0,-1,-1
1456,68,81,524,119,65,0.6792,2,-1,-1
1456,70,866,683,90,92,0.6723,0,-1,-1
1456,81,4,569,154,52,0.6654,2,-1,-1
1456,79,822,542,150,57,0.6298,2,-1,-1
1456,93,1013,405,70,38,0.6002,0,-1,-1
1457,58,489,690,177,98,0.8322,0,-1,-1
1457,60,1399,617,166,73,0.8355,0,-1,-1
1457,62,37,753,181,107,0.8245,0,-1,-1
1457,63,1062,591,164,83,0.7746,0,-1,-1
1457,64,663,594,164,62,0.7705,0,-1,-1
1457,65,1094,474,82,42,0.7202,0,-1,-1
1457,67,1777,329,51,25,0.7578,0,-1,-1
1457,69,881,468,84,41,0.7280,0,-1,-1
1457,71,447,526,132,55,0.7432,0,-1,-1
1457,66,792,491,104,46,0.7840,0,-1,-1
1457,76,578,353,57,30,0.6893,0,-1,-1
1457,85,1326,441,75,38,0.7106,0,-1,-1
1457,68,82,524,119,64,0.6943,2,-1,-1
1457,70,865,681,92,94,0.6758,0,-1,-1
1457,81,4,569,155,53,0.6809,2,-1,-1
1457,79,822,542,149,57,0.6442,2,-1,-1
1457,93,1014,404,69,39,0.6077,0,-1,-1
1457,61,172,854,241,136,0.6316,0,-1,-1
1458,58,488,689,178,101,0.8199,0,-1,-1
1458,60,1399,617,167,73,0.8311,0,-1,-1
1458,62,37,753,180,107,0.8141,0,-1,-1
1458,63,1062,592,164,81,0.7732,0,-1,-1
1458,64,664,594,163,62,0.7732,0,-1,-1
1458,65,1094,475,82,42,0.7186,0,-1,-1
1458,67,1777,329,51,25,0.7491,0,-1,-1
1458,69,881,468,84,41,0.7202,0,-1,-1
1458,71,446,527,133,55,0.7476,0,-1,-1
1458,66,792,491,104,46,0.7866,0,-1,-1
1458,76,579,353,57,30,0.6514,0,-1,-1
1458,85,1326,441,74,38,0.7170,0,-1,-1
1458,68,82,524,119,64,0.6549,2,-1,-1
1458,70,867,682,91,92,0.7249,0,-1,-1
1458,81,5,570,154,53,0.7295,2,-1,-1
1458,79,822,542,149,57,0.6584,2,-1,-1
1458,93,1015,403,68,39,0.6002,0,-1,-1
1459,58,488,690,176,99,0.8322,0,-1,-1
1459,60,1400,617,166,73,0.8289,0,-1,-1
1459,62,38,752,178,107,0.8129,0,-1,-1
1459,63,1063,591,163,82,0.7705,0,-1,-1
1459,64,664,595,163,61,0.7691,0,-1,-1
1459,65,1094,475,83,42,0.7264,0,-1,-1
1459,67,1778,329,51,25,0.7564,0,-1,-1
1459,69,882,468,83,42,0.7154,0,-1,-1
1459,71,446,526,134,56,0.7549,0,-1,-1
1459,66,793,491,102,46,0.7746,0,-1,-1
1459,76,580,353,57,31,0.6654,0,-1,-1
1459,85,1326,442,74,36,0.7138,0,-1,-1
1459,70,867,682,90,91,0.7009,0,-1,-1
1459,81,5,570,153,51,0.6860,2,-1,-1
1459,79,822,543,150,56,0.6567,2,-1,-1
1459,93,1015,403,69,39,0.6188,0,-1,-1
1460,58,489,690,174,98,0.8322,0,-1,-1
1460,60,1401,617,164,73,0.8322,0,-1,-1
1460,62,38,752,178,106,0.8164,0,-1,-1
1460,63,1062,591,164,82,0.7677,0,-1,-1
1460,64,664,595,163,61,0.7635,0,-1,-1
1460,65,1094,475,83,42,0.7264,0,-1,-1
1460,67,1779,329,51,25,0.7520,0,-1,-1
1460,69,882,468,83,42,0.7186,0,-1,-1
1460,71,447,526,133,57,0.7506,0,-1,-1
1460,66,794,491,100,46,0.7649,0,-1,-1
1460,76,581,353,56,31,0.6514,0,-1,-1
1460,85,1326,442,75,36,0.7058,0,-1,-1
1460,70,866,682,90,90,0.6826,0,-1,-1
1460,81,6,570,152,51,0.6893,2,-1,-1
1460,79,822,542,149,57,0.6460,2,-1,-1
1460,93,1015,403,69,38,0.6132,0,-1,-1
1461,58,491,689,173,98,0.8459,0,-1,-1
1461,60,1402,618,162,72,0.8418,0,-1,-1
1461,62,37,752,179,106,0.8267,0,-1,-1
1461,63,1063,593,162,79,0.7718,0,-1,-1
1461,64,664,595,163,62,0.7621,0,-1,-1
1461,65,1093,474,84,44,0.7233,0,-1,-1
1461,67,1780,330,51,25,0.7432,0,-1,-1
1461,69,882,469,83,41,0.7138,0,-1,-1
1461,71,448,526,133,57,0.7280,0,-1,-1
1461,66,794,491,100,46,0.7879,0,-1,-1
1461,85,1326,443,75,36,0.6910,0,-1,-1
1461,70,864,683,90,92,0.6976,0,-1,-1
1461,81,7,570,154,52,0.6602,2,-1,-1
1461,84,1331,403,76,36,0.6021,0,-1,-1
1462,58,492,689,171,97,0.8500,0,-1,-1
1462,60,1402,618,162,72,0.8449,0,-1,-1
1462,62,36,751,179,107,0.8289,0,-1,-1
1462,63,1063,594,162,77,0.7732,0,-1,-1
1462,64,664,596,163,61,0.7732,0,-1,-1
1462,65,1093,474,85,44,0.7295,0,-1,-1
1462,67,1781,330,50,25,0.7264,0,-1,-1
1462,69,881,467,86,43,0.7170,0,-1,-1
1462,71,448,525,133,58,0.7341,0,-1,-1
1462,66,794,491,100,46,0.7800,0,-1,-1
1462,85,1327,442,75,37,0.6910,0,-1,-1
1462,70,864,684,89,91,0.7295,0,-1,-1
1462,81,7,568,156,54,0.6602,2,-1,-1
1463,58,491,688,172,98,0.8449,0,-1,-1
1463,60,1402,618,162,72,0.8449,0,-1,-1
1463,62,36,750,179,108,0.8366,0,-1,-1
1463,63,1063,594,162,77,0.7677,0,-1,-1
1463,64,664,596,163,61,0.7746,0,-1,-1
1463,65,1093,474,85,44,0.7264,0,-1,-1
1463,67,1783,330,50,25,0.7138,0,-1,-1
1463,69,882,467,86,44,0.7138,0,-1,-1
1463,71,448,525,134,58,0.7372,0,-1,-1
1463,66,794,491,100,46,0.7931,0,-1,-1
1463,85,1327,442,75,36,0.7025,0,-1,-1
1463,70,863,683,90,91,0.6960,0,-1,-1
1463,81,7,568,157,54,0.6843,2,-1,-1
1463,94,3,490,72,30,0.6370,2,-1,-1
1463,68,78,522,126,65,0.6478,2,-1,-1
1464,58,491,689,172,97,0.8429,0,-1,-1
1464,60,1400,617,164,73,0.8449,0,-1,-1
1464,62,36,750,180,106,0.8376,0,-1,-1
1464,63,1062,594,162,77,0.7649,0,-1,-1
1464,64,664,596,163,61,0.7746,0,-1,-1
1464,65,1093,474,85,44,0.7249,0,-1,-1
1464,67,1784,331,49,24,0.7009,0,-1,-1
1464,69,884,468,83,42,0.7186,0,-1,-1
1464,71,448,524,134,59,0.7578,0,-1,-1
1464,66,794,491,100,47,0.8007,0,-1,-1
1464,85,1328,442,75,36,0.7264,0,-1,-1
1464,70,863,683,91,90,0.6792,0,-1,-1
1464,81,6,567,158,54,0.6809,2,-1,-1
1464,94,3,490,73,30,0.6514,2,-1,-1
1464,95,403,373,62,34,0.6671,0,-1,-1
1464,68,76,521,129,65,0.7122,2,-1,-1
1464,76,584,354,54,29,0.6206,0,-1,-1
1465,58,490,688,173,98,0.8376,0,-1,-1
1465,60,1399,617,165,74,0.8429,0,-1,-1
1465,62,35,748,182,107,0.8408,0,-1,-1
1465,63,1061,594,163,77,0.7578,0,-1,-1
1465,64,665,596,162,59,0.7718,0,-1,-1
1465,65,1093,474,85,44,0.7233,0,-1,-1
1465,67,1785,330,48,24,0.6876,0,-1,-1
1465,69,885,468,82,41,0.7280,0,-1,-1
1465,71,448,524,134,58,0.7578,0,-1,-1
1465,66,795,491,100,47,0.8044,0,-1,-1
1465,85,1328,442,75,36,0.7233,0,-1,-1
1465,70,863,683,92,89,0.6151,0,-1,-1
1465,81,7,566,156,55,0.7249,2,-1,-1
1465,94,4,489,73,30,0.6514,2,-1,-1
1465,95,405,373,61,34,0.6298,0,-1,-1
1465,68,77,521,129,64,0.7432,2,-1,-1
1465,96,838,409,63,33,0.6654,0,-1,-1
1465,84,1334,403,74,36,0.6095,0,-1,-1
1466,58,489,688,175,98,0.8387,0,-1,-1
1466,60,1399,616,165,75,0.8439,0,-1,-1
1466,62,35,749,182,106,0.8408,0,-1,-1
1466,63,1061,594,163,79,0.7578,0,-1,-1
1466,64,665,596,162,59,0.7732,0,-1,-1
1466,65,1094,474,84,44,0.7217,0,-1,-1
1466,67,1786,330,48,24,0.6809,0,-1,-1
1466,69,885,468,83,41,0.7311,0,-1,-1
1466,71,448,525,135,57,0.7535,0,-1,-1
1466,66,794,491,101,48,0.8032,0,-1,-1
1466,85,1329,442,75,36,0.7202,0,-1,-1
1466,70,862,683,92,89,0.6206,0,-1,-1
1466,81,7,567,157,53,0.7122,2,-1,-1
1466,94,4,490,72,30,0.6619,2,-1,-1
1466,68,75,520,131,65,0.7341,2,-1,-1
1466,96,838,410,63,31,0.6775,0,-1,-1
1467,58,488,689,175,97,0.8289,0,-1,-1
1467,60,1400,616,165,75,0.8439,0,-1,-1
1467,62,35,749,181,105,0.8278,0,-1,-1
1467,63,1062,595,161,76,0.7718,0,-1,-1
1467,64,665,596,161,58,0.7813,0,-1,-1
1467,65,1095,474,83,44,0.7217,0,-1,-1
1467,67,1787,331,49,23,0.6826,0,-1,-1
1467,69,885,467,83,42,0.7341,0,-1,-1
1467,71,448,525,134,58,0.7578,0,-1,-1
1467,66,794,491,101,48,0.7918,0,-1,-1
1467,85,1329,442,74,36,0.7249,0,-1,-1
1467,70,863,684,91,88,0.6531,0,-1,-1
1467,81,7,566,157,54,0.7249,2,-1,-1
1467,94,5,489,71,30,0.6706,2,-1,-1
1467,68,77,520,130,65,0.7249,2,-1,-1
1467,96,839,410,61,31,0.6706,0,-1,-1
1468,58,488,689,176,96,0.8245,0,-1,-1
1468,60,1399,616,166,75,0.8408,0,-1,-1
1468,62,35,750,181,105,0.8199,0,-1,-1
1468,63,1062,594,160,77,0.7746,0,-1,-1
1468,64,664,596,162,58,0.7732,0,-1,-1
1468,65,1095,475,83,42,0.7186,0,-1,-1
1468,67,1787,330,49,24,0.6993,0,-1,-1
1468,69,885,466,85,42,0.7447,0,-1,-1
1468,71,448,524,134,58,0.7476,0,-1,-1
1468,66,794,491,100,48,0.7759,0,-1,-1
1468,85,1329,441,75,37,0.7280,0,-1,-1
1468,81,8,566,156,53,0.7387,2,-1,-1
1468,94,7,489,70,29,0.6740,2,-1,-1
1468,68,73,519,135,65,0.7326,2,-1,-1
1468,96,839,409,62,33,0.6406,0,-1,-1
1468,95,406,372,63,35,0.6077,0,-1,-1
1469,58,488,690,177,95,0.8210,0,-1,-1
1469,60,1399,616,166,75,0.8408,0,-1,-1
1469,62,35,751,181,104,0.8152,0,-1,-1
1469,63,1061,593,161,79,0.7800,0,-1,-1
1469,64,664,596,162,58,0.7786,0,-1,-1
1469,65,1095,475,84,42,0.7264,0,-1,-1
1469,67,1789,329,48,25,0.6960,0,-1,-1
1469,69,886,467,84,42,0.7447,0,-1,-1
1469,71,448,524,134,58,0.7476,0,-1,-1
1469,66,794,492,100,47,0.7578,0,-1,-1
1469,85,1329,441,75,38,0.7264,0,-1,-1
1469,81,8,566,155,53,0.7154,2,-1,-1
1469,94,7,489,71,29,0.6406,2,-1,-1
1469,68,72,519,137,65,0.6740,2,-1,-1
1469,96,840,409,62,33,0.6478,0,-1,-1
1469,95,406,372,63,35,0.6132,0,-1,-1
1469,70,864,685,89,87,0.6077,0,-1,-1
1470,58,488,690,177,95,0.8210,0,-1,-1
1470,60,1399,615,168,77,0.8397,0,-1,-1
1470,62,35,750,181,104,0.8222,0,-1,-1
1470,63,1061,593,162,81,0.7773,0,-1,-1
1470,64,664,596,162,58,0.7718,0,-1,-1
1470,65,1095,475,83,42,0.7280,0,-1,-1
1470,67,1790,330,48,24,0.6843,0,-1,-1
1470,69,886,466,84,42,0.7461,0,-1,-1
1470,71,448,524,134,58,0.7202,0,-1,-1
1470,66,794,492,101,47,0.7356,0,-1,-1
1470,85,1329,441,75,38,0.7202,0,-1,-1
1470,81,9,566,155,53,0.6826,2,-1,-1
1470,94,8,489,71,29,0.6169,2,-1,-1
1470,68,74,519,136,64,0.7356,2,-1,-1
1470,96,840,408,63,35,0.6169,0,-1,-1
1470,70,863,684,90,90,0.6514,0,-1,-1
1471,58,488,690,176,95,0.8267,0,-1,-1
1471,60,1399,616,168,76,0.8459,0,-1,-1
1471,62,36,750,180,103,0.8408,0,-1,-1
1471,63,1061,593,163,82,0.7827,0,-1,-1
1471,64,664,596,163,58,0.7718,0,-1,-1
1471,65,1096,475,83,42,0.7341,0,-1,-1
1471,67,1791,330,47,24,0.7138,0,-1,-1
1471,69,886,467,84,41,0.7432,0,-1,-1
1471,71,447,524,135,58,0.7074,0,-1,-1
1471,66,795,493,101,46,0.7326,0,-1,-1
1471,85,1330,441,75,38,0.7170,0,-1,-1
1471,81,9,565,154,54,0.6893,2,-1,-1
1471,94,8,489,72,29,0.6424,2,-1,-1
1471,68,73,520,138,63,0.7387,2,-1,-1
1471,70,863,686,89,88,0.6723,0,-1,-1
1471,95,407,372,63,35,0.6169,0,-1,-1
1472,58,487,690,177,95,0.8222,0,-1,-1
1472,60,1399,617,168,75,0.8459,0,-1,-1
1472,62,36,749,180,104,0.8397,0,-1,-1
1472,63,1061,593,163,82,0.7813,0,-1,-1
1472,64,664,595,163,60,0.7718,0,-1,-1
1472,65,1096,475,84,42,0.7356,0,-1,-1
1472,67,1792,330,46,24,0.7090,0,-1,-1
1472,69,884,466,86,42,0.7402,0,-1,-1
1472,71,447,524,135,58,0.7042,0,-1,-1
1472,66,795,494,100,45,0.7154,0,-1,-1
1472,85,1330,441,75,38,0.7138,0,-1,-1
1472,81,10,566,149,54,0.6993,2,-1,-1
1472,94,9,489,71,29,0.6424,2,-1,-1
1472,68,74,520,137,62,0.7280,2,-1,-1
1472,70,863,686,88,87,0.6584,0,-1,-1
1472,95,408,372,62,35,0.6280,0,-1,-1
1473,58,488,690,175,94,0.8366,0,-1,-1
1473,60,1400,616,168,76,0.8439,0,-1,-1
1473,62,35,749,181,103,0.8429,0,-1,-1
1473,63,1061,593,163,82,0.7840,0,-1,-1
1473,64,664,595,164,60,0.7786,0,-1,-1
1473,65,1096,475,84,42,0.7387,0,-1,-1
1473,67,1793,330,48,24,0.7402,0,-1,-1
1473,69,885,467,86,42,0.7447,0,-1,-1
1473,71,448,523,135,58,0.7090,0,-1,-1
1473,66,796,494,101,45,0.7058,0,-1,-1
1473,85,1330,441,75,38,0.7280,0,-1,-1
1473,81,10,562,146,59,0.7732,2,-1,-1
1473,94,9,489,73,29,0.6758,2,-1,-1
1473,68,81,521,131,60,0.7341,2,-1,-1
1473,70,862,687,88,86,0.6132,0,-1,-1
1473,76,589,351,57,29,0.6114,0,-1,-1
1474,58,487,691,174,93,0.8366,0,-1,-1
1474,60,1399,616,169,75,0.8429,0,-1,-1
1474,62,37,750,179,101,0.8397,0,-1,-1
1474,63,1062,593,161,82,0.7840,0,-1,-1
1474,64,665,595,164,60,0.7773,0,-1,-1
1474,65,1097,475,83,42,0.7402,0,-1,-1
1474,67,1795,330,48,25,0.7402,0,-1,-1
1474,69,885,468,86,41,0.7549,0,-1,-1
1474,71,447,523,136,58,0.6943,0,-1,-1
1474,66,796,494,102,45,0.7154,0,-1,-1
1474,85,1331,441,75,38,0.7311,0,-1,-1
1474,81,10,560,144,61,0.7635,2,-1,-1
1474,94,10,489,74,28,0.6619,2,-1,-1
1474,68,86,520,127,60,0.7491,2,-1,-1
1474,70,862,687,88,86,0.6637,0,-1,-1
1474,76,589,351,58,30,0.6298,0,-1,-1
1474,59,1646,369,49,26,0.6077,0,-1,-1
1474,96,841,409,63,32,0.6002,0,-1,-1
1475,58,487,691,174,93,0.8344,0,-1,-1
1475,60,1399,616,168,75,0.8408,0,-1,-1
1475,62,37,751,178,100,0.8387,0,-1,-1
1475,63,1062,594,161,81,0.7827,0,-1,-1
1475,64,665,595,164,60,0.7813,0,-1,-1
1475,65,1096,475,84,42,0.7417,0,-1,-1
1475,67,1795,330,48,25,0.7372,0,-1,-1
1475,69,886,467,86,42,0.7578,0,-1,-1
1475,71,447,522,136,59,0.6960,0,-1,-1
1475,66,796,494,102,45,0.7122,0,-1,-1
1475,85,1331,441,75,38,0.7326,0,-1,-1
1475,81,9,560,145,61,0.7677,2,-1,-1
1475,94,10,489,74,29,0.6496,2,-1,-1
1475,68,86,520,127,60,0.7606,2,-1,-1
1475,70,862,688,87,84,0.6514,0,-1,-1
1475,76,589,352,58,29,0.6243,0,-1,-1
1475,95,409,372,63,35,0.6002,0,-1,-1
1476,58,485,691,175,93,0.8397,0,-1,-1
1476,60,1399,616,168,75,0.8387,0,-1,-1
1476,62,37,750,178,100,0.8278,0,-1,-1
1476,63,1063,594,161,79,0.7853,0,-1,-1
1476,64,664,595,164,60,0.7718,0,-1,-1
1476,65,1097,475,84,42,0.7506,0,-1,-1
1476,67,1796,330,48,24,0.7387,0,-1,-1
1476,69,886,466,87,42,0.7635,0,-1,-1
1476,71,448,521,136,61,0.7341,0,-1,-1
1476,66,798,492,100,46,0.7432,0,-1,-1
1476,85,1331,441,76,38,0.7138,0,-1,-1
1476,81,10,563,147,57,0.7759,2,-1,-1
1476,94,11,489,72,29,0.6388,2,-1,-1
1476,68,79,519,135,62,0.7295,2,-1,-1
1476,76,590,352,58,30,0.6077,0,-1,-1
1476,95,410,372,63,34,0.6151,0,-1,-1
1476,61,166,851,239,139,0.6225,0,-1,-1
1477,58,483,690,178,95,0.8376,0,-1,-1
1477,60,1399,616,168,75,0.8333,0,-1,-1
1477,62,36,751,178,99,0.8056,0,-1,-1
1477,63,1063,594,161,79,0.7773,0,-1,-1
1477,64,664,595,164,60,0.7773,0,-1,-1
1477,65,1098,475,84,42,0.7476,0,-1,-1
1477,67,1798,330,48,24,0.7402,0,-1,-1
1477,69,887,466,85,42,0.7578,0,-1,-1
1477,71,450,522,134,59,0.7476,0,-1,-1
1477,66,798,491,99,47,0.7649,0,-1,-1
1477,85,1332,441,76,38,0.7122,0,-1,-1
1477,81,11,565,147,55,0.7705,2,-1,-1
1477,94,11,489,72,29,0.6225,2,-1,-1
1477,68,77,518,136,64,0.7491,2,-1,-1
1477,76,591,351,58,30,0.6637,0,-1,-1
1478,58,481,689,180,97,0.8333,0,-1,-1
1478,60,1399,616,168,75,0.8333,0,-1,-1
1478,62,35,751,180,99,0.7387,0,-1,-1
1478,63,1063,594,162,79,0.7813,0,-1,-1
1478,64,664,595,163,60,0.7773,0,-1,-1
1478,65,1098,475,84,42,0.7491,0,-1,-1
1478,67,1798,330,48,24,0.7549,0,-1,-1
1478,69,887,465,86,43,0.7564,0,-1,-1
1478,71,450,521,134,59,0.7417,0,-1,-1
1478,66,798,490,99,48,0.7606,0,-1,-1
1478,85,1333,441,75,39,0.7170,0,-1,-1
1478,81,11,565,148,55,0.7773,2,-1,-1
1478,94,12,489,71,29,0.6114,2,-1,-1
1478,68,76,518,138,64,0.7461,2,-1,-1
1478,76,591,351,59,30,0.6740,0,-1,-1
1479,58,481,689,179,97,0.8344,0,-1,-1
1479,60,1400,616,167,74,0.8344,0,-1,-1
1479,62,35,750,179,99,0.7705,0,-1,-1
1479,63,1065,596,159,76,0.7892,0,-1,-1
1479,64,664,595,163,58,0.7840,0,-1,-1
1479,65,1098,475,83,42,0.7476,0,-1,-1
1479,67,1798,330,50,24,0.7578,0,-1,-1
1479,69,888,465,85,43,0.7432,0,-1,-1
1479,71,451,520,132,60,0.7402,0,-1,-1
1479,66,798,490,99,48,0.7621,0,-1,-1
1479,85,1333,441,75,39,0.7154,0,-1,-1
1479,81,12,565,149,56,0.7840,2,-1,-1
1479,68,83,518,130,64,0.7606,2,-1,-1
1479,76,592,350,58,32,0.6406,0,-1,-1
1479,79,828,548,146,46,0.6225,2,-1,-1
1479,61,162,849,242,140,0.6442,0,-1,-1
1480,58,482,688,178,97,0.8355,0,-1,-1
1480,60,1400,615,168,75,0.8322,0,-1,-1
1480,62,35,749,180,98,0.8117,0,-1,-1
1480,63,1064,595,160,78,0.7773,0,-1,-1
1480,64,665,595,162,58,0.7853,0,-1,-1
1480,65,1099,475,83,43,0.7506,0,-1,-1
1480,67,1799,330,50,24,0.7866,0,-1,-1
1480,69,888,465,86,43,0.7295,0,-1,-1
1480,71,452,520,131,60,0.7447,0,-1,-1
1480,66,798,490,99,48,0.7759,0,-1,-1
1480,85,1335,441,73,39,0.6993,0,-1,-1
1480,81,13,563,148,59,0.7969,2,-1,-1
1480,68,87,518,127,64,0.7491,2,-1,-1
1480,76,593,351,57,31,0.6132,0,-1,-1
1480,79,827,548,148,46,0.6316,2,-1,-1
1481,58,481,688,179,97,0.8387,0,-1,-1
1481,60,1400,615,169,75,0.8344,0,-1,-1
1481,62,35,748,180,99,0.8044,0,-1,-1
1481,63,1063,594,162,80,0.7773,0,-1,-1
1481,64,665,594,162,59,0.7853,0,-1,-1
1481,65,1099,475,83,43,0.7535,0,-1,-1
1481,67,1799,329,50,25,0.7813,0,-1,-1
1481,69,888,466,86,43,0.7311,0,-1,-1
1481,71,452,520,132,60,0.7432,0,-1,-1
1481,66,798,490,98,48,0.7718,0,-1,-1
1481,85,1336,441,72,39,0.6910,0,-1,-1
1481,81,13,563,148,59,0.7982,2,-1,-1
1481,68,86,517,128,64,0.7233,2,-1,-1
1481,76,594,351,57,31,0.6206,0,-1,-1
1481,79,827,548,148,46,0.6316,2,-1,-1
1482,58,482,689,177,95,0.8408,0,-1,-1
1482,60,1400,615,167,74,0.8366,0,-1,-1
1482,62,36,748,179,101,0.8267,0,-1,-1
1482,63,1063,594,162,82,0.7827,0,-1,-1
1482,64,664,595,162,57,0.7969,0,-1,-1
1482,65,1099,475,83,42,0.7606,0,-1,-1
1482,67,1800,330,52,24,0.7866,0,-1,-1
1482,69,888,467,87,42,0.7202,0,-1,-1
1482,71,452,521,132,59,0.7417,0,-1,-1
1482,66,799,490,97,48,0.7663,0,-1,-1
1482,85,1336,441,74,38,0.6809,0,-1,-1
1482,81,13,562,149,60,0.7944,2,-1,-1
1482,68,85,518,130,63,0.7417,2,-1,-1
1482,76,595,351,56,31,0.6442,0,-1,-1
1482,79,828,548,147,46,0.6460,2,-1,-1
1482,94,14,489,71,28,0.6132,2,-1,-1
1483,58,482,689,178,94,0.8376,0,-1,-1
1483,60,1401,615,166,74,0.8344,0,-1,-1
1483,62,36,747,180,101,0.8117,0,-1,-1
1483,63,1062,594,164,82,0.7746,0,-1,-1
1483,64,664,594,163,58,0.7982,0,-1,-1
1483,65,1099,475,84,42,0.7578,0,-1,-1
1483,67,1801,330,51,24,0.7691,0,-1,-1
1483,69,888,468,87,41,0.7138,0,-1,-1
1483,71,452,522,132,59,0.7387,0,-1,-1
1483,66,798,490,99,48,0.7491,0,-1,-1
1483,85,1338,441,74,38,0.6654,0,-1,-1
1483,81,13,561,149,60,0.7892,2,-1,-1
1483,68,89,519,126,61,0.6943,2,-1,-1
1483,76,595,351,57,31,0.6442,0,-1,-1
1483,99,52,436,100,46,0.6334,0,-1,-1
1483,70,859,687,90,84,0.6021,0,-1,-1
1484,58,483,689,176,94,0.8429,0,-1,-1
1484,60,1401,615,166,74,0.8429,0,-1,-1
1484,62,37,747,178,101,0.8210,0,-1,-1
1484,63,1062,595,164,81,0.7746,0,-1,-1
1484,64,664,593,162,58,0.7931,0,-1,-1
1484,65,1099,475,84,42,0.7578,0,-1,-1
1484,67,1801,330,51,24,0.7746,0,-1,-1
1484,69,888,468,87,41,0.7202,0,-1,-1
1484,71,452,522,132,58,0.7402,0,-1,-1
1484,66,799,490,98,48,0.7447,0,-1,-1
1484,85,1338,441,74,38,0.6602,0,-1,-1
1484,81,13,561,149,59,0.7564,2,-1,-1
1484,68,91,520,123,60,0.6723,2,-1,-1
1484,76,596,351,56,31,0.6370,0,-1,-1
1484,99,52,435,100,47,0.6758,0,-1,-1
1484,70,859,685,90,86,0.6478,0,-1,-1
1485,58,482,688,177,94,0.8344,0,-1,-1
1485,60,1402,616,165,73,0.8408,0,-1,-1
1485,62,37,747,178,101,0.8081,0,-1,-1
1485,63,1061,596,165,79,0.7732,0,-1,-1
1485,64,664,593,163,58,0.7879,0,-1,-1
1485,65,1099,475,84,42,0.7535,0,-1,-1
1485,67,1802,330,52,24,0.7691,0,-1,-1
1485,69,887,466,88,43,0.7217,0,-1,-1
1485,71,452,522,133,57,0.7476,0,-1,-1
1485,66,799,490,99,48,0.7295,0,-1,-1
1485,85,1338,441,74,38,0.6689,0,-1,-1
1485,81,13,560,151,59,0.7840,2,-1,-1
1485,68,93,520,122,60,0.7295,2,-1,-1
1485,76,597,351,55,31,0.6442,0,-1,-1
1485,79,828,547,147,48,0.6206,2,-1,-1
1485,94,15,488,72,28,0.6243,2,-1,-1
1486,58,483,687,177,96,0.8300,0,-1,-1
1486,60,1402,617,164,72,0.8459,0,-1,-1
1486,62,36,748,179,100,0.7879,0,-1,-1
1486,63,1062,597,164,79,0.7786,0,-1,-1
1486,64,664,592,163,59,0.7813,0,-1,-1
1486,65,1098,475,84,42,0.7506,0,-1,-1
1486,67,1804,330,51,25,0.7549,0,-1,-1
1486,69,888,466,87,43,0.7217,0,-1,-1
1486,71,452,522,133,57,0.7461,0,-1,-1
1486,66,799,488,100,49,0.7520,0,-1,-1
1486,85,1338,441,74,38,0.6706,0,-1,-1
1486,81,14,559,150,60,0.7840,2,-1,-1
1486,68,96,520,118,60,0.7535,2,-1,-1
1486,76,598,350,54,31,0.6206,0,-1,-1
1486,79,827,546,148,48,0.6619,2,-1,-1
1486,94,16,488,72,27,0.6370,2,-1,-1
1487,58,483,687,177,96,0.8300,0,-1,-1
1487,60,1402,618,165,71,0.8470,0,-1,-1
1487,62,36,747,179,101,0.7732,0,-1,-1
1487,63,1062,598,164,78,0.7786,0,-1,-1
1487,64,664,592,163,59,0.7840,0,-1,-1
1487,65,1099,475,84,42,0.7520,0,-1,-1
1487,67,1804,331,51,24,0.7592,0,-1,-1
1487,69,888,465,87,44,0.7138,0,-1,-1
1487,71,452,522,133,57,0.7461,0,-1,-1
1487,66,798,488,101,49,0.7461,0,-1,-1
1487,85,1338,441,74,38,0.6809,0,-1,-1
1487,81,15,559,149,60,0.7827,2,-1,-1
1487,68,96,520,118,61,0.7520,2,-1,-1
1487,76,598,350,54,31,0.6151,0,-1,-1
1487,79,827,545,147,49,0.6689,2,-1,-1
1487,94,16,488,72,27,0.6671,2,-1,-1
1487,61,160,852,237,128,0.6298,0,-1,-1
1488,58,481,686,180,97,0.8278,0,-1,-1
1488,60,1401,618,165,71,0.8408,0,-1,-1
1488,62,35,746,181,103,0.7746,0,-1,-1
1488,63,1063,597,163,78,0.7746,0,-1,-1
1488,64,664,593,163,58,0.7879,0,-1,-1
1488,65,1099,475,84,42,0.7476,0,-1,-1
1488,67,1805,330,50,25,0.7732,0,-1,-1
1488,69,889,466,87,43,0.7186,0,-1,-1
1488,71,452,522,134,56,0.7432,0,-1,-1
1488,66,799,488,101,49,0.7663,0,-1,-1
1488,85,1340,440,73,39,0.6654,0,-1,-1
1488,81,15,556,148,62,0.7786,2,-1,-1
1488,68,98,520,116,60,0.7691,2,-1,-1
1488,76,598,350,54,31,0.6478,0,-1,-1
1488,79,826,543,148,52,0.7417,2,-1,-1
1488,94,17,487,73,28,0.6943,2,-1,-1
1488,61,160,850,237,132,0.6602,0,-1,-1
1489,58,481,685,180,99,0.8311,0,-1,-1
1489,60,1401,618,164,71,0.8376,0,-1,-1
1489,62,34,746,181,103,0.7800,0,-1,-1
1489,63,1062,596,164,80,0.7786,0,-1,-1
1489,64,664,592,163,59,0.7840,0,-1,-1
1489,65,1099,475,84,41,0.7520,0,-1,-1
1489,67,1806,331,49,24,0.7578,0,-1,-1
1489,69,889,466,87,42,0.7186,0,-1,-1
1489,71,452,522,133,55,0.7432,0,-1,-1
1489,66,800,488,99,49,0.7476,0,-1,-1
1489,85,1340,441,73,38,0.6549,0,-1,-1
1489,81,15,555,148,63,0.7813,2,-1,-1
1489,68,99,520,115,60,0.7732,2,-1,-1
1489,76,599,350,54,31,0.6206,0,-1,-1
1489,79,825,541,147,53,0.7387,2,-1,-1
1489,94,17,486,74,29,0.7042,2,-1,-1
1489,61,158,851,239,128,0.7813,0,-1,-1
1490,58,480,685,181,99,0.8333,0,-1,-1
1490,60,1401,618,164,71,0.8387,0,-1,-1
1490,62,33,745,182,105,0.7813,0,-1,-1
1490,63,1062,596,164,80,0.7759,0,-1,-1
1490,64,664,593,163,58,0.7866,0,-1,-1
1490,65,1098,474,86,42,0.7535,0,-1,-1
1490,67,1808,331,49,24,0.7535,0,-1,-1
1490,69,889,465,87,44,0.7170,0,-1,-1
1490,71,453,522,132,55,0.7432,0,-1,-1
1490,66,800,488,100,49,0.7535,0,-1,-1
1490,85,1340,441,73,38,0.6602,0,-1,-1
1490,81,15,556,148,62,0.7786,2,-1,-1
1490,68,100,519,114,62,0.7718,2,-1,-1
1490,76,599,350,54,31,0.6243,0,-1,-1
1490,79,824,540,149,55,0.7578,2,-1,-1
1490,94,17,486,75,29,0.7122,2,-1,-1
1490,61,157,851,239,127,0.7853,0,-1,-1
1490,59,1655,368,49,28,0.6132,0,-1,-1
1491,58,480,686,181,97,0.8322,0,-1,-1
1491,60,1402,618,162,71,0.8408,0,-1,-1
1491,62,33,745,180,104,0.7326,0,-1,-1
1491,63,1061,596,163,80,0.7705,0,-1,-1
1491,64,664,592,163,59,0.7813,0,-1,-1
1491,65,1098,474,86,42,0.7549,0,-1,-1
1491,67,1809,330,48,25,0.7592,0,-1,-1
1491,69,889,465,87,44,0.7295,0,-1,-1
1491,71,452,521,132,56,0.7402,0,-1,-1
1491,66,801,488,101,49,0.7549,0,-1,-1
1491,85,1340,441,75,38,0.6316,0,-1,-1
1491,81,15,556,149,61,0.7549,2,-1,-1
1491,68,100,519,116,62,0.7417,2,-1,-1
1491,76,600,350,54,31,0.6225,0,-1,-1
1491,79,824,539,148,57,0.7535,2,-1,-1
1491,94,18,485,74,31,0.7042,2,-1,-1
1491,61,157,848,241,131,0.6993,0,-1,-1
1491,59,1657,369,50,27,0.6637,0,-1,-1
1491,84,1348,403,75,34,0.6206,0,-1,-1
1491,70,856,685,91,87,0.7476,0,-1,-1
1492,58,479,687,180,96,0.8355,0,-1,-1
1492,60,1402,619,162,70,0.8344,0,-1,-1
1492,62,32,745,180,105,0.7058,0,-1,-1
1492,63,1061,597,162,78,0.7677,0,-1,-1
1492,64,663,593,164,58,0.7759,0,-1,-1
1492,65,1099,474,85,42,0.7578,0,-1,-1
1492,67,1810,330,48,25,0.7606,0,-1,-1
1492,69,889,465,87,44,0.7249,0,-1,-1
1492,71,451,522,133,56,0.7432,0,-1,-1
1492,66,801,488,101,49,0.7649,0,-1,-1
1492,85,1340,442,76,36,0.6280,0,-1,-1
1492,81,15,556,149,61,0.7417,2,-1,-1
1492,68,100,519,117,62,0.7402,2,-1,-1
1492,76,601,350,54,31,0.6334,0,-1,-1
1492,79,824,539,149,57,0.7356,2,-1,-1
1492,94,18,485,75,31,0.7009,2,-1,-1
1492,61,156,848,242,132,0.6893,0,-1,-1
1492,59,1657,368,51,28,0.6442,0,-1,-1
1492,70,856,685,91,89,0.7432,0,-1,-1
1493,58,479,687,179,96,0.8355,0,-1,-1
1493,60,1402,618,162,71,0.8355,0,-1,-1
1493,62,32,745,180,105,0.6496,0,-1,-1
1493,63,1059,597,164,77,0.7621,0,-1,-1
1493,64,663,593,163,58,0.7677,0,-1,-1
1493,65,1100,475,84,41,0.7535,0,-1,-1
1493,67,1810,330,48,25,0.7578,0,-1,-1
1493,69,889,465,87,44,0.7280,0,-1,-1
1493,71,451,522,133,56,0.7372,0,-1,-1
1493,66,801,488,102,49,0.7705,0,-1,-1
1493,85,1340,442,77,36,0.6151,0,-1,-1
1493,81,15,556,149,60,0.7372,2,-1,-1
1493,68,99,520,119,60,0.7387,2,-1,-1
1493,76,600,350,56,31,0.6460,0,-1,-1
1493,79,824,539,149,57,0.7417,2,-1,-1
1493,94,18,485,76,32,0.7009,2,-1,-1
1493,61,154,848,243,132,0.7606,0,-1,-1
1493,59,1657,368,52,29,0.6370,0,-1,-1
1493,70,856,685,90,89,0.7074,0,-1,-1
1494,58,480,688,176,95,0.8355,0,-1,-1
1494,60,1402,619,162,69,0.8470,0,-1,-1
1494,62,32,745,179,104,0.7520,0,-1,-1
1494,63,1059,597,164,78,0.7649,0,-1,-1
1494,64,662,593,164,58,0.7746,0,-1,-1
1494,65,1099,474,85,42,0.7592,0,-1,-1
1494,67,1811,331,48,24,0.7264,0,-1,-1
1494,69,890,464,85,45,0.7356,0,-1,-1
1494,71,451,521,134,57,0.7326,0,-1,-1
1494,66,801,489,102,47,0.7635,0,-1,-1
1494,85,1340,442,77,37,0.6151,0,-1,-1
1494,81,15,555,149,60,0.7154,2,-1,-1
1494,68,99,520,119,60,0.7461,2,-1,-1
1494,76,601,350,56,32,0.6388,0,-1,-1
1494,79,824,540,149,56,0.7154,2,-1,-1
1494,94,18,485,77,31,0.7138,2,-1,-1
1494,61,154,851,242,128,0.7866,0,-1,-1
1495,58,480,687,177,95,0.8355,0,-1,-1
1495,60,1402,618,162,71,0.8449,0,-1,-1
1495,62,31,745,181,103,0.6993,0,-1,-1
1495,63,1058,595,166,81,0.7535,0,-1,-1
1495,64,661,593,164,58,0.7866,0,-1,-1
1495,65,1099,475,85,41,0.7606,0,-1,-1
1495,67,1812,330,48,25,0.7417,0,-1,-1
1495,69,890,464,86,45,0.7295,0,-1,-1
1495,71,451,521,135,57,0.7417,0,-1,-1
1495,66,801,489,102,47,0.7663,0,-1,-1
1495,85,1340,442,77,38,0.6261,0,-1,-1
1495,81,16,555,147,61,0.7417,2,-1,-1
1495,68,99,519,120,60,0.7520,2,-1,-1
1495,76,601,350,57,32,0.6388,0,-1,-1
1495,79,823,540,150,56,0.7042,2,-1,-1
1495,94,19,485,76,32,0.7138,2,-1,-1
1495,61,154,852,241,126,0.8032,0,-1,-1
1496,58,480,686,177,96,0.8344,0,-1,-1
1496,60,1402,617,162,73,0.8470,0,-1,-1
1496,62,31,746,182,103,0.6860,0,-1,-1
1496,63,1057,596,167,79,0.7564,0,-1,-1
1496,64,661,593,164,58,0.7827,0,-1,-1
1496,65,1099,475,84,42,0.7635,0,-1,-1
1496,67,1812,330,47,25,0.7461,0,-1,-1
1496,69,889,464,87,45,0.7280,0,-1,-1
1496,71,451,521,135,57,0.7506,0,-1,-1
1496,66,801,489,103,47,0.7691,0,-1,-1
1496,85,1340,442,77,39,0.6352,0,-1,-1
1496,81,16,555,147,61,0.7138,2,-1,-1
1496,68,99,519,120,60,0.7535,2,-1,-1
1496,76,602,351,56,31,0.6206,0,-1,-1
1496,79,823,540,150,56,0.7154,2,-1,-1
1496,94,19,485,76,31,0.7122,2,-1,-1
1496,61,154,852,241,126,0.8044,0,-1,-1
1497,58,479,685,179,96,0.8376,0,-1,-1
1497,60,1400,618,164,72,0.8480,0,-1,-1
1497,62,30,745,183,104,0.6843,0,-1,-1
1497,63,1057,595,166,81,0.7491,0,-1,-1
1497,64,660,593,164,58,0.7813,0,-1,-1
1497,65,1099,475,84,42,0.7718,0,-1,-1
1497,67,1814,330,48,25,0.7387,0,-1,-1
1497,69,889,463,87,45,0.7233,0,-1,-1
1497,71,451,521,135,57,0.7592,0,-1,-1
1497,66,801,489,105,47,0.7705,0,-1,-1
1497,85,1341,442,77,39,0.6352,0,-1,-1
1497,81,16,557,147,59,0.7122,2,-1,-1
1497,68,99,520,121,61,0.7549,2,-1,-1
1497,76,603,351,55,31,0.6039,0,-1,-1
1497,79,824,540,149,56,0.7009,2,-1,-1
1497,94,20,486,76,30,0.6860,2,-1,-1
1497,61,154,853,240,123,0.8081,0,-1,-1
1497,99,58,434,102,47,0.6926,0,-1,-1
1497,59,1660,369,51,29,0.6496,0,-1,-1
1498,58,479,685,180,96,0.8355,0,-1,-1
1498,60,1400,619,164,71,0.8387,0,-1,-1
1498,62,30,743,183,105,0.6352,0,-1,-1
1498,63,1057,595,166,81,0.7387,0,-1,-1
1498,64,661,593,163,58,0.7786,0,-1,-1
1498,65,1100,475,84,42,0.7705,0,-1,-1
1498,67,1815,331,47,24,0.7476,0,-1,-1
1498,69,890,464,86,45,0.7217,0,-1,-1
1498,71,451,521,135,57,0.7506,0,-1,-1
1498,66,801,489,105,47,0.7759,0,-1,-1
1498,85,1341,442,77,39,0.6370,0,-1,-1
1498,81,16,557,148,61,0.7356,2,-1,-1
1498,68,97,519,123,62,0.7549,2,-1,-1
1498,79,824,540,149,56,0.7025,2,-1,-1
1498,94,22,486,73,30,0.6637,2,-1,-1
1498,61,154,852,240,123,0.8129,0,-1,-1
1498,99,59,434,102,47,0.6843,0,-1,-1
1499,58,479,685,180,96,0.8311,0,-1,-1
1499,60,1400,618,164,71,0.8344,0,-1,-1
1499,62,29,743,184,105,0.7074,0,-1,-1
1499,63,1058,595,166,80,0.7506,0,-1,-1
1499,64,661,593,163,58,0.7800,0,-1,-1
1499,65,1101,475,83,42,0.7691,0,-1,-1
1499,67,1816,330,46,26,0.7578,0,-1,-1
1499,69,890,465,86,44,0.7202,0,-1,-1
1499,71,452,521,134,57,0.7606,0,-1,-1
1499,66,801,489,105,47,0.7800,0,-1,-1
1499,85,1342,442,76,39,0.6316,0,-1,-1
1499,81,16,557,149,62,0.7387,2,-1,-1
1499,68,96,520,124,62,0.7578,2,-1,-1
1499,79,824,540,148,56,0.6809,2,-1,-1
1499,94,22,485,73,31,0.6758,2,-1,-1
1499,61,154,851,241,124,0.7649,0,-1,-1
1499,99,60,434,101,47,0.7042,0,-1,-1
1499,70,853,684,93,89,0.7170,0,-1,-1
1500,58,479,684,180,98,0.8300,0,-1,-1
1500,60,1401,618,164,71,0.8289,0,-1,-1
1500,62,30,742,183,106,0.7154,0,-1,-1
1500,63,1057,595,168,80,0.7341,0,-1,-1
1500,64,661,593,163,58,0.7691,0,-1,-1
1500,65,1101,475,83,42,0.7621,0,-1,-1
1500,67,1816,330,48,26,0.7663,0,-1,-1
1500,69,891,465,86,43,0.7154,0,-1,-1
1500,71,453,520,133,57,0.7387,0,-1,-1
1500,66,801,489,107,47,0.7827,0,-1,-1
1500,85,1342,442,76,39,0.6637,0,-1,-1
1500,81,16,556,150,65,0.7506,2,-1,-1
1500,68,96,521,124,61,0.7535,2,-1,-1
1500,79,824,540,148,56,0.6706,2,-1,-1
1500,94,24,485,73,31,0.6261,2,-1,-1
1500,61,154,850,240,126,0.7295,0,-1,-1
1500,99,60,434,102,47,0.6826,0,-1,-1
1500,70,853,685,93,88,0.7202,0,-1,-1
1500,59,1663,369,51,29,0.6095,0,-1,-1
1501,58,479,684,179,98,0.8344,0,-1,-1
1501,60,1401,619,164,70,0.8322,0,-1,-1
1501,62,30,741,183,107,0.6792,0,-1,-1
1501,63,1058,595,166,79,0.7402,0,-1,-1
1501,64,661,593,163,58,0.7786,0,-1,-1
1501,65,1101,475,83,42,0.7663,0,-1,-1
1501,67,1817,330,48,26,0.7705,0,-1,-1
1501,69,891,466,86,42,0.7202,0,-1,-1
1501,71,452,520,133,57,0.7122,0,-1,-1
1501,66,801,488,107,48,0.7773,0,-1,-1
1501,85,1343,442,75,39,0.6637,0,-1,-1
1501,81,16,557,150,64,0.7621,2,-1,-1
1501,68,94,520,127,62,0.7491,2,-1,-1
1501,79,825,541,148,55,0.6077,2,-1,-1
1501,94,24,484,74,33,0.6654,2,-1,-1
1501,61,151,850,242,128,0.7840,0,-1,-1
1501,70,852,684,93,90,0.7592,0,-1,-1
1502,58,479,684,178,98,0.8333,0,-1,-1
1502,60,1402,619,163,69,0.8355,0,-1,-1
1502,62,30,741,183,107,0.6843,0,-1,-1
1502,63,1058,595,166,78,0.7341,0,-1,-1
1502,64,662,593,162,58,0.7786,0,-1,-1
1502,65,1101,475,83,42,0.7663,0,-1,-1
1502,67,1818,330,48,26,0.7746,0,-1,-1
1502,69,891,466,86,42,0.7170,0,-1,-1
1502,71,453,520,132,57,0.7186,0,-1,-1
1502,66,801,488,107,49,0.7786,0,-1,-1
1502,85,1343,442,76,39,0.6671,0,-1,-1
1502,81,16,556,151,66,0.7663,2,-1,-1
1502,68,93,520,129,62,0.7520,2,-1,-1
1502,79,825,542,148,54,0.6334,2,-1,-1
1502,94,25,485,73,31,0.6876,2,-1,-1
1502,61,150,849,242,129,0.7969,0,-1,-1
1502,70,851,685,94,89,0.7372,0,-1,-1
1503,58,478,684,178,98,0.8322,0,-1,-1
1503,60,1402,619,165,70,0.8300,0,-1,-1
1503,63,1058,596,166,78,0.7461,0,-1,-1
1503,64,662,594,162,56,0.7840,0,-1,-1
1503,65,1101,475,83,42,0.7606,0,-1,-1
1503,67,1819,330,48,26,0.7773,0,-1,-1
1503,69,892,466,86,42,0.7106,0,-1,-1
1503,71,452,520,134,57,0.7090,0,-1,-1
1503,66,801,488,109,48,0.7931,0,-1,-1
1503,85,1343,443,76,39,0.6740,0,-1,-1
1503,81,17,557,150,64,0.7417,2,-1,-1
1503,68,94,520,128,61,0.7535,2,-1,-1
1503,79,825,541,147,53,0.7326,2,-1,-1
1503,94,26,484,73,33,0.7326,2,-1,-1
1503,61,150,848,239,129,0.7786,0,-1,-1
1504,58,477,684,179,98,0.8333,0,-1,-1
1504,60,1401,619,165,70,0.8366,0,-1,-1
1504,63,1057,595,168,80,0.7564,0,-1,-1
1504,64,662,592,161,58,0.7800,0,-1,-1
1504,65,1102,475,82,42,0.7564,0,-1,-1
1504,67,1820,330,48,26,0.7773,0,-1,-1
1504,69,893,467,84,42,0.6926,0,-1,-1
1504,71,453,520,133,57,0.7122,0,-1,-1
1504,66,801,489,108,47,0.7892,0,-1,-1
1504,85,1344,442,76,39,0.6706,0,-1,-1
1504,81,17,557,149,62,0.7295,2,-1,-1
1504,68,94,520,127,60,0.7372,2,-1,-1
1504,79,824,540,148,53,0.7326,2,-1,-1
1504,94,27,484,72,33,0.7249,2,-1,-1
1504,61,150,848,238,128,0.7705,0,-1,-1
1504,62,29,737,181,108,0.6775,0,-1,-1
1504,70,849,683,97,89,0.7170,0,-1,-1
1505,58,477,684,179,97,0.8311,0,-1,-1
1505,60,1401,618,165,71,0.8366,0,-1,-1
1505,63,1057,595,168,81,0.7564,0,-1,-1
1505,64,662,592,161,57,0.7746,0,-1,-1
1505,65,1102,475,83,42,0.7535,0,-1,-1
1505,67,1820,330,49,26,0.7773,0,-1,-1
1505,69,894,468,83,41,0.6926,0,-1,-1
1505,71,453,520,132,56,0.6926,0,-1,-1
1505,66,801,488,108,49,0.7944,0,-1,-1
1505,85,1344,442,76,39,0.6689,0,-1,-1
1505,81,17,555,149,63,0.7280,2,-1,-1
1505,68,96,520,125,60,0.7202,2,-1,-1
1505,79,825,540,148,55,0.7356,2,-1,-1
1505,94,28,484,72,33,0.7009,2,-1,-1
1505,61,150,848,238,127,0.7461,0,-1,-1
1505,62,30,739,181,106,0.7009,0,-1,-1
1505,70,848,682,98,91,0.7461,0,-1,-1
1506,58,477,685,178,96,0.8267,0,-1,-1
1506,60,1401,618,166,71,0.8199,0,-1,-1
1506,63,1058,596,166,78,0.7402,0,-1,-1
1506,64,662,592,159,57,0.7649,0,-1,-1
1506,65,1102,475,83,41,0.7549,0,-1,-1
1506,67,1822,330,48,26,0.7773,0,-1,-1
1506,69,894,467,84,42,0.6843,0,-1,-1
1506,71,452,520,133,55,0.6352,0,-1,-1
1506,66,801,488,108,49,0.7982,0,-1,-1
1506,85,1344,442,77,39,0.6316,0,-1,-1
1506,81,18,554,149,63,0.7138,2,-1,-1
1506,68,98,521,123,58,0.7090,2,-1,-1
1506,79,826,541,147,54,0.7295,2,-1,-1
1506,94,28,483,72,33,0.6740,2,-1,-1
1506,61,148,849,239,127,0.7170,0,-1,-1
1506,62,29,739,180,107,0.7217,0,-1,-1
1506,70,849,683,95,88,0.7520,0,-1,-1
1506,99,65,431,99,50,0.6021,2,-1,-1
1507,58,477,685,176,95,0.8344,0,-1,-1
1507,60,1400,618,167,72,0.8233,0,-1,-1
1507,63,1057,596,167,78,0.7402,0,-1,-1
1507,64,662,592,159,58,0.7578,0,-1,-1
1507,65,1102,474,83,42,0.7549,0,-1,-1
1507,67,1823,330,49,26,0.7827,0,-1,-1
1507,69,892,466,85,43,0.6910,0,-1,-1
1507,71,451,520,136,56,0.6114,0,-1,-1
1507,66,801,488,107,49,0.7982,0,-1,-1
1507,85,1344,442,77,39,0.6316,0,-1,-1
1507,81,18,551,149,65,0.6298,2,-1,-1
1507,68,100,521,121,58,0.6926,2,-1,-1
1507,79,826,540,147,56,0.7663,2,-1,-1
1507,94,28,484,73,32,0.6514,2,-1,-1
1507,61,147,849,238,127,0.7154,0,-1,-1
1507,62,29,739,179,107,0.7090,0,-1,-1
1507,70,849,683,95,88,0.7718,0,-1,-1
1508,58,477,685,175,94,0.8366,0,-1,-1
1508,60,1400,617,167,74,0.8176,0,-1,-1
1508,63,1058,596,165,78,0.7280,0,-1,-1
1508,64,661,592,160,58,0.7677,0,-1,-1
1508,65,1102,474,83,42,0.7549,0,-1,-1
1508,67,1823,330,49,26,0.7800,0,-1,-1
1508,69,892,465,85,44,0.6993,0,-1,-1
1508,71,451,520,136,57,0.6352,0,-1,-1
1508,66,801,488,107,49,0.7994,0,-1,-1
1508,85,1345,442,77,40,0.6334,0,-1,-1
1508,68,101,521,120,58,0.6976,2,-1,-1
1508,79,826,540,147,56,0.7476,2,-1,-1
1508,61,147,850,238,126,0.7372,0,-1,-1
1508,62,28,739,181,106,0.7042,0,-1,-1
1508,70,849,684,95,85,0.7233,0,-1,-1
1508,100,1601,307,31,18,0.6316,0,-1,-1
1509,58,478,686,174,94,0.8376,0,-1,-1
1509,60,1399,617,168,75,0.8210,0,-1,-1
1509,63,1059,597,163,76,0.7417,0,-1,-1
1509,64,661,591,160,59,0.7705,0,-1,-1
1509,65,1103,474,82,42,0.7520,0,-1,-1
1509,67,1823,330,50,26,0.7732,0,-1,-1
1509,69,893,465,85,44,0.7042,0,-1,-1
1509,71,452,519,135,57,0.6151,0,-1,-1
1509,66,802,488,104,49,0.7969,0,-1,-1
1509,85,1345,443,77,39,0.6602,0,-1,-1
1509,68,101,520,121,60,0.6169,2,-1,-1
1509,79,826,540,147,56,0.7520,2,-1,-1
1509,61,145,849,239,128,0.7264,0,-1,-1
1509,62,28,738,181,105,0.7432,0,-1,-1
1509,70,847,684,96,86,0.7432,0,-1,-1
1509,100,1601,307,31,18,0.6225,0,-1,-1
1509,94,28,482,74,34,0.6039,2,-1,-1
1510,58,478,686,174,94,0.8333,0,-1,-1
1510,60,1398,617,169,75,0.8222,0,-1,-1
1510,63,1059,598,162,75,0.7311,0,-1,-1
1510,64,661,591,160,59,0.7606,0,-1,-1
1510,65,1103,474,82,43,0.7506,0,-1,-1
1510,67,1823,329,50,28,0.7677,0,-1,-1
1510,69,893,465,85,44,0.7138,0,-1,-1
1510,66,802,488,105,49,0.7969,0,-1,-1
1510,85,1345,443,77,40,0.6775,0,-1,-1
1510,68,101,520,121,60,0.6388,2,-1,-1
1510,79,826,540,147,56,0.7520,2,-1,-1
1510,61,143,851,241,127,0.7090,0,-1,-1
1510,62,28,737,181,105,0.7009,0,-1,-1
1510,70,845,684,98,85,0.7009,0,-1,-1
1510,94,28,482,74,34,0.6478,2,-1,-1
1511,58,479,685,174,95,0.8333,0,-1,-1
1511,60,1398,618,168,74,0.8199,0,-1,-1
1511,63,1058,598,163,75,0.7249,0,-1,-1
1511,64,660,591,161,59,0.7592,0,-1,-1
1511,65,1103,475,82,42,0.7535,0,-1,-1
1511,67,1824,329,50,28,0.7606,0,-1,-1
1511,69,893,465,85,44,0.7186,0,-1,-1
1511,66,802,488,105,49,0.7957,0,-1,-1
1511,85,1345,443,78,40,0.6689,0,-1,-1
1511,68,100,520,122,60,0.6132,2,-1,-1
1511,79,826,540,147,56,0.7491,2,-1,-1
1511,61,141,850,244,129,0.7564,0,-1,-1
1511,62,28,735,180,107,0.6514,0,-1,-1
1511,70,845,684,97,85,0.7295,0,-1,-1
1511,94,28,481,74,35,0.6261,2,-1,-1
1512,58,478,686,174,94,0.8267,0,-1,-1
1512,60,1398,618,167,74,0.8245,0,-1,-1
1512,63,1059,598,161,75,0.7506,0,-1,-1
1512,64,660,591,161,59,0.7491,0,-1,-1
1512,65,1102,474,83,44,0.7578,0,-1,-1
1512,67,1824,330,52,27,0.7447,0,-1,-1
1512,69,893,465,86,44,0.7202,0,-1,-1
1512,66,802,488,105,49,0.7905,0,-1,-1
1512,85,1345,443,77,40,0.6809,0,-1,-1
1512,68,99,520,122,60,0.6058,2,-1,-1
1512,79,826,540,146,56,0.6206,2,-1,-1
1512,61,139,847,248,131,0.8093,0,-1,-1
1512,62,27,736,180,106,0.6943,0,-1,-1
1512,70,845,683,97,86,0.7154,0,-1,-1
1512,99,66,431,101,49,0.6976,0,-1,-1
1513,58,478,686,173,94,0.8222,0,-1,-1
1513,60,1398,618,166,74,0.8278,0,-1,-1
1513,63,1060,598,161,75,0.7535,0,-1,-1
1513,64,659,591,162,59,0.7491,0,-1,-1
1513,65,1102,475,84,43,0.7578,0,-1,-1
1513,67,1824,330,53,28,0.7122,0,-1,-1
1513,69,894,465,85,44,0.7170,0,-1,-1
1513,66,802,488,105,49,0.8093,0,-1,-1
1513,85,1345,443,77,40,0.6993,0,-1,-1
1513,68,99,521,122,58,0.6370,2,-1,-1
1513,61,138,845,249,131,0.7506,0,-1,-1
1513,62,26,734,182,107,0.6860,0,-1,-1
1513,70,846,683,95,86,0.6225,0,-1,-1
1513,99,67,432,101,47,0.7578,0,-1,-1
1514,58,477,686,173,94,0.8256,0,-1,-1
1514,60,1397,618,168,74,0.8278,0,-1,-1
1514,63,1061,598,161,75,0.7621,0,-1,-1
1514,64,659,591,161,58,0.7606,0,-1,-1
1514,65,1102,475,84,43,0.7621,0,-1,-1
1514,67,1824,330,53,28,0.7154,0,-1,-1
1514,69,894,465,86,44,0.7138,0,-1,-1
1514,66,803,488,104,49,0.8152,0,-1,-1
1514,85,1345,444,78,39,0.6943,0,-1,-1
1514,68,99,522,122,56,0.6567,2,-1,-1
1514,61,140,843,247,132,0.7202,0,-1,-1
1514,62,26,736,182,106,0.7635,0,-1,-1
1514,70,845,683,95,85,0.6876,0,-1,-1
1514,99,67,432,102,47,0.7649,0,-1,-1
1514,79,825,539,146,55,0.6095,2,-1,-1
1515,58,476,687,173,92,0.8256,0,-1,-1
1515,60,1398,618,167,74,0.8233,0,-1,-1
1515,63,1060,597,163,75,0.7564,0,-1,-1
1515,64,659,592,161,57,0.7592,0,-1,-1
1515,65,1102,475,84,44,0.7649,0,-1,-1
1515,67,1825,330,54,28,0.7186,0,-1,-1
1515,69,895,465,85,44,0.7090,0,-1,-1
1515,66,804,488,104,49,0.8199,0,-1,-1
1515,85,1345,443,78,40,0.6860,0,-1,-1
1515,61,142,841,244,133,0.6132,0,-1,-1
1515,62,26,735,184,107,0.7432,0,-1,-1
1515,99,67,432,102,47,0.7606,0,-1,-1
1515,79,825,540,146,55,0.6943,2,-1,-1
1515,71,458,519,130,56,0.6151,0,-1,-1
1516,58,477,686,173,92,0.8267,0,-1,-1
1516,60,1398,618,166,74,0.8233,0,-1,-1
1516,63,1060,596,164,77,0.7606,0,-1,-1
1516,64,659,592,161,57,0.7677,0,-1,-1
1516,65,1102,475,84,44,0.7705,0,-1,-1
1516,67,1826,330,54,28,0.7090,0,-1,-1
1516,69,896,467,84,42,0.7154,0,-1,-1
1516,66,804,488,104,49,0.8199,0,-1,-1
1516,85,1346,443,78,40,0.6775,0,-1,-1
1516,61,144,840,241,134,0.6442,0,-1,-1
1516,62,27,735,183,107,0.7705,0,-1,-1
1516,99,68,432,102,47,0.7249,0,-1,-1
1516,79,825,540,146,56,0.7122,2,-1,-1
1516,71,458,520,130,55,0.6893,0,-1,-1
1516,70,842,682,97,86,0.6740,0,-1,-1
1517,58,477,686,173,92,0.8233,0,-1,-1
1517,60,1399,619,165,73,0.8210,0,-1,-1
1517,63,1060,595,164,78,0.7635,0,-1,-1
1517,64,659,592,161,57,0.7677,0,-1,-1
1517,65,1102,475,84,43,0.7718,0,-1,-1
1517,67,1827,330,54,28,0.7074,0,-1,-1
1517,69,897,468,83,41,0.7202,0,-1,-1
1517,66,804,488,104,49,0.8187,0,-1,-1
1517,85,1346,443,78,40,0.6775,0,-1,-1
1517,61,145,840,239,133,0.6188,0,-1,-1
1517,62,27,735,183,107,0.7786,0,-1,-1
1517,99,69,432,101,47,0.7356,2,-1,-1
1517,79,824,540,147,56,0.7122,2,-1,-1
1517,71,458,519,130,56,0.6876,0,-1,-1
1517,70,842,683,97,87,0.7280,0,-1,-1
1518,58,477,684,173,95,0.8176,0,-1,-1
1518,60,1399,619,165,72,0.8278,0,-1,-1
1518,63,1060,597,162,76,0.7705,0,-1,-1
1518,64,658,592,162,57,0.7800,0,-1,-1
1518,65,1103,475,82,43,0.7592,0,-1,-1
1518,67,1827,330,53,28,0.7042,0,-1,-1
1518,69,897,468,83,41,0.7341,0,-1,-1
1518,66,804,488,105,49,0.8222,0,-1,-1
1518,85,1347,443,77,40,0.6706,0,-1,-1
1518,62,27,736,183,105,0.8044,0,-1,-1
1518,99,69,432,101,47,0.7663,2,-1,-1
1518,79,824,540,148,56,0.6893,2,-1,-1
1518,71,458,519,129,56,0.6460,0,-1,-1
1518,70,841,681,99,88,0.7217,0,-1,-1
1518,81,23,551,143,60,0.6549,2,-1,-1
1518,68,106,525,116,55,0.6758,2,-1,-1
1519,58,477,684,172,94,0.8117,0,-1,-1
1519,60,1398,619,165,73,0.8376,0,-1,-1
1519,63,1059,598,162,74,0.7677,0,-1,-1
1519,64,658,592,162,57,0.7905,0,-1,-1
1519,65,1103,475,82,42,0.7578,0,-1,-1
1519,67,1827,331,53,27,0.6943,0,-1,-1
1519,69,897,468,83,41,0.7372,0,-1,-1
1519,66,805,488,104,49,0.8210,0,-1,-1
1519,85,1348,443,75,40,0.6637,0,-1,-1
1519,62,27,737,182,104,0.7827,0,-1,-1
1519,99,70,432,101,47,0.7202,2,-1,-1
1519,79,824,540,148,55,0.7090,2,-1,-1
1519,71,457,519,130,56,0.6424,0,-1,-1
1519,70,841,681,99,89,0.7202,0,-1,-1
1519,81,23,552,143,59,0.6910,2,-1,-1
1519,68,107,526,115,54,0.6706,2,-1,-1
1519,76,613,350,58,30,0.6316,0,-1,-1
1519,61,143,843,240,130,0.6960,0,-1,-1
1520,58,477,684,171,95,0.8141,0,-1,-1
1520,60,1397,620,166,72,0.8408,0,-1,-1
1520,63,1059,598,162,75,0.7677,0,-1,-1
1520,64,659,592,161,57,0.7905,0,-1,-1
1520,65,1103,475,83,42,0.7578,0,-1,-1
1520,67,1829,331,53,27,0.6792,0,-1,-1
1520,69,897,468,83,41,0.7295,0,-1,-1
1520,66,805,488,105,49,0.8245,0,-1,-1
1520,85,1349,443,74,40,0.6654,0,-1,-1
1520,62,27,737,181,104,0.7957,0,-1,-1
1520,99,70,432,101,47,0.7432,2,-1,-1
1520,79,823,541,149,54,0.7372,2,-1,-1
1520,71,457,519,130,55,0.6775,0,-1,-1
1520,70,841,680,99,89,0.6876,0,-1,-1
1520,81,24,553,141,58,0.6893,2,-1,-1
1520,68,108,525,115,56,0.6654,2,-1,-1
1520,76,614,350,57,31,0.6424,0,-1,-1
1520,61,143,846,239,125,0.7649,0,-1,-1
1521,58,477,685,171,93,0.8164,0,-1,-1
1521,60,1396,619,167,73,0.8355,0,-1,-1
1521,63,1058,598,163,75,0.7732,0,-1,-1
1521,64,659,592,160,57,0.7705,0,-1,-1
1521,65,1103,475,83,42,0.7621,0,-1,-1
1521,67,1831,331,51,27,0.7074,0,-1,-1
1521,69,897,468,83,41,0.7233,0,-1,-1
1521,66,805,488,106,49,0.8278,0,-1,-1
1521,85,1349,443,73,40,0.6706,0,-1,-1
1521,62,25,737,183,104,0.7944,0,-1,-1
1521,99,71,431,100,49,0.7649,2,-1,-1
1521,79,823,540,149,56,0.7341,2,-1,-1
1521,71,457,520,130,54,0.6960,0,-1,-1
1521,70,840,677,99,94,0.6567,0,-1,-1
1521,81,24,553,141,57,0.7773,2,-1,-1
1521,68,107,526,115,54,0.6619,2,-1,-1
1521,76,614,350,58,31,0.6460,0,-1,-1
1521,61,141,846,241,124,0.7280,0,-1,-1
1522,58,478,684,171,93,0.8141,0,-1,-1
1522,60,1396,619,168,73,0.8322,0,-1,-1
1522,63,1057,598,165,75,0.7746,0,-1,-1
1522,64,659,592,161,57,0.7813,0,-1,-1
1522,65,1104,475,82,42,0.7606,0,-1,-1
1522,67,1831,331,51,26,0.7074,0,-1,-1
1522,69,898,468,82,41,0.7295,0,-1,-1
1522,66,804,488,107,49,0.8256,0,-1,-1
1522,85,1349,443,73,40,0.6792,0,-1,-1
1522,62,25,736,182,105,0.7982,0,-1,-1
1522,99,71,431,100,49,0.7372,2,-1,-1
1522,79,823,540,150,56,0.7592,2,-1,-1
1522,71,458,519,129,56,0.7217,0,-1,-1
1522,70,838,677,101,94,0.7249,0,-1,-1
1522,81,24,552,141,59,0.7718,2,-1,-1
1522,68,108,527,114,53,0.6619,2,-1,-1
1522,76,615,350,56,31,0.6021,0,-1,-1
1522,61,139,847,242,125,0.7387,0,-1,-1
1523,58,478,683,171,94,0.8176,0,-1,-1
1523,60,1396,619,168,73,0.8322,0,-1,-1
1523,63,1057,598,165,76,0.7705,0,-1,-1
1523,64,659,592,162,56,0.7813,0,-1,-1
1523,65,1104,474,82,44,0.7578,0,-1,-1
1523,67,1832,331,51,26,0.6893,0,-1,-1
1523,69,898,468,81,41,0.7264,0,-1,-1
1523,66,804,488,107,49,0.8278,0,-1,-1
1523,85,1349,443,73,40,0.6826,0,-1,-1
1523,62,25,735,182,105,0.7931,0,-1,-1
1523,99,71,430,100,50,0.7009,2,-1,-1
1523,79,823,540,150,56,0.7432,2,-1,-1
1523,71,458,518,129,58,0.7122,0,-1,-1
1523,70,837,677,102,96,0.7217,0,-1,-1
1523,81,24,552,142,59,0.7813,2,-1,-1
1523,68,107,527,115,53,0.6943,2,-1,-1
1523,61,139,845,241,123,0.6478,0,-1,-1
1524,58,478,684,170,93,0.8233,0,-1,-1
1524,60,1395,619,168,72,0.8344,0,-1,-1
1524,63,1056,599,167,75,0.7635,0,-1,-1
1524,64,660,591,161,57,0.7931,0,-1,-1
1524,65,1104,474,83,44,0.7578,0,-1,-1
1524,67,1834,331,51,26,0.7074,0,-1,-1
1524,69,898,468,82,41,0.7186,0,-1,-1
1524,66,804,488,107,50,0.8245,0,-1,-1
1524,85,1350,443,73,40,0.6706,0,-1,-1
1524,62,25,736,182,104,0.8210,0,-1,-1
1524,79,823,540,150,56,0.7578,2,-1,-1
1524,71,457,518,130,58,0.7233,0,-1,-1
1524,70,836,677,103,98,0.7746,0,-1,-1
1524,81,24,552,142,60,0.7840,2,-1,-1
1524,68,105,526,119,53,0.7280,2,-1,-1
1525,58,477,684,171,92,0.8289,0,-1,-1
1525,60,1395,619,168,72,0.8387,0,-1,-1
1525,63,1056,600,167,74,0.7535,0,-1,-1
1525,64,660,591,161,56,0.7969,0,-1,-1
1525,65,1104,474,83,44,0.7606,0,-1,-1
1525,67,1834,330,51,27,0.7170,0,-1,-1
1525,69,899,468,81,41,0.7217,0,-1,-1
1525,66,804,487,107,51,0.8245,0,-1,-1
1525,85,1351,443,72,40,0.6671,0,-1,-1
1525,62,24,736,184,103,0.8344,0,-1,-1
1525,79,823,540,150,56,0.7506,2,-1,-1
1525,71,457,518,130,56,0.7295,0,-1,-1
1525,70,837,678,101,95,0.7264,0,-1,-1
1525,81,24,552,143,60,0.7879,2,-1,-1
1525,68,103,525,121,53,0.7295,2,-1,-1
1525,76,616,350,55,31,0.6021,0,-1,-1
1525,61,137,843,241,128,0.7170,0,-1,-1
1526,58,476,683,171,94,0.8289,0,-1,-1
1526,60,1394,619,168,72,0.8387,0,-1,-1
1526,63,1056,600,167,74,0.7535,0,-1,-1
1526,64,660,591,161,57,0.7982,0,-1,-1
1526,65,1104,475,83,43,0.7635,0,-1,-1
1526,67,1835,330,50,27,0.7074,0,-1,-1
1526,69,899,468,82,41,0.7233,0,-1,-1
1526,66,804,487,107,51,0.8222,0,-1,-1
1526,85,1351,443,72,39,0.6723,0,-1,-1
1526,62,24,736,184,103,0.8366,0,-1,-1
1526,79,823,540,150,56,0.7461,2,-1,-1
1526,71,456,518,131,56,0.7311,0,-1,-1
1526,70,837,679,101,93,0.7402,0,-1,-1
1526,81,24,552,144,60,0.7944,2,-1,-1
1526,68,102,525,122,53,0.7295,2,-1,-1
1526,76,617,351,54,30,0.6002,0,-1,-1
1526,61,137,843,240,128,0.7759,0,-1,-1
1527,58,475,684,172,92,0.8344,0,-1,-1
1527,60,1393,619,169,72,0.8344,0,-1,-1
1527,63,1054,599,169,76,0.7447,0,-1,-1
1527,64,660,590,161,58,0.7994,0,-1,-1
1527,65,1104,475,83,43,0.7635,0,-1,-1
1527,67,1836,331,50,26,0.6809,0,-1,-1
1527,69,899,468,82,41,0.7295,0,-1,-1
1527,66,804,488,107,49,0.8141,0,-1,-1
1527,85,1351,443,72,38,0.6602,0,-1,-1
1527,62,24,736,183,101,0.8256,0,-1,-1
1527,79,824,540,148,55,0.6826,2,-1,-1
1527,71,456,518,131,55,0.7461,0,-1,-1
1527,70,835,679,100,93,0.7138,0,-1,-1
1527,81,24,551,144,61,0.7853,2,-1,-1
1527,68,101,524,123,55,0.7264,2,-1,-1
1527,76,617,351,55,29,0.6002,0,-1,-1
1527,61,137,843,240,125,0.7982,0,-1,-1
1528,58,475,683,172,93,0.8344,0,-1,-1
1528,60,1393,618,168,74,0.8322,0,-1,-1
1528,63,1053,599,168,75,0.7549,0,-1,-1
1528,64,659,590,162,58,0.7957,0,-1,-1
1528,65,1104,475,84,43,0.7606,0,-1,-1
1528,67,1837,331,50,26,0.6943,0,-1,-1
1528,69,899,468,82,41,0.7326,0,-1,-1
1528,66,804,488,107,49,0.8117,0,-1,-1
1528,85,1352,443,72,39,0.6654,0,-1,-1
1528,62,24,736,183,101,0.8256,0,-1,-1
1528,79,824,541,148,54,0.6689,2,-1,-1
1528,71,455,519,132,54,0.7202,0,-1,-1
1528,70,835,680,98,92,0.6549,0,-1,-1
1528,81,24,552,144,59,0.7866,2,-1,-1
1528,68,102,523,122,56,0.7233,2,-1,-1
1528,61,138,843,239,127,0.7879,0,-1,-1
1528,102,317,455,74,34,0.6460,2,-1,-1
1529,58,473,684,174,92,0.8289,0,-1,-1
1529,60,1393,619,168,72,0.8355,0,-1,-1
1529,63,1052,599,169,76,0.7520,0,-1,-1
1529,64,659,589,162,59,0.7931,0,-1,-1
1529,65,1104,475,84,44,0.7621,0,-1,-1
1529,67,1838,331,49,26,0.7217,0,-1,-1
1529,69,900,468,81,41,0.7402,0,-1,-1
1529,66,805,488,106,49,0.8141,0,-1,-1
1529,85,1353,443,71,39,0.6637,0,-1,-1
1529,62,24,736,183,101,0.8267,0,-1,-1
1529,79,824,541,148,54,0.6316,2,-1,-1
1529,71,455,519,131,54,0.7372,0,-1,-1
1529,70,834,681,98,92,0.7058,0,-1,-1
1529,81,23,551,145,59,0.7786,2,-1,-1
1529,68,103,522,121,56,0.7264,2,-1,-1
1529,61,138,841,239,129,0.7866,0,-1,-1
1529,102,317,455,74,34,0.6261,2,-1,-1
1530,58,473,683,176,93,0.8408,0,-1,-1
1530,60,1393,618,168,74,0.8267,0,-1,-1
1530,63,1052,599,168,76,0.7564,0,-1,-1
1530,64,658,589,162,59,0.7918,0,-1,-1
1530,65,1105,475,84,44,0.7592,0,-1,-1
1530,67,1840,331,48,27,0.7074,0,-1,-1
1530,69,900,468,81,41,0.7432,0,-1,-1
1530,66,805,488,107,49,0.8152,0,-1,-1
1530,85,1353,442,71,39,0.6876,0,-1,-1
1530,62,21,735,186,103,0.7827,0,-1,-1
1530,79,825,541,146,54,0.6388,2,-1,-1
1530,71,455,519,132,54,0.7106,0,-1,-1
1530,70,834,682,98,89,0.6584,0,-1,-1
1530,81,24,551,144,58,0.7800,2,-1,-1
1530,68,104,522,121,56,0.7341,2,-1,-1
1530,61,138,842,239,127,0.6976,0,-1,-1
1530,102,317,454,75,36,0.6352,2,-1,-1
1531,58,472,683,177,92,0.8344,0,-1,-1
1531,60,1393,618,168,74,0.8187,0,-1,-1
1531,63,1052,598,168,77,0.7635,0,-1,-1
1531,64,656,589,163,60,0.7905,0,-1,-1
1531,65,1105,474,84,44,0.7578,0,-1,-1
1531,67,1841,332,49,26,0.6442,0,-1,-1
1531,69,901,467,81,43,0.7447,0,-1,-1
1531,66,805,488,108,48,0.8164,0,-1,-1
1531,85,1353,442,72,39,0.6960,0,-1,-1
1531,62,19,735,187,103,0.7759,0,-1,-1
1531,79,825,542,146,51,0.6406,2,-1,-1
1531,71,455,519,132,55,0.7058,0,-1,-1
1531,70,833,683,99,87,0.6976,0,-1,-1
1531,81,24,551,145,58,0.7800,2,-1,-1
1531,68,103,521,123,58,0.7417,2,-1,-1
1531,61,139,840,236,127,0.7106,0,-1,-1
1531,102,317,453,75,37,0.6406,2,-1,-1
1531,76,619,351,54,30,0.6206,0,-1,-1
1532,58,472,682,177,93,0.8355,0,-1,-1
1532,60,1393,618,168,74,0.8199,0,-1,-1
1532,63,1052,598,168,77,0.7649,0,-1,-1
1532,64,656,589,163,60,0.7931,0,-1,-1
1532,65,1105,474,84,44,0.7578,0,-1,-1
1532,67,1841,332,49,26,0.6316,0,-1,-1
1532,69,900,467,82,43,0.7432,0,-1,-1
1532,66,805,488,108,48,0.8129,0,-1,-1
1532,85,1353,442,71,39,0.6876,0,-1,-1
1532,62,17,735,188,103,0.7718,0,-1,-1
1532,79,825,542,146,51,0.6206,2,-1,-1
1532,71,455,520,132,54,0.7025,0,-1,-1
1532,70,833,683,99,88,0.7154,0,-1,-1
1532,81,24,551,145,59,0.7840,2,-1,-1
1532,68,103,521,123,58,0.7372,2,-1,-1
1532,61,140,838,235,127,0.6637,0,-1,-1
1532,102,317,454,75,36,0.6077,2,-1,-1
1532,76,620,352,54,30,0.6298,0,-1,-1
1532,94,34,479,77,33,0.6039,2,-1,-1
1533,58,471,682,177,93,0.8397,0,-1,-1
1533,60,1393,618,168,74,0.8267,0,-1,-1
1533,63,1051,596,168,79,0.7705,0,-1,-1
1533,64,655,589,164,60,0.7853,0,-1,-1
1533,65,1104,474,86,44,0.7520,0,-1,-1
1533,67,1843,332,48,26,0.7217,0,-1,-1
1533,69,901,467,81,43,0.7432,0,-1,-1
1533,66,805,487,108,49,0.8129,0,-1,-1
1533,85,1354,442,72,39,0.6960,0,-1,-1
1533,62,16,733,189,104,0.8019,0,-1,-1
1533,79,825,542,146,51,0.6460,2,-1,-1
1533,71,455,520,133,54,0.6976,0,-1,-1
1533,70,833,683,99,87,0.7122,0,-1,-1
1533,81,24,551,145,60,0.7813,2,-1,-1
1533,68,102,520,125,59,0.7311,2,-1,-1
1533,102,317,453,77,36,0.6188,2,-1,-1
1533,94,35,478,76,33,0.6460,2,-1,-1
1534,58,470,682,176,92,0.8355,0,-1,-1
1534,60,1393,618,168,74,0.8199,0,-1,-1
1534,63,1052,597,167,77,0.7476,0,-1,-1
1534,64,654,589,164,60,0.7840,0,-1,-1
1534,65,1105,474,85,44,0.7578,0,-1,-1
1534,67,1844,331,48,27,0.7202,0,-1,-1
1534,69,901,466,81,44,0.7402,0,-1,-1
1534,66,805,487,108,48,0.8081,0,-1,-1
1534,85,1354,442,72,39,0.6926,0,-1,-1
1534,62,18,733,186,103,0.7718,0,-1,-1
1534,71,455,519,133,55,0.6809,0,-1,-1
1534,70,833,683,99,88,0.7042,0,-1,-1
1534,81,24,551,145,60,0.8044,2,-1,-1
1534,68,103,520,124,58,0.7280,2,-1,-1
1534,102,318,453,77,36,0.6261,2,-1,-1
1534,94,35,478,76,33,0.6280,2,-1,-1
1534,61,136,836,236,125,0.6619,0,-1,-1
1535,58,470,683,175,91,0.8344,0,-1,-1
1535,60,1392,618,169,74,0.8278,0,-1,-1
1535,63,1053,597,165,77,0.7341,0,-1,-1
1535,64,654,589,164,60,0.7813,0,-1,-1
1535,65,1104,474,86,44,0.7578,0,-1,-1
1535,67,1845,332,48,26,0.7122,0,-1,-1
1535,69,901,466,81,44,0.7417,0,-1,-1
1535,66,805,487,108,48,0.8129,0,-1,-1
1535,85,1354,442,72,39,0.6876,0,-1,-1
1535,62,19,733,185,102,0.7372,0,-1,-1
1535,71,454,519,134,54,0.6689,0,-1,-1
1535,70,833,683,98,88,0.6689,0,-1,-1
1535,81,24,551,146,61,0.8044,2,-1,-1
1535,68,102,520,125,57,0.7491,2,-1,-1
1535,102,318,452,78,37,0.6424,2,-1,-1
1535,94,36,478,75,33,0.6298,2,-1,-1
1535,61,131,838,240,127,0.6960,0,-1,-1
1536,58,470,683,176,91,0.8322,0,-1,-1
1536,60,1393,619,168,72,0.8199,0,-1,-1
1536,63,1054,595,166,81,0.7106,0,-1,-1
1536,64,655,589,163,59,0.7813,0,-1,-1
1536,65,1104,474,86,43,0.7564,0,-1,-1
1536,67,1846,332,48,25,0.6809,0,-1,-1
1536,69,901,467,81,42,0.7402,0,-1,-1
1536,66,806,486,107,48,0.7957,0,-1,-1
1536,85,1354,442,73,39,0.6960,0,-1,-1
1536,62,18,733,186,102,0.6860,0,-1,-1
1536,71,454,519,134,53,0.6460,0,-1,-1
1536,81,25,552,145,59,0.8056,2,-1,-1
1536,68,98,519,131,58,0.7341,2,-1,-1
1536,94,37,477,74,33,0.6021,2,-1,-1
1536,61,130,839,241,122,0.7649,0,-1,-1
1537,58,470,683,175,91,0.8387,0,-1,-1
1537,60,1393,619,168,72,0.8093,0,-1,-1
1537,63,1054,595,166,81,0.7058,0,-1,-1
1537,64,655,590,163,58,0.7800,0,-1,-1
1537,65,1105,474,85,43,0.7606,0,-1,-1
1537,67,1846,331,48,27,0.7280,0,-1,-1
1537,69,900,467,83,41,0.7535,0,-1,-1
1537,66,806,486,106,47,0.7606,0,-1,-1
1537,85,1353,442,74,39,0.7154,0,-1,-1
1537,62,18,733,185,102,0.7549,0,-1,-1
1537,71,452,518,135,53,0.6424,0,-1,-1
1537,81,25,552,145,59,0.8129,2,-1,-1
1537,68,96,519,133,57,0.7311,2,-1,-1
1537,103,316,376,101,43,0.6584,0,-1,-1
1537,76,621,350,54,30,0.6114,0,-1,-1
1538,58,470,682,175,92,0.8344,0,-1,-1
1538,60,1393,618,168,74,0.8176,0,-1,-1
1538,63,1053,595,168,82,0.6960,0,-1,-1
1538,64,655,590,163,58,0.7786,0,-1,-1
1538,65,1105,473,85,44,0.7606,0,-1,-1
1538,67,1847,331,49,27,0.7356,0,-1,-1
1538,69,900,466,83,42,0.7549,0,-1,-1
1538,66,806,486,106,47,0.7549,0,-1,-1
1538,85,1353,442,74,39,0.7170,0,-1,-1
1538,62,17,732,187,104,0.7402,0,-1,-1
1538,71,453,518,135,54,0.6225,0,-1,-1
1538,81,25,552,145,59,0.8129,2,-1,-1
1538,68,94,519,136,57,0.7326,2,-1,-1
1538,103,316,376,101,42,0.6151,0,-1,-1
1538,104,1621,308,33,15,0.6442,0,-1,-1
1538,76,621,350,54,30,0.6206,0,-1,-1
1539,58,470,683,175,90,0.8397,0,-1,-1
1539,60,1394,618,166,74,0.8152,0,-1,-1
1539,63,1053,596,168,81,0.7074,0,-1,-1
1539,64,656,590,161,58,0.7813,0,-1,-1
1539,65,1105,472,84,45,0.7677,0,-1,-1
1539,67,1847,332,49,25,0.6388,0,-1,-1
1539,69,900,466,83,42,0.7592,0,-1,-1
1539,66,806,486,106,47,0.7520,0,-1,-1
1539,85,1353,442,74,39,0.7233,0,-1,-1
1539,62,16,732,186,104,0.7635,0,-1,-1
1539,71,454,518,134,54,0.6893,0,-1,-1
1539,81,26,552,144,58,0.8069,2,-1,-1
1539,68,90,519,140,57,0.7402,2,-1,-1
1539,104,1621,307,34,16,0.6460,0,-1,-1
1539,61,125,840,244,123,0.7417,0,-1,-1
1540,58,469,683,176,91,0.8366,0,-1,-1
1540,60,1393,619,167,74,0.8164,0,-1,-1
1540,63,1051,596,169,82,0.6876,0,-1,-1
1540,64,656,590,161,58,0.7759,0,-1,-1
1540,65,1105,473,84,44,0.7663,0,-1,-1
1540,67,1847,333,50,24,0.6406,0,-1,-1
1540,69,900,466,83,42,0.7592,0,-1,-1
1540,66,806,486,106,46,0.7476,0,-1,-1
1540,85,1354,443,74,37,0.7356,0,-1,-1
1540,62,16,730,185,107,0.7635,0,-1,-1
1540,71,455,518,133,54,0.6758,0,-1,-1
1540,81,26,552,144,56,0.8081,2,-1,-1
1540,68,92,519,140,57,0.7202,2,-1,-1
1540,104,1622,307,33,17,0.6424,0,-1,-1
1540,61,125,841,244,122,0.7009,0,-1,-1
1540,76,622,350,55,29,0.6442,0,-1,-1
1541,58,469,682,177,91,0.8355,0,-1,-1
1541,60,1393,619,168,74,0.8164,0,-1,-1
1541,63,1050,596,170,82,0.6960,0,-1,-1
1541,64,656,590,161,58,0.7759,0,-1,-1
1541,65,1105,474,84,44,0.7649,0,-1,-1
1541,67,1848,333,50,24,0.6792,0,-1,-1
1541,69,900,466,83,42,0.7592,0,-1,-1
1541,66,806,487,106,45,0.7520,0,-1,-1
1541,85,1354,442,74,38,0.7311,0,-1,-1
1541,62,16,730,186,107,0.7564,0,-1,-1
1541,71,455,518,133,54,0.6602,0,-1,-1
1541,81,27,552,143,56,0.8093,2,-1,-1
1541,68,93,519,139,57,0.7233,2,-1,-1
1541,104,1622,308,34,16,0.6388,0,-1,-1
1541,61,123,840,246,124,0.7491,0,-1,-1
1541,76,623,350,55,29,0.6478,0,-1,-1
1541,99,83,429,98,47,0.6243,2,-1,-1
1542,58,468,683,178,90,0.8311,0,-1,-1
1542,60,1393,619,168,75,0.8245,0,-1,-1
1542,63,1050,597,170,79,0.7090,0,-1,-1
1542,64,657,590,160,58,0.7691,0,-1,-1
1542,65,1105,474,85,44,0.7677,0,-1,-1
1542,67,1849,332,51,26,0.7025,0,-1,-1
1542,69,900,467,83,41,0.7520,0,-1,-1
1542,66,807,487,105,45,0.7447,0,-1,-1
1542,85,1355,443,73,39,0.7154,0,-1,-1
1542,62,15,730,185,108,0.7746,0,-1,-1
1542,71,456,517,132,55,0.6926,0,-1,-1
1542,81,27,552,143,56,0.8032,2,-1,-1
1542,68,98,518,135,58,0.6893,2,-1,-1
1542,104,1623,307,33,18,0.6370,0,-1,-1
1542,76,623,351,56,29,0.6723,0,-1,-1
1542,70,832,685,96,87,0.6370,0,-1,-1
1542,103,318,376,96,42,0.6021,0,-1,-1
1543,58,468,682,178,90,0.8289,0,-1,-1
1543,60,1393,619,168,75,0.8222,0,-1,-1
1543,63,1051,596,168,81,0.7186,0,-1,-1
1543,64,657,590,159,58,0.7705,0,-1,-1
1543,65,1105,474,85,44,0.7677,0,-1,-1
1543,67,1848,333,53,25,0.6188,0,-1,-1
1543,69,900,466,83,42,0.7506,0,-1,-1
1543,66,807,487,105,45,0.7506,0,-1,-1
1543,85,1355,444,73,38,0.7122,0,-1,-1
1543,62,15,728,184,109,0.7387,0,-1,-1
1543,71,456,516,132,56,0.6893,0,-1,-1
1543,81,27,551,143,57,0.8105,2,-1,-1
1543,68,100,518,134,58,0.6876,2,-1,-1
1543,104,1623,307,33,18,0.6424,0,-1,-1
1543,76,624,351,55,29,0.6460,0,-1,-1
1543,70,831,686,97,87,0.6619,0,-1,-1
1543,103,317,375,100,42,0.6021,0,-1,-1
1544,58,468,682,176,91,0.8256,0,-1,-1
1544,60,1392,619,169,75,0.8187,0,-1,-1
1544,63,1052,598,167,78,0.7356,0,-1,-1
1544,64,656,590,159,58,0.7705,0,-1,-1
1544,65,1105,474,86,44,0.7677,0,-1,-1
1544,67,1848,333,53,25,0.6114,0,-1,-1
1544,69,900,466,83,42,0.7535,0,-1,-1
1544,66,807,487,105,45,0.7264,0,-1,-1
1544,85,1356,444,72,38,0.7090,0,-1,-1
1544,62,13,728,186,109,0.6706,0,-1,-1
1544,71,457,516,131,56,0.6826,0,-1,-1
1544,81,26,551,143,58,0.8069,2,-1,-1
1544,68,101,519,133,56,0.6792,2,-1,-1
1544,104,1623,307,34,18,0.6514,0,-1,-1
1544,76,625,351,55,29,0.6406,0,-1,-1
1544,70,831,685,97,88,0.6478,0,-1,-1
1544,99,86,429,95,46,0.6370,2,-1,-1
1545,58,468,682,175,91,0.8300,0,-1,-1
1545,60,1391,619,170,75,0.8210,0,-1,-1
1545,63,1051,598,168,76,0.7432,0,-1,-1
1545,64,656,590,159,58,0.7578,0,-1,-1
1545,65,1105,474,86,45,0.7635,0,-1,-1
1545,67,1849,331,54,27,0.6993,0,-1,-1
1545,69,900,466,83,42,0.7491,0,-1,-1
1545,66,808,487,105,45,0.7202,0,-1,-1
1545,85,1357,443,72,40,0.7233,0,-1,-1
1545,62,12,728,187,108,0.7402,0,-1,-1
1545,71,457,516,130,56,0.6567,0,-1,-1
1545,81,27,551,143,59,0.8105,2,-1,-1
1545,68,102,519,134,54,0.6792,2,-1,-1
1545,104,1624,308,33,17,0.6039,0,-1,-1
1545,76,625,351,56,29,0.6243,0,-1,-1
1545,70,830,682,100,92,0.6114,0,-1,-1
1545,99,86,430,95,45,0.6388,2,-1,-1
1545,61,119,832,247,133,0.6809,0,-1,-1
1546,58,467,681,175,91,0.8300,0,-1,-1
1546,60,1390,619,171,75,0.8187,0,-1,-1
1546,63,1051,597,167,76,0.7535,0,-1,-1
1546,64,656,590,159,58,0.7732,0,-1,-1
1546,65,1105,474,86,44,0.7649,0,-1,-1
1546,67,1851,331,53,27,0.6740,0,-1,-1
1546,69,900,466,83,42,0.7564,0,-1,-1
1546,66,809,487,104,45,0.7827,0,-1,-1
1546,85,1357,444,72,38,0.7311,0,-1,-1
1546,62,12,730,186,105,0.7786,0,-1,-1
1546,71,458,517,129,54,0.6860,0,-1,-1
1546,81,28,551,143,59,0.8141,2,-1,-1
1546,68,102,518,135,55,0.6424,2,-1,-1
1546,76,625,351,56,29,0.6225,0,-1,-1
1546,103,320,376,99,40,0.6095,0,-1,-1
1547,58,467,682,175,90,0.8278,0,-1,-1
1547,60,1390,619,171,75,0.8187,0,-1,-1
1547,63,1050,598,167,75,0.7564,0,-1,-1
1547,64,656,590,159,58,0.7746,0,-1,-1
1547,65,1105,474,87,45,0.7649,0,-1,-1
1547,67,1851,332,54,27,0.6654,0,-1,-1
1547,69,901,466,82,42,0.7549,0,-1,-1
1547,66,809,487,104,45,0.7905,0,-1,-1
1547,85,1357,444,72,38,0.7326,0,-1,-1
1547,62,12,730,185,105,0.7840,0,-1,-1
1547,71,458,517,130,54,0.6860,0,-1,-1
1547,81,29,550,142,60,0.8105,2,-1,-1
1547,68,102,517,135,56,0.6388,2,-1,-1
1547,76,626,351,55,29,0.6002,0,-1,-1
1547,103,320,376,99,40,0.6261,0,-1,-1
1548,58,467,681,175,90,0.8245,0,-1,-1
1548,60,1389,618,172,77,0.8233,0,-1,-1
1548,63,1051,597,167,77,0.7718,0,-1,-1
1548,64,657,590,159,58,0.7746,0,-1,-1
1548,65,1105,474,87,45,0.7592,0,-1,-1
1548,67,1851,332,53,27,0.6531,0,-1,-1
1548,69,900,466,83,42,0.7535,0,-1,-1
1548,66,808,487,105,45,0.7892,0,-1,-1
1548,85,1357,444,73,38,0.7447,0,-1,-1
1548,62,12,730,186,105,0.7387,0,-1,-1
1548,71,459,517,129,54,0.6424,0,-1,-1
1548,81,29,549,143,60,0.8093,2,-1,-1
1548,68,109,517,128,56,0.6206,2,-1,-1
1548,103,321,375,99,41,0.6876,0,-1,-1
1548,99,86,429,97,45,0.6809,2,-1,-1
1549,58,466,680,175,91,0.8210,0,-1,-1
1549,60,1389,619,171,75,0.8210,0,-1,-1
1549,63,1051,597,167,78,0.7800,0,-1,-1
1549,64,657,590,159,58,0.7786,0,-1,-1
1549,65,1106,474,87,45,0.7606,0,-1,-1
1549,67,1853,331,52,27,0.6860,0,-1,-1
1549,69,902,466,82,42,0.7476,0,-1,-1
1549,66,808,488,105,44,0.7982,0,-1,-1
1549,85,1357,444,73,38,0.7447,0,-1,-1
1549,62,12,730,185,105,0.7535,0,-1,-1
1549,71,458,517,130,54,0.6132,0,-1,-1
1549,81,30,550,142,57,0.8019,2,-1,-1
1549,68,112,517,125,57,0.6077,2,-1,-1
1549,103,322,376,98,41,0.6943,0,-1,-1
1549,99,86,429,97,45,0.6809,2,-1,-1
1549,79,822,541,149,51,0.6077,2,-1,-1
1549,70,828,682,101,93,0.6619,0,-1,-1
1549,61,123,837,240,124,0.7138,0,-1,-1
1550,58,466,680,176,91,0.8187,0,-1,-1
1550,60,1389,619,170,75,0.8164,0,-1,-1
1550,63,1052,597,165,79,0.7813,0,-1,-1
1550,64,657,590,159,58,0.7705,0,-1,-1
1550,65,1107,474,86,44,0.7578,0,-1,-1
1550,67,1854,331,52,27,0.6843,0,-1,-1
1550,69,902,467,82,40,0.7476,0,-1,-1
1550,66,808,487,106,46,0.8117,0,-1,-1
1550,85,1357,445,74,36,0.7417,0,-1,-1
1550,62,11,730,186,105,0.7840,0,-1,-1
1550,81,29,550,143,57,0.8081,2,-1,-1
1550,68,111,517,125,57,0.6316,2,-1,-1
1550,103,322,376,98,41,0.6619,0,-1,-1
1550,99,86,429,97,44,0.6893,2,-1,-1
1550,79,822,541,148,51,0.6758,2,-1,-1
1550,70,828,682,101,93,0.6723,0,-1,-1
1550,61,124,839,238,121,0.7549,0,-1,-1
1551,58,466,681,175,91,0.8210,0,-1,-1
1551,60,1387,618,172,76,0.8117,0,-1,-1
1551,63,1050,597,166,81,0.7840,0,-1,-1
1551,64,656,589,160,60,0.7691,0,-1,-1
1551,65,1107,474,86,43,0.7520,0,-1,-1
1551,67,1855,332,51,26,0.6225,0,-1,-1
1551,69,902,467,82,40,0.7432,0,-1,-1
1551,66,809,487,105,47,0.8187,0,-1,-1
1551,85,1357,445,75,36,0.7506,0,-1,-1
1551,62,10,729,186,105,0.7280,0,-1,-1
1551,81,29,550,143,57,0.8117,2,-1,-1
1551,99,87,429,97,44,0.6567,2,-1,-1
1551,79,823,541,147,51,0.7058,2,-1,-1
1551,70,827,681,101,95,0.7106,0,-1,-1
1551,61,122,839,240,121,0.7295,0,-1,-1
1551,104,1630,308,30,17,0.6077,0,-1,-1
1552,58,466,680,174,93,0.8256,0,-1,-1
1552,60,1387,618,172,76,0.8141,0,-1,-1
1552,63,1050,596,167,83,0.7853,0,-1,-1
1552,64,654,589,161,60,0.7759,0,-1,-1
1552,65,1107,474,86,43,0.7506,0,-1,-1
1552,67,1856,332,50,26,0.6584,0,-1,-1
1552,69,902,467,82,40,0.7476,0,-1,-1
1552,66,809,488,106,46,0.8245,0,-1,-1
1552,85,1357,445,75,36,0.7461,0,-1,-1
1552,62,9,729,187,105,0.7592,0,-1,-1
1552,81,29,550,143,57,0.8069,2,-1,-1
1552,99,87,429,98,44,0.6225,2,-1,-1
1552,79,823,541,147,51,0.7311,2,-1,-1
1552,70,826,680,102,97,0.7170,0,-1,-1
1553,58,465,679,175,94,0.8344,0,-1,-1
1553,60,1387,617,173,78,0.8069,0,-1,-1
1553,63,1049,596,168,85,0.7813,0,-1,-1
1553,64,654,589,161,59,0.7759,0,-1,-1
1553,65,1107,474,86,43,0.7447,0,-1,-1
1553,67,1856,332,51,26,0.6637,0,-1,-1
1553,69,902,467,82,40,0.7447,0,-1,-1
1553,66,808,488,107,46,0.8267,0,-1,-1
1553,85,1357,444,76,37,0.7476,0,-1,-1
1553,62,8,727,188,106,0.7705,0,-1,-1
1553,81,29,549,144,57,0.8117,2,-1,-1
1553,79,823,541,147,51,0.7461,2,-1,-1
1553,70,826,678,102,99,0.6002,0,-1,-1
1554,58,464,680,176,93,0.8376,0,-1,-1
1554,60,1387,618,172,77,0.8056,0,-1,-1
1554,63,1049,596,168,85,0.7759,0,-1,-1
1554,64,654,588,161,60,0.7879,0,-1,-1
1554,65,1107,474,86,42,0.7447,0,-1,-1
1554,67,1858,332,51,26,0.6654,0,-1,-1
1554,69,902,467,82,40,0.7549,0,-1,-1
1554,66,809,488,106,46,0.8289,0,-1,-1
1554,85,1357,445,76,36,0.7491,0,-1,-1
1554,62,9,729,188,105,0.7491,0,-1,-1
1554,81,31,549,143,57,0.8056,2,-1,-1
1554,79,823,542,147,49,0.7122,0,-1,-1
1554,103,325,375,99,41,0.6442,0,-1,-1
1554,61,118,838,241,125,0.6442,0,-1,-1
1555,58,463,680,176,92,0.8429,0,-1,-1
1555,60,1386,617,173,78,0.8056,0,-1,-1
1555,63,1049,596,169,84,0.7718,0,-1,-1
1555,64,653,587,162,61,0.7800,0,-1,-1
1555,65,1107,474,86,43,0.7432,0,-1,-1
1555,67,1858,332,51,25,0.6706,0,-1,-1
1555,69,902,467,82,39,0.7564,0,-1,-1
1555,66,809,488,106,47,0.8267,0,-1,-1
1555,85,1357,444,76,37,0.7520,0,-1,-1
1555,62,9,729,188,104,0.7476,0,-1,-1
1555,81,30,548,145,58,0.8032,2,-1,-1
1555,79,823,541,147,50,0.7417,0,-1,-1
1555,103,325,376,99,41,0.6619,0,-1,-1
1555,61,116,838,243,126,0.6352,0,-1,-1
1555,104,1633,308,30,17,0.6058,0,-1,-1
1556,58,463,680,176,92,0.8449,0,-1,-1
1556,60,1386,617,175,79,0.8081,0,-1,-1
1556,63,1049,596,168,83,0.7759,0,-1,-1
1556,64,653,587,162,61,0.7800,0,-1,-1
1556,65,1107,474,86,43,0.7432,0,-1,-1
1556,67,1859,332,50,25,0.6671,0,-1,-1
1556,69,902,467,82,39,0.7520,0,-1,-1
1556,66,810,487,105,48,0.8300,0,-1,-1
1556,85,1357,445,77,36,0.7476,0,-1,-1
1556,62,9,728,188,106,0.7705,0,-1,-1
1556,81,29,548,147,58,0.8056,2,-1,-1
1556,79,823,541,147,50,0.7372,0,-1,-1
1556,103,326,377,97,40,0.6514,0,-1,-1
1556,61,115,839,243,125,0.6775,0,-1,-1
1556,104,1634,308,31,17,0.6002,0,-1,-1
1557,58,464,681,174,91,0.8355,0,-1,-1
1557,60,1387,618,173,78,0.8069,0,-1,-1
1557,63,1048,596,168,80,0.7759,0,-1,-1
1557,64,654,588,161,60,0.7786,0,-1,-1
1557,65,1107,475,86,42,0.7535,0,-1,-1
1557,67,1860,332,50,25,0.6619,0,-1,-1
1557,69,902,467,82,39,0.7461,0,-1,-1
1557,66,810,488,105,46,0.8267,0,-1,-1
1557,85,1358,445,76,36,0.7535,0,-1,-1
1557,62,9,730,186,103,0.7520,0,-1,-1
1557,81,29,546,148,59,0.8032,2,-1,-1
1557,79,823,540,147,50,0.7402,0,-1,-1
1557,61,116,840,241,120,0.6758,0,-1,-1
1557,105,1371,405,74,35,0.6602,0,-1,-1
1557,71,457,516,133,56,0.6584,0,-1,-1
1557,70,825,675,103,100,0.7058,0,-1,-1
1558,58,462,680,176,91,0.8300,0,-1,-1
1558,60,1386,619,174,78,0.8044,0,-1,-1
1558,63,1048,597,168,77,0.7718,0,-1,-1
1558,64,654,588,161,61,0.7578,0,-1,-1
1558,65,1108,474,85,43,0.7564,0,-1,-1
1558,67,1861,332,51,25,0.6388,0,-1,-1
1558,69,902,467,82,39,0.7447,0,-1,-1
1558,66,810,487,104,48,0.8256,0,-1,-1
1558,85,1358,445,76,36,0.7491,0,-1,-1
1558,62,9,730,186,103,0.7592,0,-1,-1
1558,81,28,546,148,59,0.7918,2,-1,-1
1558,79,822,540,149,51,0.6706,0,-1,-1
1558,105,1371,405,75,35,0.6424,0,-1,-1
1558,71,456,516,134,56,0.6169,0,-1,-1
1558,70,823,674,104,101,0.7186,0,-1,-1
1558,68,117,518,118,54,0.6058,2,-1,-1
1559,58,462,680,177,91,0.8289,0,-1,-1
1559,60,1385,619,175,78,0.8081,0,-1,-1
1559,63,1048,598,168,75,0.7691,0,-1,-1
1559,64,654,588,160,61,0.7621,0,-1,-1
1559,65,1108,474,85,43,0.7578,0,-1,-1
1559,67,1861,332,51,26,0.6225,0,-1,-1
1559,69,902,468,82,38,0.7476,0,-1,-1
1559,66,810,487,104,48,0.8256,0,-1,-1
1559,85,1358,445,76,36,0.7506,0,-1,-1
1559,62,9,729,185,103,0.7663,0,-1,-1
1559,81,28,546,147,59,0.7879,2,-1,-1
1559,79,822,541,149,50,0.6424,0,-1,-1
1559,105,1371,405,75,35,0.6406,0,-1,-1
1559,71,456,516,134,56,0.6114,0,-1,-1
1559,70,822,675,105,100,0.7090,0,-1,-1
1559,68,117,518,119,54,0.6280,2,-1,-1
1559,61,117,840,239,116,0.6567,0,-1,-1
1560,58,462,681,176,91,0.8322,0,-1,-1
1560,60,1384,618,177,80,0.8164,0,-1,-1
1560,63,1048,598,167,75,0.7691,0,-1,-1
1560,64,654,588,160,60,0.7621,0,-1,-1
1560,65,1107,474,86,43,0.7564,0,-1,-1
1560,67,1862,331,51,27,0.6370,0,-1,-1
1560,69,902,467,82,40,0.7417,0,-1,-1
1560,66,810,487,105,48,0.8289,0,-1,-1
1560,85,1360,445,75,36,0.7372,0,-1,-1
1560,62,8,728,186,104,0.7326,0,-1,-1
1560,81,28,546,147,58,0.7827,2,-1,-1
1560,79,822,541,149,51,0.6826,0,-1,-1
1560,105,1372,405,75,34,0.6039,0,-1,-1
1560,70,822,676,104,97,0.6514,0,-1,-1
1560,68,114,519,122,53,0.6039,2,-1,-1
1560,103,328,376,98,40,0.6602,0,-1,-1
1560,104,1635,308,33,17,0.6114,0,-1,-1
1561,58,462,682,174,90,0.8355,0,-1,-1
1561,60,1384,618,177,80,0.8245,0,-1,-1
1561,63,1048,599,166,73,0.7663,0,-1,-1
1561,64,654,588,160,60,0.7773,0,-1,-1
1561,65,1107,474,87,44,0.7606,0,-1,-1
1561,67,1864,331,50,27,0.6316,0,-1,-1
1561,69,902,467,82,40,0.7372,0,-1,-1
1561,66,810,488,106,46,0.8278,0,-1,-1
1561,85,1360,445,75,36,0.7356,0,-1,-1
1561,62,7,727,187,105,0.7621,0,-1,-1
1561,81,27,547,148,56,0.7705,2,-1,-1
1561,79,822,540,149,51,0.6976,0,-1,-1
1561,105,1372,406,73,33,0.6077,0,-1,-1
1561,70,822,677,104,94,0.6478,0,-1,-1
1561,68,110,518,127,53,0.6370,2,-1,-1
1561,103,328,376,99,39,0.6706,0,-1,-1
1561,71,457,517,132,54,0.6442,0,-1,-1
1562,58,462,682,173,90,0.8376,0,-1,-1
1562,60,1384,619,177,78,0.8267,0,-1,-1
1562,63,1048,600,165,74,0.7663,0,-1,-1
1562,64,654,588,160,61,0.7827,0,-1,-1
1562,65,1107,474,87,44,0.7621,0,-1,-1
1562,67,1865,331,50,28,0.6261,0,-1,-1
1562,69,902,467,82,40,0.7387,0,-1,-1
1562,66,810,487,106,48,0.8289,0,-1,-1
1562,85,1361,444,75,38,0.7341,0,-1,-1
1562,62,7,728,186,104,0.7592,0,-1,-1
1562,81,27,548,147,55,0.7705,2,-1,-1
1562,79,823,540,148,51,0.6910,0,-1,-1
1562,105,1372,406,73,33,0.6280,0,-1,-1
1562,70,821,678,104,92,0.6206,0,-1,-1
1562,68,108,518,129,53,0.6298,2,-1,-1
1562,103,329,376,98,39,0.6388,0,-1,-1
1562,106,401,422,130,48,0.6225,0,-1,-1
1562,71,457,517,132,54,0.6602,0,-1,-1
1562,61,116,840,242,117,0.6298,0,-1,-1
1563,58,461,681,174,90,0.8387,0,-1,-1
1563,60,1384,619,176,79,0.8233,0,-1,-1
1563,63,1048,600,165,74,0.7732,0,-1,-1
1563,64,654,589,160,60,0.7746,0,-1,-1
1563,65,1108,474,87,44,0.7592,0,-1,-1
1563,69,902,467,82,40,0.7372,0,-1,-1
1563,66,809,488,106,46,0.8278,0,-1,-1
1563,85,1362,444,74,38,0.7372,0,-1,-1
1563,62,6,730,188,102,0.7356,0,-1,-1
1563,81,28,548,146,55,0.7606,2,-1,-1
1563,79,823,540,149,52,0.7249,0,-1,-1
1563,105,1372,406,75,33,0.6567,0,-1,-1
1563,68,111,517,126,53,0.6058,2,-1,-1
1563,106,402,422,128,48,0.6496,0,-1,-1
1563,71,458,517,132,54,0.6496,0,-1,-1
1563,61,117,841,239,115,0.6943,0,-1,-1
1564,58,461,681,173,90,0.8322,0,-1,-1
1564,60,1385,620,175,78,0.8210,0,-1,-1
1564,63,1047,600,165,75,0.7718,0,-1,-1
1564,64,654,589,160,60,0.7905,0,-1,-1
1564,65,1108,474,87,44,0.7621,0,-1,-1
1564,69,903,467,81,40,0.7356,0,-1,-1
1564,66,809,488,106,46,0.8210,0,-1,-1
1564,85,1362,444,76,38,0.7295,0,-1,-1
1564,62,6,728,188,102,0.7931,0,-1,-1
1564,81,28,548,144,55,0.7578,2,-1,-1
1564,79,823,539,149,52,0.7264,0,-1,-1
1564,105,1372,406,75,33,0.6706,0,-1,-1
1564,106,402,423,129,47,0.6188,0,-1,-1
1564,71,458,517,132,54,0.6723,0,-1,-1
1564,61,115,841,240,113,0.7866,0,-1,-1
1564,107,609,394,71,29,0.6151,0,-1,-1
1564,108,254,462,83,53,0.6298,2,-1,-1
1564,70,820,677,104,94,0.6406,0,-1,-1
1565,58,461,681,174,91,0.8344,0,-1,-1
1565,60,1384,620,174,77,0.8199,0,-1,-1
1565,63,1047,600,164,74,0.7732,0,-1,-1
1565,64,654,589,160,60,0.7879,0,-1,-1
1565,65,1108,474,87,43,0.7592,0,-1,-1
1565,69,902,467,82,40,0.7447,0,-1,-1
1565,66,810,488,106,46,0.8199,0,-1,-1
1565,85,1362,444,76,38,0.7311,0,-1,-1
1565,62,6,728,188,102,0.7944,0,-1,-1
1565,81,28,547,144,56,0.7621,2,-1,-1
1565,79,824,539,148,52,0.7372,0,-1,-1
1565,105,1373,406,75,33,0.6792,0,-1,-1
1565,106,402,422,129,48,0.6478,0,-1,-1
1565,71,459,517,130,54,0.6424,0,-1,-1
1565,61,115,841,238,112,0.8032,0,-1,-1
1565,108,253,462,84,53,0.6424,2,-1,-1
1565,70,819,676,105,96,0.6792,0,-1,-1
1565,68,110,516,127,53,0.6114,2,-1,-1
1566,58,461,680,174,92,0.8355,0,-1,-1
1566,60,1385,621,174,77,0.8233,0,-1,-1
1566,63,1048,600,164,73,0.7773,0,-1,-1
1566,64,655,589,160,58,0.7892,0,-1,-1
1566,65,1109,473,87,43,0.7506,0,-1,-1
1566,69,904,466,80,42,0.7402,0,-1,-1
1566,66,810,488,105,46,0.8199,0,-1,-1
1566,85,1362,444,77,37,0.7341,0,-1,-1
1566,62,7,727,187,102,0.8093,0,-1,-1
1566,81,29,544,143,59,0.7621,2,-1,-1
1566,79,825,539,147,52,0.7417,0,-1,-1
1566,105,1373,405,76,34,0.6758,0,-1,-1
1566,106,402,422,130,48,0.6261,0,-1,-1
1566,71,459,516,130,54,0.6893,0,-1,-1
1566,61,113,841,239,114,0.7122,0,-1,-1
1566,108,253,462,85,53,0.6243,2,-1,-1
1566,70,819,675,106,98,0.6058,0,-1,-1
1566,68,115,517,122,52,0.6316,2,-1,-1
1567,58,461,680,174,91,0.8366,0,-1,-1
1567,60,1385,621,175,76,0.8152,0,-1,-1
1567,63,1048,599,163,73,0.7759,0,-1,-1
1567,64,655,589,159,58,0.7827,0,-1,-1
1567,65,1109,473,88,43,0.7491,0,-1,-1
1567,69,904,466,81,41,0.7402,0,-1,-1
1567,66,810,487,106,47,0.8199,0,-1,-1
1567,85,1362,444,77,38,0.7311,0,-1,-1
1567,62,6,727,188,102,0.8056,0,-1,-1
1567,81,29,543,143,59,0.7606,2,-1,-1
1567,79,826,539,146,52,0.7520,0,-1,-1
1567,105,1374,405,75,35,0.6706,0,-1,-1
1567,106,402,422,131,48,0.6021,0,-1,-1
1567,71,460,515,129,55,0.6993,0,-1,-1
1567,61,112,840,239,116,0.6132,0,-1,-1
1567,108,253,463,86,51,0.7025,2,-1,-1
1567,68,117,517,120,52,0.6169,2,-1,-1
1568,58,460,679,174,92,0.8333,0,-1,-1
1568,60,1385,621,175,77,0.8278,0,-1,-1
1568,63,1047,600,164,72,0.7705,0,-1,-1
1568,64,654,589,161,57,0.7827,0,-1,-1
1568,65,1109,473,88,43,0.7491,0,-1,-1
1568,69,905,465,79,42,0.7311,0,-1,-1
1568,66,810,487,106,47,0.8210,0,-1,-1
1568,85,1363,444,77,38,0.7372,0,-1,-1
1568,62,7,726,188,103,0.7918,0,-1,-1
1568,81,29,543,144,59,0.7606,2,-1,-1
1568,79,826,539,146,52,0.7592,0,-1,-1
1568,105,1374,404,75,36,0.6775,0,-1,-1
1568,71,461,515,128,55,0.6993,0,-1,-1
1568,108,253,462,86,51,0.7122,2,-1,-1
1568,68,117,517,120,52,0.6261,2,-1,-1
1568,103,331,377,97,39,0.6021,0,-1,-1
1568,70,819,678,104,93,0.6188,0,-1,-1
1569,58,459,679,175,92,0.8278,0,-1,-1
1569,60,1385,620,175,79,0.8256,0,-1,-1
1569,63,1048,598,162,73,0.7746,0,-1,-1
1569,64,654,589,161,56,0.7840,0,-1,-1
1569,65,1110,473,87,44,0.7520,0,-1,-1
1569,69,905,464,79,43,0.7311,0,-1,-1
1569,66,810,487,106,46,0.8199,0,-1,-1
1569,85,1363,444,77,37,0.7402,0,-1,-1
1569,62,7,726,186,104,0.8019,0,-1,-1
1569,81,30,543,144,60,0.7417,2,-1,-1
1569,79,825,539,147,52,0.7746,0,-1,-1
1569,105,1375,404,75,36,0.6876,0,-1,-1
1569,71,462,516,127,53,0.7295,0,-1,-1
1569,108,253,462,87,51,0.6496,2,-1,-1
1569,70,818,679,105,92,0.7592,0,-1,-1
1570,58,459,678,176,93,0.8311,0,-1,-1
1570,60,1385,620,175,79,0.8256,0,-1,-1
1570,63,1048,598,161,72,0.7746,0,-1,-1
1570,64,654,588,161,56,0.7853,0,-1,-1
1570,65,1110,473,87,44,0.7432,0,-1,-1
1570,69,905,464,79,43,0.7387,0,-1,-1
1570,66,809,487,106,46,0.8233,0,-1,-1
1570,85,1364,444,76,37,0.7372,0,-1,-1
1570,62,6,725,187,104,0.7994,0,-1,-1
1570,81,32,544,145,59,0.7578,2,-1,-1
1570,79,825,539,147,52,0.7840,0,-1,-1
1570,105,1374,404,75,36,0.6584,0,-1,-1
1570,71,463,516,127,53,0.7295,0,-1,-1
1570,70,819,680,104,89,0.6876,0,-1,-1
1571,58,459,677,176,94,0.8278,0,-1,-1
1571,60,1385,619,175,79,0.8245,0,-1,-1
1571,63,1048,599,160,72,0.7732,0,-1,-1
1571,64,653,588,162,56,0.7866,0,-1,-1
1571,65,1110,473,87,44,0.7461,0,-1,-1
1571,69,905,464,79,43,0.7295,0,-1,-1
1571,66,809,487,106,45,0.8245,0,-1,-1
1571,85,1364,444,76,37,0.7326,0,-1,-1
1571,62,6,725,187,104,0.7918,0,-1,-1
1571,81,33,544,145,59,0.7649,2,-1,-1
1571,79,825,538,147,54,0.7840,0,-1,-1
1571,105,1374,404,75,36,0.6514,0,-1,-1
1571,71,464,516,126,53,0.7280,0,-1,-1
1571,70,820,681,102,86,0.6926,0,-1,-1
1572,58,459,678,176,92,0.8278,0,-1,-1
1572,60,1385,620,174,77,0.8311,0,-1,-1
1572,63,1047,599,162,73,0.7705,0,-1,-1
1572,64,654,588,161,56,0.7800,0,-1,-1
1572,65,1110,474,86,44,0.7432,0,-1,-1
1572,69,905,463,79,44,0.7432,0,-1,-1
1572,66,809,488,106,45,0.8267,0,-1,-1
1572,85,1365,443,75,38,0.7138,0,-1,-1
1572,62,5,725,188,103,0.7892,0,-1,-1
1572,81,33,545,147,57,0.7718,2,-1,-1
1572,79,825,538,147,54,0.7944,0,-1,-1
1572,105,1375,403,75,37,0.6584,0,-1,-1
1572,71,464,516,126,53,0.7461,0,-1,-1
1572,70,820,680,101,86,0.7264,0,-1,-1
1572,103,333,376,100,40,0.6637,0,-1,-1
1573,58,459,678,176,92,0.8267,0,-1,-1
1573,60,1385,620,173,77,0.8289,0,-1,-1
1573,63,1046,599,163,73,0.7705,0,-1,-1
1573,64,654,588,161,56,0.7800,0,-1,-1
1573,65,1110,474,86,44,0.7476,0,-1,-1
1573,69,905,463,80,43,0.7356,0,-1,-1
1573,66,809,488,106,45,0.8245,0,-1,-1
1573,85,1365,442,75,39,0.7233,0,-1,-1
1573,62,4,726,188,101,0.7649,0,-1,-1
1573,81,32,545,149,58,0.7773,2,-1,-1
1573,79,825,538,147,54,0.7840,0,-1,-1
1573,105,1374,403,77,37,0.6602,0,-1,-1
1573,71,463,517,127,51,0.7280,0,-1,-1
1573,70,820,680,100,85,0.6280,0,-1,-1
1573,103,334,375,101,42,0.7202,0,-1,-1
1574,58,460,679,175,91,0.8256,0,-1,-1
1574,60,1386,620,172,76,0.8289,0,-1,-1
1574,63,1047,599,161,74,0.7759,0,-1,-1
1574,64,654,585,161,60,0.7827,0,-1,-1
1574,65,1110,474,86,44,0.7476,0,-1,-1
1574,69,906,462,80,44,0.7372,0,-1,-1
1574,66,809,488,105,45,0.8256,0,-1,-1
1574,85,1365,442,75,39,0.7326,0,-1,-1
1574,62,3,726,188,101,0.8056,0,-1,-1
1574,81,32,545,150,58,0.7786,2,-1,-1
1574,79,825,539,146,52,0.7786,0,-1,-1
1574,105,1375,403,76,37,0.6619,0,-1,-1
1574,71,462,517,128,51,0.7432,0,-1,-1
1574,70,819,680,101,85,0.7025,0,-1,-1
1574,103,334,375,101,42,0.7090,0,-1,-1
1574,104,1646,308,31,16,0.6021,0,-1,-1
1574,61,110,841,241,112,0.7649,0,-1,-1
1575,58,460,679,175,93,0.8267,0,-1,-1
1575,60,1387,619,171,78,0.8210,0,-1,-1
1575,63,1045,600,163,74,0.7773,0,-1,-1
1575,64,653,585,162,61,0.7718,0,-1,-1
1575,65,1110,473,86,45,0.7491,0,-1,-1
1575,69,906,462,80,44,0.7402,0,-1,-1
1575,66,810,488,105,45,0.8278,0,-1,-1
1575,85,1365,443,76,38,0.7387,0,-1,-1
1575,62,3,727,188,101,0.7592,0,-1,-1
1575,81,33,544,149,58,0.7827,2,-1,-1
1575,79,825,538,147,54,0.7746,0,-1,-1
1575,105,1376,403,76,37,0.6689,0,-1,-1
1575,71,461,516,130,53,0.7186,0,-1,-1
1575,70,819,678,101,87,0.7138,0,-1,-1
1575,103,335,375,100,42,0.6567,0,-1,-1
1575,104,1646,307,31,16,0.6243,0,-1,-1
1575,61,110,838,241,113,0.7892,0,-1,-1
1576,58,460,680,174,91,0.8187,0,-1,-1
1576,60,1385,619,173,78,0.8129,0,-1,-1
1576,63,1044,600,164,73,0.7759,0,-1,-1
1576,64,653,588,162,58,0.7718,0,-1,-1
1576,65,1110,473,86,44,0.7447,0,-1,-1
1576,69,906,462,80,43,0.7476,0,-1,-1
1576,66,809,488,105,45,0.8256,0,-1,-1
1576,85,1365,444,77,38,0.7476,0,-1,-1
1576,62,4,727,187,100,0.7866,0,-1,-1
1576,81,34,543,147,59,0.7813,2,-1,-1
1576,79,826,538,146,53,0.7476,0,-1,-1
1576,105,1376,403,76,37,0.6637,0,-1,-1
1576,71,460,515,131,55,0.7249,0,-1,-1
1576,70,818,678,102,88,0.7372,0,-1,-1
1576,103,336,375,100,41,0.6261,0,-1,-1
1576,61,112,836,238,114,0.8199,0,-1,-1
1576,76,639,351,56,28,0.6151,0,-1,-1
1576,99,102,425,93,47,0.6077,2,-1,-1
1576,68,123,518,117,51,0.6740,2,-1,-1
1577,58,460,680,173,91,0.8199,0,-1,-1
1577,60,1385,619,173,78,0.8117,0,-1,-1
1577,63,1044,600,164,73,0.7786,0,-1,-1
1577,64,653,587,162,59,0.7691,0,-1,-1
1577,65,1110,472,86,45,0.7476,0,-1,-1
1577,69,906,463,81,43,0.7461,0,-1,-1
1577,66,810,488,104,45,0.8256,0,-1,-1
1577,85,1365,444,77,38,0.7461,0,-1,-1
1577,62,4,727,187,99,0.7773,0,-1,-1
1577,81,34,543,146,59,0.7840,2,-1,-1
1577,79,827,539,145,52,0.7461,0,-1,-1
1577,105,1377,401,75,38,0.6723,0,-1,-1
1577,71,461,515,130,55,0.7217,0,-1,-1
1577,70,817,677,103,90,0.7447,0,-1,-1
1577,103,337,375,99,41,0.6261,0,-1,-1
1577,61,112,836,237,114,0.8187,0,-1,-1
1577,76,640,350,56,29,0.6169,0,-1,-1
1577,99,103,425,92,47,0.6298,2,-1,-1
1577,68,123,518,117,51,0.6706,2,-1,-1
1578,58,457,676,176,97,0.8129,0,-1,-1
1578,60,1384,619,174,78,0.8105,0,-1,-1
1578,63,1044,600,164,71,0.7732,0,-1,-1
1578,64,653,585,162,60,0.7677,0,-1,-1
1578,65,1111,473,86,43,0.7476,0,-1,-1
1578,69,906,464,81,42,0.7402,0,-1,-1
1578,66,809,488,106,45,0.8245,0,-1,-1
1578,85,1366,443,77,40,0.7691,0,-1,-1
1578,62,5,727,186,99,0.8152,0,-1,-1
1578,81,35,542,147,59,0.7677,2,-1,-1
1578,79,826,539,146,52,0.7461,0,-1,-1
1578,105,1376,403,76,37,0.6723,0,-1,-1
1578,71,460,514,131,56,0.6960,0,-1,-1
1578,70,817,677,102,90,0.7249,0,-1,-1
1578,103,338,375,98,41,0.6077,0,-1,-1
1578,61,109,837,241,117,0.8019,0,-1,-1
1578,76,641,350,55,29,0.6280,0,-1,-1
1578,99,103,426,92,46,0.6723,2,-1,-1
1578,68,123,516,119,53,0.6706,2,-1,-1
1579,58,456,673,177,100,0.8164,0,-1,-1
1579,60,1384,619,174,78,0.8164,0,-1,-1
1579,63,1044,600,163,70,0.7705,0,-1,-1
1579,64,653,584,161,61,0.7759,0,-1,-1
1579,65,1111,473,87,43,0.7476,0,-1,-1
1579,69,906,465,80,41,0.7387,0,-1,-1
1579,66,809,488,107,45,0.8222,0,-1,-1
1579,85,1366,443,78,40,0.7677,0,-1,-1
1579,62,5,728,185,97,0.8117,0,-1,-1
1579,81,34,542,149,58,0.7606,2,-1,-1
1579,79,825,539,146,52,0.7578,0,-1,-1
1579,105,1375,403,77,37,0.6706,0,-1,-1
1579,71,461,513,129,57,0.6637,0,-1,-1
1579,70,817,679,102,88,0.7372,0,-1,-1
1579,61,108,836,241,116,0.7994,0,-1,-1
1579,99,104,426,92,46,0.6775,2,-1,-1
1579,68,122,516,119,53,0.6654,2,-1,-1
1580,58,455,672,178,101,0.8187,0,-1,-1
1580,60,1384,619,174,78,0.8187,0,-1,-1
1580,63,1044,600,163,70,0.7677,0,-1,-1
1580,64,652,583,162,62,0.7746,0,-1,-1
1580,65,1111,473,87,43,0.7461,0,-1,-1
1580,69,906,465,80,41,0.7372,0,-1,-1
1580,66,809,488,107,45,0.8210,0,-1,-1
1580,85,1366,443,78,40,0.7606,0,-1,-1
1580,62,5,728,185,97,0.8032,0,-1,-1
1580,81,34,542,149,58,0.7649,2,-1,-1
1580,79,825,539,146,52,0.7549,0,-1,-1
1580,105,1375,404,77,36,0.6758,0,-1,-1
1580,71,463,513,127,56,0.6188,0,-1,-1
1580,70,817,679,102,87,0.7341,0,-1,-1
1580,61,108,835,240,116,0.7840,0,-1,-1
1580,99,104,427,92,45,0.6758,2,-1,-1
1580,68,122,517,119,51,0.6549,2,-1,-1
1581,58,455,673,178,99,0.8129,0,-1,-1
1581,60,1384,619,174,78,0.8267,0,-1,-1
1581,63,1043,600,165,71,0.7635,0,-1,-1
1581,64,651,585,163,60,0.7786,0,-1,-1
1581,65,1111,473,87,43,0.7520,0,-1,-1
1581,69,906,465,80,41,0.7356,0,-1,-1
1581,66,809,488,107,45,0.8210,0,-1,-1
1581,85,1366,444,80,38,0.7506,0,-1,-1
1581,62,4,729,186,97,0.7154,0,-1,-1
1581,81,35,543,148,56,0.7535,2,-1,-1
1581,79,826,539,146,52,0.7202,0,-1,-1
1581,105,1375,405,77,35,0.6826,0,-1,-1
1581,70,816,678,103,89,0.7217,0,-1,-1
1581,61,108,837,238,115,0.7944,0,-1,-1
1582,58,455,675,178,96,0.8129,0,-1,-1
1582,60,1384,619,174,78,0.8300,0,-1,-1
1582,63,1043,600,165,70,0.7535,0,-1,-1
1582,64,651,585,162,61,0.7827,0,-1,-1
1582,65,1111,473,87,43,0.7491,0,-1,-1
1582,69,906,464,80,42,0.7417,0,-1,-1
1582,66,810,488,106,45,0.8187,0,-1,-1
1582,85,1367,444,79,38,0.7372,0,-1,-1
1582,62,4,729,186,98,0.6943,0,-1,-1
1582,81,35,543,149,55,0.7592,2,-1,-1
1582,79,826,539,146,53,0.7186,0,-1,-1
1582,105,1375,405,78,34,0.6549,0,-1,-1
1582,70,816,676,103,90,0.6876,0,-1,-1
1582,61,107,836,238,117,0.7705,0,-1,-1
1582,110,331,449,80,37,0.6406,2,-1,-1
1583,58,455,675,179,95,0.8129,0,-1,-1
1583,60,1383,619,175,78,0.8256,0,-1,-1
1583,63,1042,599,166,73,0.7535,0,-1,-1
1583,64,651,582,162,64,0.7827,0,-1,-1
1583,65,1111,473,87,44,0.7476,0,-1,-1
1583,69,906,464,80,42,0.7417,0,-1,-1
1583,66,810,488,106,45,0.8199,0,-1,-1
1583,85,1367,444,79,38,0.7402,0,-1,-1
1583,62,3,728,187,98,0.7090,0,-1,-1
1583,81,34,544,151,54,0.7606,2,-1,-1
1583,79,826,539,146,53,0.7326,0,-1,-1
1583,105,1375,406,78,33,0.6531,0,-1,-1
1583,70,815,675,104,92,0.6826,0,-1,-1
1583,61,106,835,238,119,0.7746,0,-1,-1
1583,110,332,449,78,37,0.6442,2,-1,-1
1583,76,645,352,52,27,0.6039,0,-1,-1
1583,68,123,517,120,53,0.6225,2,-1,-1
1584,58,455,676,178,95,0.8152,0,-1,-1
1584,60,1383,620,174,76,0.8267,0,-1,-1
1584,63,1043,598,166,75,0.7746,0,-1,-1
1584,64,651,580,162,67,0.7866,0,-1,-1
1584,65,1112,474,87,43,0.7476,0,-1,-1
1584,69,906,464,80,42,0.7432,0,-1,-1
1584,66,811,488,105,45,0.8210,0,-1,-1
1584,85,1367,444,80,38,0.7506,0,-1,-1
1584,62,2,727,187,99,0.7417,0,-1,-1
1584,81,34,543,150,56,0.7592,2,-1,-1
1584,79,826,539,146,53,0.7461,0,-1,-1
1584,105,1375,405,79,35,0.6334,0,-1,-1
1584,70,814,675,105,95,0.6876,0,-1,-1
1584,61,104,836,238,120,0.7009,0,-1,-1
1584,110,332,448,78,38,0.6926,2,-1,-1
1584,68,123,517,120,54,0.6132,2,-1,-1
1584,103,342,377,97,40,0.6002,0,-1,-1
1584,71,469,514,119,51,0.6298,0,-1,-1
1585,58,454,676,178,95,0.8152,0,-1,-1
1585,60,1383,620,173,76,0.8278,0,-1,-1
1585,63,1043,598,166,75,0.7786,0,-1,-1
1585,64,651,582,162,65,0.7813,0,-1,-1
1585,65,1112,474,87,43,0.7535,0,-1,-1
1585,69,906,463,81,42,0.7417,0,-1,-1
1585,66,811,488,105,46,0.8222,0,-1,-1
1585,85,1367,443,79,39,0.7535,0,-1,-1
1585,62,2,726,187,99,0.7621,0,-1,-1
1585,81,35,543,149,57,0.7432,2,-1,-1
1585,79,825,539,146,52,0.7535,0,-1,-1
1585,105,1374,405,80,35,0.6151,0,-1,-1
1585,70,813,675,105,95,0.6619,0,-1,-1
1585,61,103,835,239,119,0.6926,0,-1,-1
1585,110,333,448,78,39,0.6654,2,-1,-1
1585,68,124,517,120,54,0.6021,2,-1,-1
1585,71,468,514,120,51,0.6095,0,-1,-1
1585,108,259,463,84,48,0.6352,2,-1,-1
1586,58,454,675,177,95,0.8152,0,-1,-1
1586,60,1383,620,173,76,0.8300,0,-1,-1
1586,63,1043,598,166,76,0.7813,0,-1,-1
1586,64,652,583,160,65,0.7840,0,-1,-1
1586,65,1112,474,87,43,0.7520,0,-1,-1
1586,69,906,463,81,42,0.7432,0,-1,-1
1586,66,811,488,105,46,0.8222,0,-1,-1
1586,85,1368,443,78,40,0.7564,0,-1,-1
1586,62,2,726,187,98,0.7249,0,-1,-1
1586,81,35,543,149,58,0.7295,2,-1,-1
1586,79,825,539,146,52,0.7635,0,-1,-1
1586,70,813,675,106,95,0.6876,0,-1,-1
1586,61,103,833,240,120,0.6671,0,-1,-1
1586,110,332,447,79,41,0.6809,2,-1,-1
1586,71,468,513,121,52,0.6460,0,-1,-1
1586,108,260,463,84,48,0.6114,2,-1,-1
1587,58,454,676,176,95,0.8267,0,-1,-1
1587,60,1384,620,172,76,0.8311,0,-1,-1
1587,63,1044,599,164,74,0.7866,0,-1,-1
1587,64,652,583,160,65,0.7827,0,-1,-1
1587,65,1111,474,88,43,0.7578,0,-1,-1
1587,69,907,463,80,42,0.7461,0,-1,-1
1587,66,811,489,105,44,0.8222,0,-1,-1
1587,85,1368,444,78,39,0.7372,0,-1,-1
1587,62,2,726,186,98,0.7476,0,-1,-1
1587,81,34,542,148,59,0.7432,2,-1,-1
1587,79,825,539,146,52,0.7746,0,-1,-1
1587,70,813,674,104,95,0.6943,0,-1,-1
1587,61,103,832,239,121,0.7295,0,-1,-1
1587,110,332,447,79,41,0.6406,2,-1,-1
1587,71,468,513,122,53,0.6893,0,-1,-1
1587,108,260,463,86,48,0.6442,2,-1,-1
1588,58,453,675,177,96,0.8256,0,-1,-1
1588,60,1383,620,174,76,0.8233,0,-1,-1
1588,63,1045,599,162,73,0.7879,0,-1,-1
1588,64,652,582,160,65,0.7840,0,-1,-1
1588,65,1111,475,89,42,0.7564,0,-1,-1
1588,69,907,463,80,42,0.7447,0,-1,-1
1588,66,811,489,105,44,0.8222,0,-1,-1
1588,85,1368,444,78,38,0.7341,0,-1,-1
1588,62,2,726,186,98,0.7356,0,-1,-1
1588,81,35,543,146,59,0.6960,2,-1,-1
1588,79,825,539,146,52,0.7813,0,-1,-1
1588,70,813,673,104,95,0.7264,0,-1,-1
1588,61,100,833,241,120,0.7491,0,-1,-1
1588,71,467,513,123,53,0.7106,0,-1,-1
1588,105,1376,406,71,33,0.6225,0,-1,-1
1589,58,452,674,177,98,0.8300,0,-1,-1
1589,60,1383,619,175,78,0.8152,0,-1,-1
1589,63,1045,599,162,73,0.7879,0,-1,-1
1589,64,653,582,159,65,0.7969,0,-1,-1
1589,65,1111,475,89,42,0.7621,0,-1,-1
1589,69,907,462,81,44,0.7476,0,-1,-1
1589,66,811,488,105,45,0.8222,0,-1,-1
1589,85,1368,444,78,38,0.7249,0,-1,-1
1589,62,2,726,186,98,0.7520,0,-1,-1
1589,81,36,544,144,57,0.6352,2,-1,-1
1589,79,825,539,146,52,0.7931,0,-1,-1
1589,70,813,674,104,94,0.7402,0,-1,-1
1589,61,97,834,244,121,0.7372,0,-1,-1
1589,71,468,514,122,51,0.7233,0,-1,-1
1589,105,1376,406,71,33,0.6334,0,-1,-1
1589,110,333,447,79,41,0.6132,2,-1,-1
1590,58,451,673,179,99,0.8233,0,-1,-1
1590,60,1382,619,176,79,0.8056,0,-1,-1
1590,63,1045,599,162,73,0.7746,0,-1,-1
1590,64,653,582,159,65,0.7944,0,-1,-1
1590,65,1112,475,88,42,0.7549,0,-1,-1
1590,69,908,462,79,43,0.7447,0,-1,-1
1590,66,811,488,105,45,0.8187,0,-1,-1
1590,85,1369,444,78,38,0.7186,0,-1,-1
1590,62,3,726,185,97,0.7759,0,-1,-1
1590,81,38,544,142,57,0.6298,2,-1,-1
1590,79,825,539,146,52,0.7827,0,-1,-1
1590,70,812,678,103,90,0.7009,0,-1,-1
1590,61,101,835,240,119,0.7813,0,-1,-1
1590,71,469,514,120,51,0.7122,0,-1,-1
1590,105,1378,405,69,34,0.6406,0,-1,-1
1590,68,130,518,113,52,0.6316,2,-1,-1
1591,58,449,672,181,102,0.8233,0,-1,-1
1591,60,1381,619,176,81,0.8019,0,-1,-1
1591,63,1044,599,162,73,0.7705,0,-1,-1
1591,64,654,581,158,67,0.7994,0,-1,-1
1591,65,1112,475,88,42,0.7549,0,-1,-1
1591,69,908,462,80,43,0.7491,0,-1,-1
1591,66,811,487,106,45,0.8187,0,-1,-1
1591,85,1369,444,78,38,0.7106,0,-1,-1
1591,62,4,726,184,97,0.8278,0,-1,-1
1591,81,41,543,140,57,0.6775,2,-1,-1
1591,79,825,539,146,52,0.7813,0,-1,-1
1591,70,812,679,103,89,0.6654,0,-1,-1
1591,61,102,836,239,119,0.6876,0,-1,-1
1591,71,469,514,120,51,0.7311,0,-1,-1
1591,105,1378,406,69,33,0.6442,0,-1,-1
1592,58,449,672,181,103,0.8199,0,-1,-1
1592,60,1381,619,176,81,0.8044,0,-1,-1
1592,63,1045,599,160,73,0.7732,0,-1,-1
1592,64,654,582,157,65,0.7994,0,-1,-1
1592,65,1112,475,88,42,0.7535,0,-1,-1
1592,69,907,462,81,43,0.7476,0,-1,-1
1592,66,812,487,105,45,0.8164,0,-1,-1
1592,85,1369,444,78,38,0.7106,0,-1,-1
1592,62,4,726,184,96,0.8141,0,-1,-1
1592,81,42,543,139,57,0.7009,2,-1,-1
1592,79,825,539,146,52,0.7800,0,-1,-1
1592,70,812,679,102,90,0.6370,0,-1,-1
1592,61,102,837,239,119,0.6280,0,-1,-1
1592,71,469,514,120,51,0.7295,0,-1,-1
1592,105,1378,406,69,33,0.6514,0,-1,-1
1593,58,449,673,180,101,0.8176,0,-1,-1
1593,60,1380,618,176,82,0.8032,0,-1,-1
1593,63,1044,599,160,74,0.7535,0,-1,-1
1593,64,654,582,158,65,0.7994,0,-1,-1
1593,65,1112,474,88,42,0.7461,0,-1,-1
1593,69,907,461,81,44,0.7549,0,-1,-1
1593,66,812,487,105,45,0.8152,0,-1,-1
1593,85,1369,444,79,38,0.7025,0,-1,-1
1593,62,4,727,184,95,0.7154,0,-1,-1
1593,81,43,543,140,56,0.7249,2,-1,-1
1593,79,825,540,146,50,0.7705,0,-1,-1
1593,61,100,835,241,119,0.6706,0,-1,-1
1593,71,469,515,120,49,0.7233,0,-1,-1
1593,105,1379,405,68,34,0.6514,0,-1,-1
1593,103,346,375,97,41,0.6723,0,-1,-1
1594,58,449,673,178,99,0.8164,0,-1,-1
1594,60,1380,618,175,82,0.7982,0,-1,-1
1594,63,1044,599,160,74,0.7592,0,-1,-1
1594,64,654,582,157,65,0.7944,0,-1,-1
1594,65,1113,474,86,42,0.7461,0,-1,-1
1594,69,907,460,81,45,0.7549,0,-1,-1
1594,66,812,487,105,45,0.8164,0,-1,-1
1594,85,1370,444,78,38,0.7009,0,-1,-1
1594,62,3,727,184,95,0.6775,0,-1,-1
1594,81,44,544,140,54,0.7202,2,-1,-1
1594,79,824,539,148,50,0.7918,0,-1,-1
1594,71,468,515,121,50,0.7461,0,-1,-1
1594,105,1379,405,69,34,0.6496,0,-1,-1
1594,103,346,375,96,41,0.6619,0,-1,-1
